
Output/Debug/Exe/mixer_predictive_triggering.elf:     file format elf32-littlearm

SYMBOL TABLE:
00000000 l    d  .vectors	00000000 .vectors
000000f8 l    d  .init	00000000 .init
00000534 l    d  .text	00000000 .text
000058b8 l    d  .rodata	00000000 .rodata
00006978 l    d  gpi_profile_info	00000000 gpi_profile_info
20000000 l    d  .fast_run	00000000 .fast_run
20000000 l    d  .data	00000000 .data
20000000 l    d  .data_run	00000000 .data_run
200000a0 l    d  .bss	00000000 .bss
2000049c l    d  .tbss	00000000 .tbss
200004a0 l    d  .tdata_run	00000000 .tdata_run
200004a0 l    d  .heap	00000000 .heap
2003ff00 l    d  .stack	00000000 .stack
20040000 l    d  .stack_process	00000000 .stack_process
00000000 l    d  .debug_frame	00000000 .debug_frame
00000000 l    d  .debug_info	00000000 .debug_info
00000000 l    d  .debug_abbrev	00000000 .debug_abbrev
00000000 l    d  .debug_pubnames	00000000 .debug_pubnames
00000000 l    d  .debug_pubtypes	00000000 .debug_pubtypes
00000000 l    d  .debug_aranges	00000000 .debug_aranges
00000000 l    d  .debug_ranges	00000000 .debug_ranges
00000000 l    d  .debug_macro	00000000 .debug_macro
00000000 l    d  .debug_line	00000000 .debug_line
00000000 l    d  .debug_str	00000000 .debug_str
00000000 l    d  .comment	00000000 .comment
00000000 l    d  .ARM.attributes	00000000 .ARM.attributes
00000000 l    d  .debug_loc	00000000 .debug_loc
00000000 l    df *ABS*	00000000 Output/Debug/Obj/mixer_predictive_triggering/ses_nrf52840_Vectors.o
000004da l     F .init	00000000 Dummy_Handler
000000f8 l       .vectors	00000000 _vectors_end
00000000 l    df *ABS*	00000000 system_nrf52840.c
00000000 l    df *ABS*	00000000 Output/Debug/Obj/mixer_predictive_triggering/thumb_crt0.o
000003e6 l     F .init	00000000 memory_copy
000003fc l     F .init	00000000 memory_set
000003c6 l       .init	00000000 ctor_loop
000003d6 l       .init	00000000 ctor_end
000003dc l     F .init	00000000 start
000003e4 l       .init	00000000 exit_loop
00000000 l    df *ABS*	00000000 Output/Debug/Obj/mixer_predictive_triggering/ses_nRF_Startup.o
e000ed08 l       *ABS*	00000000 VTOR_REG
e000ed88 l       *ABS*	00000000 FPU_CPACR_REG
00000000 l    df *ABS*	00000000 main.c
00000534 l     F .text	00000170 agg_rx_cb
200000a0 l     O .bss	00000006 agg_input
200000a8 l     O .bss	00000003 all_currTrigger
200000ac l     O .bss	00000003 all_priorities
200000b0 l     O .bss	0000000c all_radio_on_time
200000bc l     O .bss	00000003 all_ranks
200000c0 l     O .bss	00000003 all_slot_full_rank
200000c4 l     O .bss	00000003 all_versions
200000c8 l     O .bss	00000004 control_msg_decoded
200000cc l     O .bss	00000001 hash
200000d0 l     O .bss	00000004 initiator_msg_decoded
200000d4 l     O .bss	00000004 msgs_not_decoded
200000d8 l     O .bss	00000004 msgs_weak
200000dc l     O .bss	00000004 msgs_weak_fake
200000e0 l     O .bss	00000001 node_id
200000e4 l     O .bss	00000004 prio_msg_decoded
200000e8 l     O .bss	00000004 radio_on_time
200000ec l     O .bss	00000001 rank
200000f0 l     O .bss	00000004 round
200000f4 l     O .bss	00000001 slot_full_rank
20000008 l     O .data	00000021 bolt_agg_pkt
00005924 l       .rodata	00000000 .LC3
00000000 l    df *ABS*	00000000 bolt.c
200000f8 l     O .bss	00000040 rx_buffer
20000138 l     O .bss	00000040 tx_buffer
20000029 l     O .data	00000001 bolt_state
00000000 l    df *ABS*	00000000 gpi.c
00006978 l     O gpi_profile_info	0000000c gpi_profile_info_setup
00000000 l    df *ABS*	00000000 mixer.c
00000000 l    df *ABS*	00000000 mixer_history.c
0000229c l     F .text	00000044 append_node
000022e0 l     F .text	00000074 unlink_node
2000041c l     O .bss	00000003 met_nodes
00000000 l    df *ABS*	00000000 mixer_processing.c
00002584 l     F .text	00000160 update_full_rank_map
20000420 l     O .bss	00000004 i.12201
20000424 l     O .bss	00000002 last_owner_update.11815
20000426 l     O .bss	00000002 owner.11814
20000428 l     O .bss	00000002 owner_forecast.11816
2000042c l     O .bss	00000004 p.12098
20000438 l     O .bss	00000002 pt_decode.12171
2000043c l     O .bss	00000004 rx_queue_num_read_update
000064d4 l     O .rodata	00000020 LUT.12008
00000000 l    df *ABS*	00000000 mixer_rand.c
20000088 l     O .data	00000004 rand_state
00000000 l    df *ABS*	00000000 mixer_request.c
00000000 l    df *ABS*	00000000 mixer_internal.c
00000000 l    df *ABS*	00000000 mixer_transport_ble.c
00003c00 l     F .text	00000084 start_grid_timer
20000440 l     O .bss	00000058 s
000066ec l     O .rodata	0000001b LUT1.11235
00006708 l     O .rodata	00000007 LUT2.11236
00000000 l    df *ABS*	00000000 libc2.c
00004dc8 l     F .text	0000001c __RAL_ascii_isctype
00004de4 l     F .text	0000000c __RAL_ascii_toupper
00004df0 l     F .text	0000000c __RAL_ascii_tolower
00004dfc l     F .text	0000001c __RAL_ascii_iswctype
00004e18 l     F .text	0000000c __RAL_ascii_towupper
00004e24 l     F .text	0000000c __RAL_ascii_towlower
0000679c l     O .rodata	0000000d __RAL_ascii_ctype_mask
00000000 l       .tbss	00000004 errno_val
00000000 l       .tbss	00000000 .LANCHOR19
00000000 l    df *ABS*	00000000 libc2_asm.o
00000000 l    df *ABS*	00000000 libvfprintf.c
00000000 l    df *ABS*	00000000 libc.c
00000000 l    df *ABS*	00000000 mixer_discovery.c
00000000 l    df *ABS*	00000000 memxor.c
00000000 l    df *ABS*	00000000 
00000000 l       .tbss	00000000 _TLS_MODULE_BASE_
000058b0 l     F .text	00000008 __memxor_block_core_veneer
00001aac g     F .text	00000048 debug_putchar
00006a24 g       *ABS*	00000000 __tdata_load_start__
000058b8 g       .text	00000000 __text_load_end__
000004f0  w    F .init	00000000 TIMER2_IRQHandler
000004d4  w    F .init	00000000 DebugMon_Handler
20040000 g       .stack	00000000 __stack_load_end__
000004f2  w    F .init	00000000 RTC0_IRQHandler
00004d2c g     F .text	00000084 mixer_transport_set_next_slot_task
0000256c g     F .text	00000018 mx_clear_full_rank_map
00001990 g     F .text	00000018 gpi_sleep
00004e30 g     F .text	0000000e __RAL_ascii_wctomb
20000000 g       .data	00000000 __data_start__
200004a0 g       .tdata_run	00000000 __tdata_start__
00006984 g       gpi_profile_info	00000000 __gpi_profile_info_end__
00004dbc  w      .text	00000000 __aeabi_read_tp
00005034  w    F .text	00000040 printf
00001558 g     F .text	000000d0 gpi_radio_set_channel
00001380 g     F .text	00000080 bolt_init
00000504  w    F .init	00000000 SWI0_EGU0_IRQHandler
00000000 g       *ABS*	00000000 __FLASH_segment_start__
00002168 g     F .text	000000c4 mixer_read
000004ca  w    F .init	00000000 HardFault_Handler
00000000 g       .vectors	00000000 __vectors_start__
00001628 g     F .text	00000014 gpi_radio_ble_set_access_address
200004a0 g       .tdata_run	00000000 __non_init_load_end__
00006984 g       *ABS*	00000000 __data_load_start__
00000508  w    F .init	00000000 SWI2_EGU2_IRQHandler
00004e62 g     F .text	00000034 __putc
00006a24 g       *ABS*	00000000 __FLASH_segment_used_size__
000004d8  w    F .init	00000000 SysTick_Handler
000004e8  w    F .init	00000000 GPIOTE_IRQHandler
00004aa8 g     F .text	000000a0 mixer_transport_init
0000691c g     O .rodata	00000009 __RAL_c_locale_time_format
0000051a  w    F .init	00000000 PWM1_IRQHandler
200004a0 g       .tdata_run	00000000 __non_init_end__
000010bf g       *ABS*	00000000 __rodata_size__
000004d6  w    F .init	00000000 PendSV_Handler
000004c8  w    F .init	00000000 NMI_Handler
000000a0 g       *ABS*	00000000 __data_size__
000058b8 g       *ABS*	00000000 __dtors_load_start__
00001e98 g     F .text	0000000c mixer_set_weak_release_slot
00000000 g       .vectors	00000000 _vectors
00006984 g       .fast_run	00000000 __exidx_end
20000000 g       .data_run	00000000 __data_run_start__
000004dc  w    F .init	00000000 POWER_CLOCK_IRQHandler
000058b8 g       .text	00000000 __text_end__
00004058 g     F .text	00000030 RADIO_IRQHandler
00006984 g       gpi_profile_info	00000000 __gpi_profile_info_load_end__
00000534 g       .text	00000000 __text_start__
00004e96 g     F .text	0000001c __RAL_print_padding
00006984 g       *ABS*	00000000 __ARM.exidx_load_start__
00006a24 g       *ABS*	00000000 __tdata_load_end__
00004c54 g     F .text	0000001c mixer_transport_arm_initiator
20000000 g       .vectors	00000000 __vectors_ram_start__
00000516  w    F .init	00000000 PDM_IRQHandler
2000049c g       *ABS*	00000000 __tbss_load_start__
00000000 g       *ABS*	00000000 __fast_size__
00004eb2 g     F .text	0000001a __RAL_pre_padding
000004f4  w    F .init	00000000 TEMP_IRQHandler
00000500  w    F .init	00000000 QDEC_IRQHandler
00006978 g       gpi_profile_info	00000000 __gpi_profile_info_start__
00000510  w    F .init	00000000 TIMER3_IRQHandler
00006984 g       *ABS*	00000000 __fast_load_end__
0000515c  w    F .text	00000000 memcpy
00005384 g       *ABS*	00000000 __text_size__
00000530  w    F .init	00000000 PWM3_IRQHandler
000011d0 g     F .text	00000030 bolt_release
00001aac  w    F .text	00000048 __putchar
00006a24 g       *ABS*	00000000 __data_load_end__
000058aa  w    F .text	00000002 __printf_unlock
0000694c g     O .rodata	00000002 __RAL_data_utf8_period
00006950 g     O .rodata	00000010 __RAL_hex_lc
00000000 g     F *ABS*	00000000 __do_debug_operation
00004eea  w    F .text	0000000a islower
00000524  w    F .init	00000000 FPU_IRQHandler
00000526  w    F .init	00000000 USBD_IRQHandler
20000000 g     O .data	00000004 SystemCoreClock
00006977 g       .rodata	00000000 __rodata_end__
000004e2  w    F .init	00000000 SPIM0_SPIS0_TWIM0_TWIS0_SPI0_TWI0_IRQHandler
0000000c g       *ABS*	00000000 __gpi_profile_info_size__
00004c70 g     F .text	000000bc mixer_transport_start
000004d0  w    F .init	00000000 UsageFault_Handler
00002004 g     F .text	000000a4 mixer_arm
00000000 g       *ABS*	00000000 __init_rodata_size__
20040000 g       .stack_process	00000000 __stack_process_load_end__
200004a0 g       .tdata_run	00000000 __non_init_start__
0000515c  w    F .text	00000000 __aeabi_memcpy
20000430 g     O .bss	00000006 pt_data
000004e0  w    F .init	00000000 UARTE0_UART0_IRQHandler
00006984 g       .fast_run	00000000 __ARM.exidx_start__
200005a0 g       .heap	00000000 __heap_end__
200000a0 g       .bss	00000000 __bss_start__
00000512  w    F .init	00000000 TIMER4_IRQHandler
2000008c g     O .data	00000014 __RAL_global_locale
00004f44  w    F .text	00000014 __aeabi_errno_addr
00006814 g     O .rodata	00000058 __RAL_c_locale_data
200004a0 g       .tbss	00000000 __tbss_load_end__
00004f3a  w    F .text	0000000a isspace
00003c84 g     F .text	000003d4 RADIO_IRQHandler_
000020a8 g     F .text	000000c0 mixer_start
00000000 g       *ABS*	00000000 __ARM.exidx_size__
20000000 g       *ABS*	00000000 __RAM_segment_start__
00040000 g       *ABS*	00000000 __RAM_segment_size__
0000671c g     O .rodata	00000080 __RAL_ascii_ctype_map
00002294 g     F .text	00000008 mixer_statistics
00006984 g       .fast_run	00000000 __exidx_start
00005168  w    F .text	00000000 __aeabi_memcpy4
20000000 g       .fast_run	00000000 __fast_run_end__
20000498 g     O .bss	00000004 __user_format_extender
00001eb0 g     F .text	00000154 mixer_write
00003a40 g     F .text	0000000c mixer_rand_seed
000058b8 g       .rodata	00000000 __dtors_load_end__
0000052c  w    F .init	00000000 CRYPTOCELL_IRQHandler
00006978 g       *ABS*	00000000 __gpi_profile_info_load_start__
20000000 g       .vectors	00000000 __vectors_ram_end__
00001790 g     F .text	00000200 gpi_platform_init
00000522  w    F .init	00000000 I2S_IRQHandler
00005096  w    F .text	000000a6 strtol
00005274 g     F .text	00000632 __vfprintf_long
00005074  w    F .text	00000022 strnlen
0000050c  w    F .init	00000000 SWI4_EGU4_IRQHandler
000024cc g     F .text	000000a0 mx_purge_history
00001368 g     F .text	00000018 bolt_status
00004088 g     F .text	00000020 TIMER0_IRQHandler
00003a4c g     F .text	0000001c mixer_rand
00000488 g     F .init	00000000 Reset_Handler
00005274 g     F .text	00000000 __vfprintf
00000528  w    F .init	00000000 UARTE1_IRQHandler
00000100 g       *ABS*	00000000 __STACKSIZE__
000067ac g     O .rodata	0000000c __RAL_c_locale
000000f8 g       .vectors	00000000 __vectors_end__
000058a8  w    F .text	00000002 __printf_lock
000058b8 g       .rodata	00000000 __ctors_start__
00100000 g       *ABS*	00000000 __FLASH_segment_size__
00004a78 g     F .text	00000030 grid_timer_isr
00005168  w    F .text	00000000 __aeabi_memcpy8
00000000 g       *ABS*	00000000 __stack_process_size__
00000534 g       .text	00000000 __init_rodata_load_end__
000004ee  w    F .init	00000000 TIMER1_IRQHandler
20000000 g       .fast_run	00000000 __fast_start__
00006984 g       *ABS*	00000000 __fast_load_start__
00000000 g       *ABS*	00000000 __vectors_ram_size__
00000100 g       *ABS*	00000000 __heap_size__
0000052e  w    F .init	00000000 SPIM3_IRQHandler
000068c4 g     O .rodata	00000057 __RAL_c_locale_month_names
0000051c  w    F .init	00000000 PWM2_IRQHandler
00004efe g     F .text	0000003c __digit
00000534 g       *ABS*	00000000 __init_rodata_load_start__
200000a0 g       .data	00000000 __data_end__
000004f8  w    F .init	00000000 ECB_IRQHandler
00000000 g       *ABS*	00000000 __non_init_size__
00001454 g     F .text	00000024 gpi_micro_sleep
00003bdc g     F .text	00000024 mx_get_leading_index
000058b8 g       .rodata	00000000 __rodata_start__
20000004 g     O .data	00000002 TOS_NODE_ID
2000049c g       .bss	00000000 __bss_end__
000004e4  w    F .init	00000000 SPIM1_SPIS1_TWIM1_TWIS1_SPI1_TWI1_IRQHandler
00000534 g       .text	00000000 __init_rodata_end__
00000000 g       *ABS*	00000000 __fast_run_size__
00000000 g       *ABS*	00000000 __tdata_run_size__
00000334 g     F .init	00000000 _start
000000f8 g       *ABS*	00000000 __vectors_size__
200004a0 g       .tdata_run	00000000 __tdata_run_start__
20040000 g       .stack_process	00000000 __stack_process_start__
0000422c g     F .text	0000084c grid_timer_isr_
00002354 g     F .text	00000100 mx_init_history
00001d0c g     F .text	0000000c mixer_init_agg
0000680c g     O .rodata	00000007 __RAL_c_locale_am_pm_indicator
00004ee0  w    F .text	0000000a isupper
00002454 g     F .text	00000078 mx_update_history
00000534 g       .init	00000000 __init_load_end__
200004a0 g       .tdata_run	00000000 __tdata_run_load_end__
000041fc g     F .text	00000030 timeout_isr
00005d9c g     O .rodata	00000100 gpi_popcnt_lut
000067b8 g     O .rodata	0000001d __RAL_c_locale_abbrev_day_names
00001bc4 g     F .text	00000148 mixer_init
000040a8 g     F .text	00000154 timeout_isr_
00001400 g     F .text	0000002c bolt_flush
200005a0 g       .heap	00000000 __heap_load_end__
00000534 g       *ABS*	00000000 __text_load_start__
20040000 g       *ABS*	00000000 __RAM_segment_used_end__
000003fc g       *ABS*	00000000 __bss_size__
00006948 g     O .rodata	00000001 __RAL_data_empty_string
20040000 g       *ABS*	00000000 __RAM_segment_end__
20000000 g       .fast_run	00000000 __fast_run_load_end__
00003aa0 g     F .text	0000013c mx_update_request
000006a4 g     F .text	0000001a all_flags_set
00006960 g     O .rodata	00000010 __RAL_hex_uc
000004ea  w    F .init	00000000 SAADC_IRQHandler
000051ae  w    F .text	00000000 memset
000006c0 g     F .text	00000a2c main
20000000 g       .fast_run	00000000 __fast_run_start__
00001d3c g     F .text	0000015c mixer_print_config
00001200 g     F .text	000000a0 bolt_read
000014b8 g     F .text	00000090 gpi_radio_dbm_to_power_level
00000004 g       *ABS*	00000000 __tbss_size__
00006878 g     O .rodata	0000000f __RAL_c_locale_date_time_format
000004fa  w    F .init	00000000 CCM_AAR_IRQHandler
000004fc  w    F .init	00000000 WDT_IRQHandler
0000163c g     F .text	00000154 gpi_radio_init
000004d2  w    F .init	00000000 SVC_Handler
000058b8 g       .rodata	00000000 __dtors_end__
20000178 g     O .bss	00000004 gpi_wakeup_event
00001d34 g     F .text	00000008 mixer_read_agg
00001b20  w    F .text	00000030 getchar
200004a0 g       .heap	00000000 __heap_start__
0000686c g     O .rodata	00000009 __RAL_c_locale_date_format
200004a0 g       *ABS*	00000000 __non_init_load_start__
000010ec g     F .text	000000e4 bolt_acquire
0000050e  w    F .init	00000000 SWI5_EGU5_IRQHandler
000019f8 g     F .text	000000b4 gpi_nrf_uicr_write
000058b8 g       *ABS*	00000000 __rodata_load_start__
000000f8 g       *ABS*	00000000 __init_load_start__
000058b8 g       .rodata	00000000 __ctors_end__
000000f8 g     F .init	0000023c SystemInit
000004f6  w    F .init	00000000 RNG_IRQHandler
00000100 g       *ABS*	00000000 __stack_size__
000000f8 g       .init	00000000 __init_start__
00003358 g     F .text	000005e0 mixer_process_rx_data
000019a8 g     F .text	00000050 gpi_nrf_uicr_erase
00006984 g       .fast_run	00000000 __ARM.exidx_end__
000012a0 g     F .text	000000c8 bolt_write
00000520  w    F .init	00000000 RTC2_IRQHandler
00000000 g       *ABS*	00000000 __tdata_size__
00000514  w    F .init	00000000 PWM0_IRQHandler
0000050a  w    F .init	00000000 SWI3_EGU3_IRQHandler
200000a0 g       .data_run	00000000 __data_run_end__
2000002a g     F .data	0000005e memxor_block_core
200000a0 g       *ABS*	00000000 __bss_load_start__
00100000 g       *ABS*	00000000 __FLASH_segment_end__
00001b50 g     F .text	00000074 getsn
20040000 g       *ABS*	00000000 __stack_process_load_start__
000000f8 g       .vectors	00000000 __vectors_load_end__
00006304 g     O .rodata	00000004 MX_DISCOVERY_EXIT_SLOT_LUT_3
00006888 g     O .rodata	0000003a __RAL_c_locale_day_names
00000100 g       *ABS*	00000000 __HEAPSIZE__
200004a0 g       *ABS*	00000000 __heap_load_start__
00003938 g     F .text	00000108 mixer_maintenance
000004fe  w    F .init	00000000 RTC1_IRQHandler
00004b48 g     F .text	0000010c mixer_transport_print_config
00001d18 g     F .text	0000001c mixer_write_agg
00000534 g       .text	00000000 __init_rodata_start__
00000506  w    F .init	00000000 SWI1_EGU1_IRQHandler
20040000 g       .stack_process	00000000 __stack_process_end__
0000142c g     F .text	00000028 gpi_milli_sleep
00004ef4  w    F .text	0000000a isdigit
0000222c g     F .text	00000068 mixer_stat_slot
2003ff00 g       *ABS*	00000000 __stack_load_start__
00000000 g       *ABS*	00000000 __STACKSIZE_PROCESS__
200004a0 g       .tdata_run	00000000 __tdata_end__
0000051e  w    F .init	00000000 SPIM2_SPIS2_SPI2_IRQHandler
000004e6  w    F .init	00000000 NFCT_IRQHandler
000003e4  w    F .init	00000000 exit
00006984 g       .fast_run	00000000 __ARM.exidx_load_end__
000026e4 g     F .text	00000a00 mixer_update_slot
0000513c  w    F .text	00000020 atoi
00006977 g       .rodata	00000000 __rodata_load_end__
00000000 g       *ABS*	00000000 __vectors_load_start__
00001478 g     F .text	00000040 gpi_radio_get_mode
00004db0 g     F .text	0000000c mixer_transport_get_next_slot_task
000004ce  w    F .init	00000000 BusFault_Handler
00004ecc g     F .text	00000014 __RAL_isctype
000000a0 g       *ABS*	00000000 __data_run_size__
00000534 g       .init	00000000 __init_end__
00006928 g     O .rodata	00000020 __RAL_codeset_ascii
00001ea4 g     F .text	0000000c mixer_set_weak_return_msg
00005214  w    F .text	00000000 strlen
0000043c g       *ABS*	00000000 __init_size__
000058b8 g       *ABS*	00000000 __ctors_load_start__
000058b8 g       .rodata	00000000 __dtors_start__
00000000 g     F *ABS*	00000000 __vfscanf
200004a0 g       .tdata_run	00000000 __tdata_run_end__
00040000 g       *ABS*	00000000 __RAM_segment_used_size__
00004dc4  w    F .text	00000000 __assert
00004f58 g     F .text	000000dc __strtoul
20000000 g       .vectors	00000000 __vectors_ram_load_end__
20040000 g       .stack	00000000 __stack_end__
00000518  w    F .init	00000000 MWU_IRQHandler
2000049c g       .tbss	00000000 __tbss_start__
20000000 g       .fast_run	00000000 __fast_end__
000004cc  w    F .init	00000000 MemoryManagement_Handler
0000052a  w    F .init	00000000 QSPI_IRQHandler
200004a0 g       .tbss	00000000 __tbss_end__
2000017c g     O .bss	000002a0 mx
000030e4 g     F .text	00000274 mixer_decode
00000502  w    F .init	00000000 COMP_LPCOMP_IRQHandler
00006a24 g       *ABS*	00000000 __FLASH_segment_used_end__
2003ff00 g       .stack	00000000 __stack_start__
200000a0 g       .data_run	00000000 __data_run_load_end__
00004e3e g     F .text	00000024 __RAL_ascii_mbtowc
00001af4 g     F .text	0000002c gpi_stdin_flush
000067d8 g     O .rodata	00000031 __RAL_c_locale_abbrev_month_names
00000000 g       *ABS*	00000000 __ctors_size__
00001548 g     F .text	00000010 gpi_radio_set_tx_power
20000000 g       *ABS*	00000000 __vectors_ram_load_start__
00000000 g       *ABS*	00000000 __dtors_size__
000058b8 g       .rodata	00000000 __ctors_load_end__
00003a68 g     F .text	00000038 mx_request_clear
2000049c g       .bss	00000000 __bss_load_end__



Disassembly of section .vectors:

00000000 <__vectors_start__>:
   0:	20040000 	.word	0x20040000
   4:	00000489 	.word	0x00000489
   8:	000004c9 	.word	0x000004c9
   c:	000004cb 	.word	0x000004cb
  10:	000004cd 	.word	0x000004cd
  14:	000004cf 	.word	0x000004cf
  18:	000004d1 	.word	0x000004d1
	...
  2c:	000004d3 	.word	0x000004d3
  30:	000004d5 	.word	0x000004d5
  34:	00000000 	.word	0x00000000
  38:	000004d7 	.word	0x000004d7
  3c:	000004d9 	.word	0x000004d9
  40:	000004dd 	.word	0x000004dd
  44:	00004059 	.word	0x00004059
  48:	000004e1 	.word	0x000004e1
  4c:	000004e3 	.word	0x000004e3
  50:	000004e5 	.word	0x000004e5
  54:	000004e7 	.word	0x000004e7
  58:	000004e9 	.word	0x000004e9
  5c:	000004eb 	.word	0x000004eb
  60:	00004089 	.word	0x00004089
  64:	000004ef 	.word	0x000004ef
  68:	000004f1 	.word	0x000004f1
  6c:	000004f3 	.word	0x000004f3
  70:	000004f5 	.word	0x000004f5
  74:	000004f7 	.word	0x000004f7
  78:	000004f9 	.word	0x000004f9
  7c:	000004fb 	.word	0x000004fb
  80:	000004fd 	.word	0x000004fd
  84:	000004ff 	.word	0x000004ff
  88:	00000501 	.word	0x00000501
  8c:	00000503 	.word	0x00000503
  90:	00000505 	.word	0x00000505
  94:	00000507 	.word	0x00000507
  98:	00000509 	.word	0x00000509
  9c:	0000050b 	.word	0x0000050b
  a0:	0000050d 	.word	0x0000050d
  a4:	0000050f 	.word	0x0000050f
  a8:	00000511 	.word	0x00000511
  ac:	00000513 	.word	0x00000513
  b0:	00000515 	.word	0x00000515
  b4:	00000517 	.word	0x00000517
  b8:	000004db 	.word	0x000004db
  bc:	000004db 	.word	0x000004db
  c0:	00000519 	.word	0x00000519
  c4:	0000051b 	.word	0x0000051b
  c8:	0000051d 	.word	0x0000051d
  cc:	0000051f 	.word	0x0000051f
  d0:	00000521 	.word	0x00000521
  d4:	00000523 	.word	0x00000523
  d8:	00000525 	.word	0x00000525
  dc:	00000527 	.word	0x00000527
  e0:	00000529 	.word	0x00000529
  e4:	0000052b 	.word	0x0000052b
  e8:	0000052d 	.word	0x0000052d
  ec:	0000052f 	.word	0x0000052f
  f0:	000004db 	.word	0x000004db
  f4:	00000531 	.word	0x00000531

Disassembly of section .init:

000000f8 <SystemInit>:
}


static bool errata_36(void)
{
    if ((*(uint32_t *)0x10000130ul == 0x8ul) && (*(uint32_t *)0x10000134ul == 0x0ul)){
  f8:	4b80      	ldr	r3, [pc, #512]	; (2fc <SystemInit+0x204>)
  fa:	681b      	ldr	r3, [r3, #0]
  fc:	2b08      	cmp	r3, #8
  fe:	d01c      	beq.n	13a <SystemInit+0x42>
        SCB->CPACR |= (3UL << 20) | (3UL << 22);
 100:	4a7f      	ldr	r2, [pc, #508]	; (300 <SystemInit+0x208>)
 102:	f8d2 3088 	ldr.w	r3, [r2, #136]	; 0x88
 106:	f443 0370 	orr.w	r3, r3, #15728640	; 0xf00000
 10a:	f8c2 3088 	str.w	r3, [r2, #136]	; 0x88
  \details Acts as a special kind of Data Memory Barrier.
           It completes when all explicit memory accesses before this instruction complete.
 */
__attribute__((always_inline)) __STATIC_INLINE void __DSB(void)
{
  __ASM volatile ("dsb 0xF":::"memory");
 10e:	f3bf 8f4f 	dsb	sy
  __ASM volatile ("isb 0xF":::"memory");
 112:	f3bf 8f6f 	isb	sy
        if (((NRF_UICR->PSELRESET[0] & UICR_PSELRESET_CONNECT_Msk) != (UICR_PSELRESET_CONNECT_Connected << UICR_PSELRESET_CONNECT_Pos)) ||
 116:	f04f 2310 	mov.w	r3, #268439552	; 0x10001000
 11a:	f8d3 3200 	ldr.w	r3, [r3, #512]	; 0x200
 11e:	2b00      	cmp	r3, #0
 120:	f2c0 80b9 	blt.w	296 <SystemInit+0x19e>
            ((NRF_UICR->PSELRESET[1] & UICR_PSELRESET_CONNECT_Msk) != (UICR_PSELRESET_CONNECT_Connected << UICR_PSELRESET_CONNECT_Pos))){
 124:	f04f 2310 	mov.w	r3, #268439552	; 0x10001000
 128:	f8d3 3204 	ldr.w	r3, [r3, #516]	; 0x204
        if (((NRF_UICR->PSELRESET[0] & UICR_PSELRESET_CONNECT_Msk) != (UICR_PSELRESET_CONNECT_Connected << UICR_PSELRESET_CONNECT_Pos)) ||
 12c:	2b00      	cmp	r3, #0
 12e:	f2c0 80b2 	blt.w	296 <SystemInit+0x19e>
    SystemCoreClock = __SYSTEM_CLOCK_64M;
 132:	4b74      	ldr	r3, [pc, #464]	; (304 <SystemInit+0x20c>)
 134:	4a74      	ldr	r2, [pc, #464]	; (308 <SystemInit+0x210>)
 136:	601a      	str	r2, [r3, #0]
}
 138:	4770      	bx	lr
    if ((*(uint32_t *)0x10000130ul == 0x8ul) && (*(uint32_t *)0x10000134ul == 0x0ul)){
 13a:	4b74      	ldr	r3, [pc, #464]	; (30c <SystemInit+0x214>)
    if (errata_36()){
 13c:	681b      	ldr	r3, [r3, #0]
 13e:	b963      	cbnz	r3, 15a <SystemInit+0x62>
        NRF_CLOCK->EVENTS_DONE = 0;
 140:	f04f 4380 	mov.w	r3, #1073741824	; 0x40000000
 144:	2200      	movs	r2, #0
 146:	f8c3 210c 	str.w	r2, [r3, #268]	; 0x10c
        NRF_CLOCK->EVENTS_CTTO = 0;
 14a:	f8c3 2110 	str.w	r2, [r3, #272]	; 0x110
        NRF_CLOCK->CTIV = 0;
 14e:	f8c3 2538 	str.w	r2, [r3, #1336]	; 0x538
}


static bool errata_66(void)
{
    if ((*(uint32_t *)0x10000130ul == 0x8ul) && (*(uint32_t *)0x10000134ul == 0x0ul)){
 152:	4b6a      	ldr	r3, [pc, #424]	; (2fc <SystemInit+0x204>)
 154:	681b      	ldr	r3, [r3, #0]
 156:	2b08      	cmp	r3, #8
 158:	d1d2      	bne.n	100 <SystemInit+0x8>
 15a:	4b6c      	ldr	r3, [pc, #432]	; (30c <SystemInit+0x214>)
    if (errata_66()){
 15c:	681b      	ldr	r3, [r3, #0]
 15e:	2b00      	cmp	r3, #0
 160:	d14a      	bne.n	1f8 <SystemInit+0x100>
        NRF_TEMP->A0 = NRF_FICR->TEMP.A0;
 162:	f04f 5280 	mov.w	r2, #268435456	; 0x10000000
 166:	f8d2 1404 	ldr.w	r1, [r2, #1028]	; 0x404
 16a:	4b69      	ldr	r3, [pc, #420]	; (310 <SystemInit+0x218>)
 16c:	f8c3 1520 	str.w	r1, [r3, #1312]	; 0x520
        NRF_TEMP->A1 = NRF_FICR->TEMP.A1;
 170:	f8d2 1408 	ldr.w	r1, [r2, #1032]	; 0x408
 174:	f8c3 1524 	str.w	r1, [r3, #1316]	; 0x524
        NRF_TEMP->A2 = NRF_FICR->TEMP.A2;
 178:	f8d2 140c 	ldr.w	r1, [r2, #1036]	; 0x40c
 17c:	f8c3 1528 	str.w	r1, [r3, #1320]	; 0x528
        NRF_TEMP->A3 = NRF_FICR->TEMP.A3;
 180:	f8d2 1410 	ldr.w	r1, [r2, #1040]	; 0x410
 184:	f8c3 152c 	str.w	r1, [r3, #1324]	; 0x52c
        NRF_TEMP->A4 = NRF_FICR->TEMP.A4;
 188:	f8d2 1414 	ldr.w	r1, [r2, #1044]	; 0x414
 18c:	f8c3 1530 	str.w	r1, [r3, #1328]	; 0x530
        NRF_TEMP->A5 = NRF_FICR->TEMP.A5;
 190:	f8d2 1418 	ldr.w	r1, [r2, #1048]	; 0x418
 194:	f8c3 1534 	str.w	r1, [r3, #1332]	; 0x534
        NRF_TEMP->B0 = NRF_FICR->TEMP.B0;
 198:	f8d2 141c 	ldr.w	r1, [r2, #1052]	; 0x41c
 19c:	f8c3 1540 	str.w	r1, [r3, #1344]	; 0x540
        NRF_TEMP->B1 = NRF_FICR->TEMP.B1;
 1a0:	f8d2 1420 	ldr.w	r1, [r2, #1056]	; 0x420
 1a4:	f8c3 1544 	str.w	r1, [r3, #1348]	; 0x544
        NRF_TEMP->B2 = NRF_FICR->TEMP.B2;
 1a8:	f8d2 1424 	ldr.w	r1, [r2, #1060]	; 0x424
 1ac:	f8c3 1548 	str.w	r1, [r3, #1352]	; 0x548
        NRF_TEMP->B3 = NRF_FICR->TEMP.B3;
 1b0:	f8d2 1428 	ldr.w	r1, [r2, #1064]	; 0x428
 1b4:	f8c3 154c 	str.w	r1, [r3, #1356]	; 0x54c
        NRF_TEMP->B4 = NRF_FICR->TEMP.B4;
 1b8:	f8d2 142c 	ldr.w	r1, [r2, #1068]	; 0x42c
 1bc:	f8c3 1550 	str.w	r1, [r3, #1360]	; 0x550
        NRF_TEMP->B5 = NRF_FICR->TEMP.B5;
 1c0:	f8d2 1430 	ldr.w	r1, [r2, #1072]	; 0x430
 1c4:	f8c3 1554 	str.w	r1, [r3, #1364]	; 0x554
        NRF_TEMP->T0 = NRF_FICR->TEMP.T0;
 1c8:	f8d2 1434 	ldr.w	r1, [r2, #1076]	; 0x434
 1cc:	f8c3 1560 	str.w	r1, [r3, #1376]	; 0x560
        NRF_TEMP->T1 = NRF_FICR->TEMP.T1;
 1d0:	f8d2 1438 	ldr.w	r1, [r2, #1080]	; 0x438
 1d4:	f8c3 1564 	str.w	r1, [r3, #1380]	; 0x564
        NRF_TEMP->T2 = NRF_FICR->TEMP.T2;
 1d8:	f8d2 143c 	ldr.w	r1, [r2, #1084]	; 0x43c
 1dc:	f8c3 1568 	str.w	r1, [r3, #1384]	; 0x568
        NRF_TEMP->T3 = NRF_FICR->TEMP.T3;
 1e0:	f8d2 1440 	ldr.w	r1, [r2, #1088]	; 0x440
 1e4:	f8c3 156c 	str.w	r1, [r3, #1388]	; 0x56c
        NRF_TEMP->T4 = NRF_FICR->TEMP.T4;
 1e8:	f8d2 2444 	ldr.w	r2, [r2, #1092]	; 0x444
 1ec:	f8c3 2570 	str.w	r2, [r3, #1392]	; 0x570
}


static bool errata_98(void)
{
    if ((*(uint32_t *)0x10000130ul == 0x8ul) && (*(uint32_t *)0x10000134ul == 0x0ul)){
 1f0:	4b42      	ldr	r3, [pc, #264]	; (2fc <SystemInit+0x204>)
 1f2:	681b      	ldr	r3, [r3, #0]
 1f4:	2b08      	cmp	r3, #8
 1f6:	d183      	bne.n	100 <SystemInit+0x8>
 1f8:	4b44      	ldr	r3, [pc, #272]	; (30c <SystemInit+0x214>)
    if (errata_98()){
 1fa:	681b      	ldr	r3, [r3, #0]
 1fc:	b93b      	cbnz	r3, 20e <SystemInit+0x116>
        *(volatile uint32_t *)0x4000568Cul = 0x00038148ul;
 1fe:	4b45      	ldr	r3, [pc, #276]	; (314 <SystemInit+0x21c>)
 200:	4a45      	ldr	r2, [pc, #276]	; (318 <SystemInit+0x220>)
 202:	601a      	str	r2, [r3, #0]
}


static bool errata_103(void)
{
    if ((*(uint32_t *)0x10000130ul == 0x8ul) && (*(uint32_t *)0x10000134ul == 0x0ul)){
 204:	4b3d      	ldr	r3, [pc, #244]	; (2fc <SystemInit+0x204>)
 206:	681b      	ldr	r3, [r3, #0]
 208:	2b08      	cmp	r3, #8
 20a:	f47f af79 	bne.w	100 <SystemInit+0x8>
 20e:	4b3f      	ldr	r3, [pc, #252]	; (30c <SystemInit+0x214>)
    if (errata_103()){
 210:	681b      	ldr	r3, [r3, #0]
 212:	2b00      	cmp	r3, #0
 214:	f47f af74 	bne.w	100 <SystemInit+0x8>
        NRF_CCM->MAXPACKETSIZE = 0xFBul;
 218:	4b40      	ldr	r3, [pc, #256]	; (31c <SystemInit+0x224>)
 21a:	22fb      	movs	r2, #251	; 0xfb
 21c:	f8c3 2518 	str.w	r2, [r3, #1304]	; 0x518
}


static bool errata_115(void)
{
    if ((*(uint32_t *)0x10000130ul == 0x8ul) && (*(uint32_t *)0x10000134ul == 0x0ul)){
 220:	4b36      	ldr	r3, [pc, #216]	; (2fc <SystemInit+0x204>)
 222:	681b      	ldr	r3, [r3, #0]
 224:	2b08      	cmp	r3, #8
 226:	f47f af6b 	bne.w	100 <SystemInit+0x8>
 22a:	4b38      	ldr	r3, [pc, #224]	; (30c <SystemInit+0x214>)
    if (errata_115()){
 22c:	681b      	ldr	r3, [r3, #0]
 22e:	2b00      	cmp	r3, #0
 230:	f47f af66 	bne.w	100 <SystemInit+0x8>
        *(volatile uint32_t *)0x40000EE4 = (*(volatile uint32_t *)0x40000EE4 & 0xFFFFFFF0) | (*(uint32_t *)0x10000258 & 0x0000000F);
 234:	493a      	ldr	r1, [pc, #232]	; (320 <SystemInit+0x228>)
 236:	680a      	ldr	r2, [r1, #0]
 238:	4b3a      	ldr	r3, [pc, #232]	; (324 <SystemInit+0x22c>)
 23a:	681b      	ldr	r3, [r3, #0]
 23c:	f003 030f 	and.w	r3, r3, #15
 240:	f022 020f 	bic.w	r2, r2, #15
 244:	4313      	orrs	r3, r2
 246:	600b      	str	r3, [r1, #0]
}


static bool errata_120(void)
{
    if ((*(uint32_t *)0x10000130ul == 0x8ul) && (*(uint32_t *)0x10000134ul == 0x0ul)){
 248:	4b2c      	ldr	r3, [pc, #176]	; (2fc <SystemInit+0x204>)
 24a:	681b      	ldr	r3, [r3, #0]
 24c:	2b08      	cmp	r3, #8
 24e:	f47f af57 	bne.w	100 <SystemInit+0x8>
 252:	4b2e      	ldr	r3, [pc, #184]	; (30c <SystemInit+0x214>)
    if (errata_120()){
 254:	681b      	ldr	r3, [r3, #0]
 256:	2b00      	cmp	r3, #0
 258:	f47f af52 	bne.w	100 <SystemInit+0x8>
        *(volatile uint32_t *)0x40029640ul = 0x200ul;
 25c:	4b32      	ldr	r3, [pc, #200]	; (328 <SystemInit+0x230>)
 25e:	f44f 7200 	mov.w	r2, #512	; 0x200
 262:	601a      	str	r2, [r3, #0]
}


static bool errata_136(void)
{
    if ((*(uint32_t *)0x10000130ul == 0x8ul) && (*(uint32_t *)0x10000134ul == 0x0ul)){
 264:	4b25      	ldr	r3, [pc, #148]	; (2fc <SystemInit+0x204>)
 266:	681b      	ldr	r3, [r3, #0]
 268:	2b08      	cmp	r3, #8
 26a:	f47f af49 	bne.w	100 <SystemInit+0x8>
 26e:	4b27      	ldr	r3, [pc, #156]	; (30c <SystemInit+0x214>)
    if (errata_136()){
 270:	681b      	ldr	r3, [r3, #0]
 272:	2b00      	cmp	r3, #0
 274:	f47f af44 	bne.w	100 <SystemInit+0x8>
        if (NRF_POWER->RESETREAS & POWER_RESETREAS_RESETPIN_Msk){
 278:	f04f 4380 	mov.w	r3, #1073741824	; 0x40000000
 27c:	f8d3 3400 	ldr.w	r3, [r3, #1024]	; 0x400
 280:	f013 0f01 	tst.w	r3, #1
 284:	f43f af3c 	beq.w	100 <SystemInit+0x8>
            NRF_POWER->RESETREAS =  ~POWER_RESETREAS_RESETPIN_Msk;
 288:	f04f 4380 	mov.w	r3, #1073741824	; 0x40000000
 28c:	f06f 0201 	mvn.w	r2, #1
 290:	f8c3 2400 	str.w	r2, [r3, #1024]	; 0x400
 294:	e734      	b.n	100 <SystemInit+0x8>
            NRF_NVMC->CONFIG = NVMC_CONFIG_WEN_Wen << NVMC_CONFIG_WEN_Pos;
 296:	4b25      	ldr	r3, [pc, #148]	; (32c <SystemInit+0x234>)
 298:	2201      	movs	r2, #1
 29a:	f8c3 2504 	str.w	r2, [r3, #1284]	; 0x504
            while (NRF_NVMC->READY == NVMC_READY_READY_Busy){}
 29e:	461a      	mov	r2, r3
 2a0:	f8d2 3400 	ldr.w	r3, [r2, #1024]	; 0x400
 2a4:	2b00      	cmp	r3, #0
 2a6:	d0fb      	beq.n	2a0 <SystemInit+0x1a8>
            NRF_UICR->PSELRESET[0] = 18;
 2a8:	f04f 2310 	mov.w	r3, #268439552	; 0x10001000
 2ac:	2212      	movs	r2, #18
 2ae:	f8c3 2200 	str.w	r2, [r3, #512]	; 0x200
            while (NRF_NVMC->READY == NVMC_READY_READY_Busy){}
 2b2:	4a1e      	ldr	r2, [pc, #120]	; (32c <SystemInit+0x234>)
 2b4:	f8d2 3400 	ldr.w	r3, [r2, #1024]	; 0x400
 2b8:	2b00      	cmp	r3, #0
 2ba:	d0fb      	beq.n	2b4 <SystemInit+0x1bc>
            NRF_UICR->PSELRESET[1] = 18;
 2bc:	f04f 2310 	mov.w	r3, #268439552	; 0x10001000
 2c0:	2212      	movs	r2, #18
 2c2:	f8c3 2204 	str.w	r2, [r3, #516]	; 0x204
            while (NRF_NVMC->READY == NVMC_READY_READY_Busy){}
 2c6:	4a19      	ldr	r2, [pc, #100]	; (32c <SystemInit+0x234>)
 2c8:	f8d2 3400 	ldr.w	r3, [r2, #1024]	; 0x400
 2cc:	2b00      	cmp	r3, #0
 2ce:	d0fb      	beq.n	2c8 <SystemInit+0x1d0>
            NRF_NVMC->CONFIG = NVMC_CONFIG_WEN_Ren << NVMC_CONFIG_WEN_Pos;
 2d0:	4b16      	ldr	r3, [pc, #88]	; (32c <SystemInit+0x234>)
 2d2:	2200      	movs	r2, #0
 2d4:	f8c3 2504 	str.w	r2, [r3, #1284]	; 0x504
            while (NRF_NVMC->READY == NVMC_READY_READY_Busy){}
 2d8:	461a      	mov	r2, r3
 2da:	f8d2 3400 	ldr.w	r3, [r2, #1024]	; 0x400
 2de:	2b00      	cmp	r3, #0
 2e0:	d0fb      	beq.n	2da <SystemInit+0x1e2>
  __ASM volatile ("dsb 0xF":::"memory");
 2e2:	f3bf 8f4f 	dsb	sy
__STATIC_INLINE void NVIC_SystemReset(void)
{
  __DSB();                                                          /* Ensure all outstanding memory accesses included
                                                                       buffered write are completed before reset */
  SCB->AIRCR  = (uint32_t)((0x5FAUL << SCB_AIRCR_VECTKEY_Pos)    |
                           (SCB->AIRCR & SCB_AIRCR_PRIGROUP_Msk) |
 2e6:	4906      	ldr	r1, [pc, #24]	; (300 <SystemInit+0x208>)
 2e8:	68ca      	ldr	r2, [r1, #12]
 2ea:	f402 62e0 	and.w	r2, r2, #1792	; 0x700
 2ee:	4b10      	ldr	r3, [pc, #64]	; (330 <SystemInit+0x238>)
 2f0:	4313      	orrs	r3, r2
  SCB->AIRCR  = (uint32_t)((0x5FAUL << SCB_AIRCR_VECTKEY_Pos)    |
 2f2:	60cb      	str	r3, [r1, #12]
 2f4:	f3bf 8f4f 	dsb	sy
  __ASM volatile ("nop");
 2f8:	bf00      	nop
 2fa:	e7fd      	b.n	2f8 <SystemInit+0x200>
 2fc:	10000130 	.word	0x10000130
 300:	e000ed00 	.word	0xe000ed00
 304:	20000000 	.word	0x20000000
 308:	03d09000 	.word	0x03d09000
 30c:	10000134 	.word	0x10000134
 310:	4000c000 	.word	0x4000c000
 314:	4000568c 	.word	0x4000568c
 318:	00038148 	.word	0x00038148
 31c:	4000f000 	.word	0x4000f000
 320:	40000ee4 	.word	0x40000ee4
 324:	10000258 	.word	0x10000258
 328:	40029640 	.word	0x40029640
 32c:	4001e000 	.word	0x4001e000
 330:	05fa0004 	.word	0x05fa0004

00000334 <_start>:
  .balign 2
  .thumb_func

_start:
  /* Set up main stack if size > 0 */
  ldr r1, =__stack_end__
 334:	4934      	ldr	r1, [pc, #208]	; (408 <memory_set+0xc>)
  ldr r0, =__stack_start__
 336:	4835      	ldr	r0, [pc, #212]	; (40c <memory_set+0x10>)
  subs r2, r1, r0
 338:	1a0a      	subs	r2, r1, r0
  beq 1f
 33a:	d002      	beq.n	342 <_start+0xe>
#ifdef __ARM_EABI__
  movs r2, #0x7
 33c:	2207      	movs	r2, #7
  bics r1, r2
 33e:	4391      	bics	r1, r2
#endif
  mov sp, r1
 340:	468d      	mov	sp, r1
  ldr r0, =__stack_start__
  msr msplim, r0
#endif
1:
  /* Set up process stack if size > 0 */
  ldr r1, =__stack_process_end__
 342:	4933      	ldr	r1, [pc, #204]	; (410 <memory_set+0x14>)
  ldr r0, =__stack_process_start__
 344:	4833      	ldr	r0, [pc, #204]	; (414 <memory_set+0x18>)
  subs r2, r1, r0
 346:	1a0a      	subs	r2, r1, r0
  beq 1f
 348:	d006      	beq.n	358 <_start+0x24>
#ifdef __ARM_EABI__
  movs r2, #0x7
 34a:	2207      	movs	r2, #7
  bics r1, r2
 34c:	4391      	bics	r1, r2
#endif
  msr psp, r1
 34e:	f381 8809 	msr	PSP, r1
  movs r2, #2
 352:	2202      	movs	r2, #2
  msr control, r2
 354:	f382 8814 	msr	CONTROL, r2
  msr psplim, r0
#endif
1:

  /* Copy initialized memory sections into RAM (if necessary). */
  ldr r0, =__data_load_start__
 358:	482f      	ldr	r0, [pc, #188]	; (418 <memory_set+0x1c>)
  ldr r1, =__data_start__
 35a:	4930      	ldr	r1, [pc, #192]	; (41c <memory_set+0x20>)
  ldr r2, =__data_end__
 35c:	4a30      	ldr	r2, [pc, #192]	; (420 <memory_set+0x24>)
  bl memory_copy
 35e:	f000 f842 	bl	3e6 <memory_copy>
  ldr r0, =__text_load_start__
 362:	4830      	ldr	r0, [pc, #192]	; (424 <memory_set+0x28>)
  ldr r1, =__text_start__
 364:	4930      	ldr	r1, [pc, #192]	; (428 <memory_set+0x2c>)
  ldr r2, =__text_end__
 366:	4a31      	ldr	r2, [pc, #196]	; (42c <memory_set+0x30>)
  bl memory_copy
 368:	f000 f83d 	bl	3e6 <memory_copy>
  ldr r0, =__fast_load_start__
 36c:	4830      	ldr	r0, [pc, #192]	; (430 <memory_set+0x34>)
  ldr r1, =__fast_start__
 36e:	4931      	ldr	r1, [pc, #196]	; (434 <memory_set+0x38>)
  ldr r2, =__fast_end__
 370:	4a31      	ldr	r2, [pc, #196]	; (438 <memory_set+0x3c>)
  bl memory_copy
 372:	f000 f838 	bl	3e6 <memory_copy>
  ldr r0, =__ctors_load_start__
 376:	4831      	ldr	r0, [pc, #196]	; (43c <memory_set+0x40>)
  ldr r1, =__ctors_start__
 378:	4931      	ldr	r1, [pc, #196]	; (440 <memory_set+0x44>)
  ldr r2, =__ctors_end__
 37a:	4a32      	ldr	r2, [pc, #200]	; (444 <memory_set+0x48>)
  bl memory_copy
 37c:	f000 f833 	bl	3e6 <memory_copy>
  ldr r0, =__dtors_load_start__
 380:	4831      	ldr	r0, [pc, #196]	; (448 <memory_set+0x4c>)
  ldr r1, =__dtors_start__
 382:	4932      	ldr	r1, [pc, #200]	; (44c <memory_set+0x50>)
  ldr r2, =__dtors_end__
 384:	4a32      	ldr	r2, [pc, #200]	; (450 <memory_set+0x54>)
  bl memory_copy
 386:	f000 f82e 	bl	3e6 <memory_copy>
  ldr r0, =__rodata_load_start__
 38a:	4832      	ldr	r0, [pc, #200]	; (454 <memory_set+0x58>)
  ldr r1, =__rodata_start__
 38c:	4932      	ldr	r1, [pc, #200]	; (458 <memory_set+0x5c>)
  ldr r2, =__rodata_end__
 38e:	4a33      	ldr	r2, [pc, #204]	; (45c <memory_set+0x60>)
  bl memory_copy
 390:	f000 f829 	bl	3e6 <memory_copy>
  ldr r0, =__tdata_load_start__
 394:	4832      	ldr	r0, [pc, #200]	; (460 <memory_set+0x64>)
  ldr r1, =__tdata_start__
 396:	4933      	ldr	r1, [pc, #204]	; (464 <memory_set+0x68>)
  ldr r2, =__tdata_end__
 398:	4a33      	ldr	r2, [pc, #204]	; (468 <memory_set+0x6c>)
  bl memory_copy
 39a:	f000 f824 	bl	3e6 <memory_copy>
  ldr r2, =__rodata_tcm_end__
  bl memory_copy
#endif /* #ifdef INITIALIZE_TCM_SECTIONS */

  /* Zero the bss. */
  ldr r0, =__bss_start__
 39e:	4833      	ldr	r0, [pc, #204]	; (46c <memory_set+0x70>)
  ldr r1, =__bss_end__
 3a0:	4933      	ldr	r1, [pc, #204]	; (470 <memory_set+0x74>)
  movs r2, #0
 3a2:	2200      	movs	r2, #0
  bl memory_set
 3a4:	f000 f82a 	bl	3fc <memory_set>
  ldr r0, =__tbss_start__
 3a8:	4832      	ldr	r0, [pc, #200]	; (474 <memory_set+0x78>)
  ldr r1, =__tbss_end__
 3aa:	4933      	ldr	r1, [pc, #204]	; (478 <memory_set+0x7c>)
  movs r2, #0
 3ac:	2200      	movs	r2, #0
  bl memory_set
 3ae:	f000 f825 	bl	3fc <memory_set>
  bl memory_set
#endif /* #ifdef INITIALIZE_TCM_SECTIONS */

#if !defined(__HEAP_SIZE__) || (__HEAP_SIZE__)
  /* Initialize the heap */
  ldr r0, = __heap_start__
 3b2:	4832      	ldr	r0, [pc, #200]	; (47c <memory_set+0x80>)
  ldr r1, = __heap_end__
 3b4:	4932      	ldr	r1, [pc, #200]	; (480 <memory_set+0x84>)
  subs r1, r1, r0
 3b6:	1a09      	subs	r1, r1, r0
  cmp r1, #8
 3b8:	2908      	cmp	r1, #8
  blt 1f
 3ba:	db02      	blt.n	3c2 <_start+0x8e>
  movs r2, #0
 3bc:	2200      	movs	r2, #0
  str r2, [r0]
 3be:	6002      	str	r2, [r0, #0]
  str r1, [r0, #4] 
 3c0:	6041      	str	r1, [r0, #4]
  ldr r2, =InitializeUserMemorySections
  blx r2
#endif

  /* Call constructors */
  ldr r0, =__ctors_start__
 3c2:	481f      	ldr	r0, [pc, #124]	; (440 <memory_set+0x44>)
  ldr r1, =__ctors_end__
 3c4:	491f      	ldr	r1, [pc, #124]	; (444 <memory_set+0x48>)

000003c6 <ctor_loop>:
ctor_loop:
  cmp r0, r1
 3c6:	4288      	cmp	r0, r1
  beq ctor_end
 3c8:	d005      	beq.n	3d6 <ctor_end>
  ldr r2, [r0]
 3ca:	6802      	ldr	r2, [r0, #0]
  adds r0, #4
 3cc:	3004      	adds	r0, #4
  push {r0-r1}  
 3ce:	b403      	push	{r0, r1}
  blx r2
 3d0:	4790      	blx	r2
  pop {r0-r1}
 3d2:	bc03      	pop	{r0, r1}
  b ctor_loop
 3d4:	e7f7      	b.n	3c6 <ctor_loop>

000003d6 <ctor_end>:
ctor_end:

  /* Setup initial call frame */
  movs r0, #0
 3d6:	2000      	movs	r0, #0
  mov lr, r0
 3d8:	4686      	mov	lr, r0
  mov r12, sp
 3da:	46ec      	mov	ip, sp

000003dc <start>:
  ldr r1, =args
  ldr r2, =debug_getargs  
  blx r2
  ldr r1, =args
#else
  movs r0, #0
 3dc:	2000      	movs	r0, #0
  movs r1, #0
 3de:	2100      	movs	r1, #0
#endif
  ldr r2, =APP_ENTRY_POINT
 3e0:	4a28      	ldr	r2, [pc, #160]	; (484 <memory_set+0x88>)
  blx r2
 3e2:	4790      	blx	r2

000003e4 <exit>:
  pop {r2}
  bx r2
#else
  /* Loop forever */
exit_loop:
  b exit_loop
 3e4:	e7fe      	b.n	3e4 <exit>

000003e6 <memory_copy>:
#endif

  .thumb_func
memory_copy:
  cmp r0, r1
 3e6:	4288      	cmp	r0, r1
  beq 2f
 3e8:	d007      	beq.n	3fa <memory_copy+0x14>
  subs r2, r2, r1
 3ea:	1a52      	subs	r2, r2, r1
  beq 2f
 3ec:	d005      	beq.n	3fa <memory_copy+0x14>
1:
  ldrb r3, [r0]
 3ee:	7803      	ldrb	r3, [r0, #0]
  adds r0, r0, #1
 3f0:	3001      	adds	r0, #1
  strb r3, [r1]
 3f2:	700b      	strb	r3, [r1, #0]
  adds r1, r1, #1
 3f4:	3101      	adds	r1, #1
  subs r2, r2, #1
 3f6:	3a01      	subs	r2, #1
  bne 1b
 3f8:	d1f9      	bne.n	3ee <memory_copy+0x8>
2:
  bx lr
 3fa:	4770      	bx	lr

000003fc <memory_set>:

  .thumb_func
memory_set:
  cmp r0, r1
 3fc:	4288      	cmp	r0, r1
  beq 1f
 3fe:	d002      	beq.n	406 <memory_set+0xa>
  strb r2, [r0]
 400:	7002      	strb	r2, [r0, #0]
  adds r0, r0, #1
 402:	3001      	adds	r0, #1
  b memory_set
 404:	e7fa      	b.n	3fc <memory_set>
1:
  bx lr
 406:	4770      	bx	lr
  ldr r1, =__stack_end__
 408:	20040000 	.word	0x20040000
  ldr r0, =__stack_start__
 40c:	2003ff00 	.word	0x2003ff00
  ldr r1, =__stack_process_end__
 410:	20040000 	.word	0x20040000
  ldr r0, =__stack_process_start__
 414:	20040000 	.word	0x20040000
  ldr r0, =__data_load_start__
 418:	00006984 	.word	0x00006984
  ldr r1, =__data_start__
 41c:	20000000 	.word	0x20000000
  ldr r2, =__data_end__
 420:	200000a0 	.word	0x200000a0
  ldr r0, =__text_load_start__
 424:	00000534 	.word	0x00000534
  ldr r1, =__text_start__
 428:	00000534 	.word	0x00000534
  ldr r2, =__text_end__
 42c:	000058b8 	.word	0x000058b8
  ldr r0, =__fast_load_start__
 430:	00006984 	.word	0x00006984
  ldr r1, =__fast_start__
 434:	20000000 	.word	0x20000000
  ldr r2, =__fast_end__
 438:	20000000 	.word	0x20000000
  ldr r0, =__ctors_load_start__
 43c:	000058b8 	.word	0x000058b8
  ldr r1, =__ctors_start__
 440:	000058b8 	.word	0x000058b8
  ldr r2, =__ctors_end__
 444:	000058b8 	.word	0x000058b8
  ldr r0, =__dtors_load_start__
 448:	000058b8 	.word	0x000058b8
  ldr r1, =__dtors_start__
 44c:	000058b8 	.word	0x000058b8
  ldr r2, =__dtors_end__
 450:	000058b8 	.word	0x000058b8
  ldr r0, =__rodata_load_start__
 454:	000058b8 	.word	0x000058b8
  ldr r1, =__rodata_start__
 458:	000058b8 	.word	0x000058b8
  ldr r2, =__rodata_end__
 45c:	00006977 	.word	0x00006977
  ldr r0, =__tdata_load_start__
 460:	00006a24 	.word	0x00006a24
  ldr r1, =__tdata_start__
 464:	200004a0 	.word	0x200004a0
  ldr r2, =__tdata_end__
 468:	200004a0 	.word	0x200004a0
  ldr r0, =__bss_start__
 46c:	200000a0 	.word	0x200000a0
  ldr r1, =__bss_end__
 470:	2000049c 	.word	0x2000049c
  ldr r0, =__tbss_start__
 474:	2000049c 	.word	0x2000049c
  ldr r1, =__tbss_end__
 478:	200004a0 	.word	0x200004a0
  ldr r0, = __heap_start__
 47c:	200004a0 	.word	0x200004a0
  ldr r1, = __heap_end__
 480:	200005a0 	.word	0x200005a0
  ldr r2, =APP_ENTRY_POINT
 484:	000006c1 	.word	0x000006c1

00000488 <Reset_Handler>:
#endif

Reset_Handler:
#ifndef NO_STACK_INIT
  /* Initialise main stack */
  ldr r0, =STACK_INIT_VAL
 488:	480a      	ldr	r0, [pc, #40]	; (4b4 <Reset_Handler+0x2c>)
  ldr r1, =0x7
 48a:	f04f 0107 	mov.w	r1, #7
  bics r0, r1
 48e:	4388      	bics	r0, r1
  mov sp, r0
 490:	4685      	mov	sp, r0
#endif

#ifndef NO_SYSTEM_INIT
  /* Initialise system */
  ldr r0, =SystemInit
 492:	4809      	ldr	r0, [pc, #36]	; (4b8 <Reset_Handler+0x30>)
  blx r0
 494:	4780      	blx	r0
2:
#endif

#ifndef NO_VTOR_CONFIG
  /* Configure vector table offset register */
  ldr r0, =VTOR_REG
 496:	4809      	ldr	r0, [pc, #36]	; (4bc <Reset_Handler+0x34>)
#ifdef VECTORS_IN_RAM
  ldr r1, =_vectors_ram
#else
  ldr r1, =_vectors
 498:	4909      	ldr	r1, [pc, #36]	; (4c0 <Reset_Handler+0x38>)
#endif
  str r1, [r0]
 49a:	6001      	str	r1, [r0, #0]
#endif

#if (defined(__ARM_ARCH_FPV4_SP_D16__) || defined(__ARM_ARCH_FPV5_D16__)) && !defined(NO_FPU_ENABLE)
  /* Enable FPU */
  ldr r0, =FPU_CPACR_REG
 49c:	4809      	ldr	r0, [pc, #36]	; (4c4 <Reset_Handler+0x3c>)
  ldr r1, [r0]
 49e:	6801      	ldr	r1, [r0, #0]
  orr r1, r1, #(0xF << 20)
 4a0:	f441 0170 	orr.w	r1, r1, #15728640	; 0xf00000
  str r1, [r0]
 4a4:	6001      	str	r1, [r0, #0]
  dsb
 4a6:	f3bf 8f4f 	dsb	sy
  isb
 4aa:	f3bf 8f6f 	isb	sy
#endif

  /* Jump to program start */
  b _start
 4ae:	f7ff bf41 	b.w	334 <_start>
 4b2:	0000      	.short	0x0000
  ldr r0, =STACK_INIT_VAL
 4b4:	20040000 	.word	0x20040000
  ldr r0, =SystemInit
 4b8:	000000f9 	.word	0x000000f9
  ldr r0, =VTOR_REG
 4bc:	e000ed08 	.word	0xe000ed08
  ldr r1, =_vectors
 4c0:	00000000 	.word	0x00000000
  ldr r0, =FPU_CPACR_REG
 4c4:	e000ed88 	.word	0xe000ed88

000004c8 <NMI_Handler>:
 *****************************************************************************/

  .thumb_func
  .weak NMI_Handler
NMI_Handler:
  b .
 4c8:	e7fe      	b.n	4c8 <NMI_Handler>

000004ca <HardFault_Handler>:

  .thumb_func
  .weak HardFault_Handler
HardFault_Handler:
  b .
 4ca:	e7fe      	b.n	4ca <HardFault_Handler>

000004cc <MemoryManagement_Handler>:
  
  .thumb_func
  .weak MemoryManagement_Handler
MemoryManagement_Handler:
  b .
 4cc:	e7fe      	b.n	4cc <MemoryManagement_Handler>

000004ce <BusFault_Handler>:
  
  .thumb_func
  .weak BusFault_Handler
BusFault_Handler:
  b .
 4ce:	e7fe      	b.n	4ce <BusFault_Handler>

000004d0 <UsageFault_Handler>:
  
  .thumb_func
  .weak UsageFault_Handler
UsageFault_Handler:
  b .
 4d0:	e7fe      	b.n	4d0 <UsageFault_Handler>

000004d2 <SVC_Handler>:

  .thumb_func
  .weak SVC_Handler
SVC_Handler:
  b .
 4d2:	e7fe      	b.n	4d2 <SVC_Handler>

000004d4 <DebugMon_Handler>:
  
  .thumb_func
  .weak DebugMon_Handler
DebugMon_Handler:
  b .
 4d4:	e7fe      	b.n	4d4 <DebugMon_Handler>

000004d6 <PendSV_Handler>:

  .thumb_func
  .weak PendSV_Handler
PendSV_Handler:
  b .
 4d6:	e7fe      	b.n	4d6 <PendSV_Handler>

000004d8 <SysTick_Handler>:

  .thumb_func
  .weak SysTick_Handler
SysTick_Handler:
  b .
 4d8:	e7fe      	b.n	4d8 <SysTick_Handler>

000004da <Dummy_Handler>:

  .thumb_func
Dummy_Handler:
  b .
 4da:	e7fe      	b.n	4da <Dummy_Handler>

000004dc <POWER_CLOCK_IRQHandler>:
#else

  .thumb_func
  .weak POWER_CLOCK_IRQHandler
POWER_CLOCK_IRQHandler:
  b .
 4dc:	e7fe      	b.n	4dc <POWER_CLOCK_IRQHandler>

  .thumb_func
  .weak RADIO_IRQHandler
RADIO_IRQHandler:
  b .
 4de:	e7fe      	b.n	4de <POWER_CLOCK_IRQHandler+0x2>

000004e0 <UARTE0_UART0_IRQHandler>:

  .thumb_func
  .weak UARTE0_UART0_IRQHandler
UARTE0_UART0_IRQHandler:
  b .
 4e0:	e7fe      	b.n	4e0 <UARTE0_UART0_IRQHandler>

000004e2 <SPIM0_SPIS0_TWIM0_TWIS0_SPI0_TWI0_IRQHandler>:

  .thumb_func
  .weak SPIM0_SPIS0_TWIM0_TWIS0_SPI0_TWI0_IRQHandler
SPIM0_SPIS0_TWIM0_TWIS0_SPI0_TWI0_IRQHandler:
  b .
 4e2:	e7fe      	b.n	4e2 <SPIM0_SPIS0_TWIM0_TWIS0_SPI0_TWI0_IRQHandler>

000004e4 <SPIM1_SPIS1_TWIM1_TWIS1_SPI1_TWI1_IRQHandler>:

  .thumb_func
  .weak SPIM1_SPIS1_TWIM1_TWIS1_SPI1_TWI1_IRQHandler
SPIM1_SPIS1_TWIM1_TWIS1_SPI1_TWI1_IRQHandler:
  b .
 4e4:	e7fe      	b.n	4e4 <SPIM1_SPIS1_TWIM1_TWIS1_SPI1_TWI1_IRQHandler>

000004e6 <NFCT_IRQHandler>:

  .thumb_func
  .weak NFCT_IRQHandler
NFCT_IRQHandler:
  b .
 4e6:	e7fe      	b.n	4e6 <NFCT_IRQHandler>

000004e8 <GPIOTE_IRQHandler>:

  .thumb_func
  .weak GPIOTE_IRQHandler
GPIOTE_IRQHandler:
  b .
 4e8:	e7fe      	b.n	4e8 <GPIOTE_IRQHandler>

000004ea <SAADC_IRQHandler>:

  .thumb_func
  .weak SAADC_IRQHandler
SAADC_IRQHandler:
  b .
 4ea:	e7fe      	b.n	4ea <SAADC_IRQHandler>

  .thumb_func
  .weak TIMER0_IRQHandler
TIMER0_IRQHandler:
  b .
 4ec:	e7fe      	b.n	4ec <SAADC_IRQHandler+0x2>

000004ee <TIMER1_IRQHandler>:

  .thumb_func
  .weak TIMER1_IRQHandler
TIMER1_IRQHandler:
  b .
 4ee:	e7fe      	b.n	4ee <TIMER1_IRQHandler>

000004f0 <TIMER2_IRQHandler>:

  .thumb_func
  .weak TIMER2_IRQHandler
TIMER2_IRQHandler:
  b .
 4f0:	e7fe      	b.n	4f0 <TIMER2_IRQHandler>

000004f2 <RTC0_IRQHandler>:

  .thumb_func
  .weak RTC0_IRQHandler
RTC0_IRQHandler:
  b .
 4f2:	e7fe      	b.n	4f2 <RTC0_IRQHandler>

000004f4 <TEMP_IRQHandler>:

  .thumb_func
  .weak TEMP_IRQHandler
TEMP_IRQHandler:
  b .
 4f4:	e7fe      	b.n	4f4 <TEMP_IRQHandler>

000004f6 <RNG_IRQHandler>:

  .thumb_func
  .weak RNG_IRQHandler
RNG_IRQHandler:
  b .
 4f6:	e7fe      	b.n	4f6 <RNG_IRQHandler>

000004f8 <ECB_IRQHandler>:

  .thumb_func
  .weak ECB_IRQHandler
ECB_IRQHandler:
  b .
 4f8:	e7fe      	b.n	4f8 <ECB_IRQHandler>

000004fa <CCM_AAR_IRQHandler>:

  .thumb_func
  .weak CCM_AAR_IRQHandler
CCM_AAR_IRQHandler:
  b .
 4fa:	e7fe      	b.n	4fa <CCM_AAR_IRQHandler>

000004fc <WDT_IRQHandler>:

  .thumb_func
  .weak WDT_IRQHandler
WDT_IRQHandler:
  b .
 4fc:	e7fe      	b.n	4fc <WDT_IRQHandler>

000004fe <RTC1_IRQHandler>:

  .thumb_func
  .weak RTC1_IRQHandler
RTC1_IRQHandler:
  b .
 4fe:	e7fe      	b.n	4fe <RTC1_IRQHandler>

00000500 <QDEC_IRQHandler>:

  .thumb_func
  .weak QDEC_IRQHandler
QDEC_IRQHandler:
  b .
 500:	e7fe      	b.n	500 <QDEC_IRQHandler>

00000502 <COMP_LPCOMP_IRQHandler>:

  .thumb_func
  .weak COMP_LPCOMP_IRQHandler
COMP_LPCOMP_IRQHandler:
  b .
 502:	e7fe      	b.n	502 <COMP_LPCOMP_IRQHandler>

00000504 <SWI0_EGU0_IRQHandler>:

  .thumb_func
  .weak SWI0_EGU0_IRQHandler
SWI0_EGU0_IRQHandler:
  b .
 504:	e7fe      	b.n	504 <SWI0_EGU0_IRQHandler>

00000506 <SWI1_EGU1_IRQHandler>:

  .thumb_func
  .weak SWI1_EGU1_IRQHandler
SWI1_EGU1_IRQHandler:
  b .
 506:	e7fe      	b.n	506 <SWI1_EGU1_IRQHandler>

00000508 <SWI2_EGU2_IRQHandler>:

  .thumb_func
  .weak SWI2_EGU2_IRQHandler
SWI2_EGU2_IRQHandler:
  b .
 508:	e7fe      	b.n	508 <SWI2_EGU2_IRQHandler>

0000050a <SWI3_EGU3_IRQHandler>:

  .thumb_func
  .weak SWI3_EGU3_IRQHandler
SWI3_EGU3_IRQHandler:
  b .
 50a:	e7fe      	b.n	50a <SWI3_EGU3_IRQHandler>

0000050c <SWI4_EGU4_IRQHandler>:

  .thumb_func
  .weak SWI4_EGU4_IRQHandler
SWI4_EGU4_IRQHandler:
  b .
 50c:	e7fe      	b.n	50c <SWI4_EGU4_IRQHandler>

0000050e <SWI5_EGU5_IRQHandler>:

  .thumb_func
  .weak SWI5_EGU5_IRQHandler
SWI5_EGU5_IRQHandler:
  b .
 50e:	e7fe      	b.n	50e <SWI5_EGU5_IRQHandler>

00000510 <TIMER3_IRQHandler>:

  .thumb_func
  .weak TIMER3_IRQHandler
TIMER3_IRQHandler:
  b .
 510:	e7fe      	b.n	510 <TIMER3_IRQHandler>

00000512 <TIMER4_IRQHandler>:

  .thumb_func
  .weak TIMER4_IRQHandler
TIMER4_IRQHandler:
  b .
 512:	e7fe      	b.n	512 <TIMER4_IRQHandler>

00000514 <PWM0_IRQHandler>:

  .thumb_func
  .weak PWM0_IRQHandler
PWM0_IRQHandler:
  b .
 514:	e7fe      	b.n	514 <PWM0_IRQHandler>

00000516 <PDM_IRQHandler>:

  .thumb_func
  .weak PDM_IRQHandler
PDM_IRQHandler:
  b .
 516:	e7fe      	b.n	516 <PDM_IRQHandler>

00000518 <MWU_IRQHandler>:

  .thumb_func
  .weak MWU_IRQHandler
MWU_IRQHandler:
  b .
 518:	e7fe      	b.n	518 <MWU_IRQHandler>

0000051a <PWM1_IRQHandler>:

  .thumb_func
  .weak PWM1_IRQHandler
PWM1_IRQHandler:
  b .
 51a:	e7fe      	b.n	51a <PWM1_IRQHandler>

0000051c <PWM2_IRQHandler>:

  .thumb_func
  .weak PWM2_IRQHandler
PWM2_IRQHandler:
  b .
 51c:	e7fe      	b.n	51c <PWM2_IRQHandler>

0000051e <SPIM2_SPIS2_SPI2_IRQHandler>:

  .thumb_func
  .weak SPIM2_SPIS2_SPI2_IRQHandler
SPIM2_SPIS2_SPI2_IRQHandler:
  b .
 51e:	e7fe      	b.n	51e <SPIM2_SPIS2_SPI2_IRQHandler>

00000520 <RTC2_IRQHandler>:

  .thumb_func
  .weak RTC2_IRQHandler
RTC2_IRQHandler:
  b .
 520:	e7fe      	b.n	520 <RTC2_IRQHandler>

00000522 <I2S_IRQHandler>:

  .thumb_func
  .weak I2S_IRQHandler
I2S_IRQHandler:
  b .
 522:	e7fe      	b.n	522 <I2S_IRQHandler>

00000524 <FPU_IRQHandler>:

  .thumb_func
  .weak FPU_IRQHandler
FPU_IRQHandler:
  b .
 524:	e7fe      	b.n	524 <FPU_IRQHandler>

00000526 <USBD_IRQHandler>:

  .thumb_func
  .weak USBD_IRQHandler
USBD_IRQHandler:
  b .
 526:	e7fe      	b.n	526 <USBD_IRQHandler>

00000528 <UARTE1_IRQHandler>:

  .thumb_func
  .weak UARTE1_IRQHandler
UARTE1_IRQHandler:
  b .
 528:	e7fe      	b.n	528 <UARTE1_IRQHandler>

0000052a <QSPI_IRQHandler>:

  .thumb_func
  .weak QSPI_IRQHandler
QSPI_IRQHandler:
  b .
 52a:	e7fe      	b.n	52a <QSPI_IRQHandler>

0000052c <CRYPTOCELL_IRQHandler>:

  .thumb_func
  .weak CRYPTOCELL_IRQHandler
CRYPTOCELL_IRQHandler:
  b .
 52c:	e7fe      	b.n	52c <CRYPTOCELL_IRQHandler>

0000052e <SPIM3_IRQHandler>:

  .thumb_func
  .weak SPIM3_IRQHandler
SPIM3_IRQHandler:
  b .
 52e:	e7fe      	b.n	52e <SPIM3_IRQHandler>

00000530 <PWM3_IRQHandler>:

  .thumb_func
  .weak PWM3_IRQHandler
PWM3_IRQHandler:
  b .
 530:	e7fe      	b.n	530 <PWM3_IRQHandler>
 532:	bf00      	nop

Disassembly of section .text:

00000534 <agg_rx_cb>:
}

//**************************************************************************************************

static void agg_rx_cb(volatile uint8_t *agg_is_valid, uint8_t *agg_local, uint8_t *agg_rx)
{
     534:	e92d 4ff0 	stmdb	sp!, {r4, r5, r6, r7, r8, r9, sl, fp, lr}
     538:	b087      	sub	sp, #28
     53a:	9001      	str	r0, [sp, #4]
	{
		uint8_t prio;
		uint8_t node;
	} pn;

	pn local1	= { GET_PRIO1(agg_local), GET_NODE1(agg_local) };
     53c:	788d      	ldrb	r5, [r1, #2]
     53e:	f005 0a0f 	and.w	sl, r5, #15
     542:	790c      	ldrb	r4, [r1, #4]
     544:	f004 090f 	and.w	r9, r4, #15
	pn local2	= { GET_PRIO2(agg_local), GET_NODE2(agg_local) };
	pn local3	= { GET_PRIO3(agg_local), GET_NODE3(agg_local) };
     548:	f891 e003 	ldrb.w	lr, [r1, #3]
     54c:	f00e 0e0f 	and.w	lr, lr, #15
     550:	f891 c005 	ldrb.w	ip, [r1, #5]
     554:	f00c 0c0f 	and.w	ip, ip, #15
	pn rx1		= { GET_PRIO1(agg_rx), GET_NODE1(agg_rx) };
     558:	7890      	ldrb	r0, [r2, #2]
     55a:	7913      	ldrb	r3, [r2, #4]
	pn rx2		= { GET_PRIO2(agg_rx), GET_NODE2(agg_rx) };
	pn rx3		= { GET_PRIO3(agg_rx), GET_NODE3(agg_rx) };
     55c:	78d7      	ldrb	r7, [r2, #3]
     55e:	f007 070f 	and.w	r7, r7, #15
     562:	7956      	ldrb	r6, [r2, #5]
     564:	f006 060f 	and.w	r6, r6, #15

	pn array[6] = {local1, local2, local3, rx1, rx2, rx3};
     568:	f88d a00c 	strb.w	sl, [sp, #12]
     56c:	f88d 900d 	strb.w	r9, [sp, #13]
	pn local2	= { GET_PRIO2(agg_local), GET_NODE2(agg_local) };
     570:	092d      	lsrs	r5, r5, #4
	pn array[6] = {local1, local2, local3, rx1, rx2, rx3};
     572:	f88d 500e 	strb.w	r5, [sp, #14]
	pn local2	= { GET_PRIO2(agg_local), GET_NODE2(agg_local) };
     576:	0924      	lsrs	r4, r4, #4
	pn array[6] = {local1, local2, local3, rx1, rx2, rx3};
     578:	f88d 400f 	strb.w	r4, [sp, #15]
     57c:	f88d e010 	strb.w	lr, [sp, #16]
     580:	f88d c011 	strb.w	ip, [sp, #17]
	pn rx1		= { GET_PRIO1(agg_rx), GET_NODE1(agg_rx) };
     584:	f000 040f 	and.w	r4, r0, #15
	pn array[6] = {local1, local2, local3, rx1, rx2, rx3};
     588:	f88d 4012 	strb.w	r4, [sp, #18]
	pn rx1		= { GET_PRIO1(agg_rx), GET_NODE1(agg_rx) };
     58c:	f003 040f 	and.w	r4, r3, #15
	pn array[6] = {local1, local2, local3, rx1, rx2, rx3};
     590:	f88d 4013 	strb.w	r4, [sp, #19]
	pn rx2		= { GET_PRIO2(agg_rx), GET_NODE2(agg_rx) };
     594:	0900      	lsrs	r0, r0, #4
	pn array[6] = {local1, local2, local3, rx1, rx2, rx3};
     596:	f88d 0014 	strb.w	r0, [sp, #20]
	pn rx2		= { GET_PRIO2(agg_rx), GET_NODE2(agg_rx) };
     59a:	091b      	lsrs	r3, r3, #4
	pn array[6] = {local1, local2, local3, rx1, rx2, rx3};
     59c:	f88d 3015 	strb.w	r3, [sp, #21]
     5a0:	f88d 7016 	strb.w	r7, [sp, #22]
     5a4:	f88d 6017 	strb.w	r6, [sp, #23]
	for (i = 0; i < 6; i++)
	{
		pn cur_element = array[i];
		uint8_t new_element_idx = i;

		for (j = i + 1; j < 6; j++)
     5a8:	f10d 0c0c 	add.w	ip, sp, #12
	pn array[6] = {local1, local2, local3, rx1, rx2, rx3};
     5ac:	f04f 0e00 	mov.w	lr, #0
		{
			// avoid duplicates
			if (array[j].node == array[new_element_idx].node)
			{
				array[j].node = 0;
     5b0:	46f0      	mov	r8, lr
		}

		// new_element points to the element with the highest priority (and lowest node ID if equal
		// priorities)
		array[i] = array[new_element_idx];
		array[new_element_idx] = cur_element;
     5b2:	46e3      	mov	fp, ip
     5b4:	e041      	b.n	63a <agg_rx_cb+0x106>
				array[j].node = 0;
     5b6:	a806      	add	r0, sp, #24
     5b8:	eb00 0043 	add.w	r0, r0, r3, lsl #1
     5bc:	f800 8c0b 	strb.w	r8, [r0, #-11]
				array[j].prio = 0;
     5c0:	f800 8c0c 	strb.w	r8, [r0, #-12]
				continue;
     5c4:	e000      	b.n	5c8 <agg_rx_cb+0x94>
     5c6:	461d      	mov	r5, r3
		for (j = i + 1; j < 6; j++)
     5c8:	3301      	adds	r3, #1
     5ca:	b2db      	uxtb	r3, r3
     5cc:	2b05      	cmp	r3, #5
     5ce:	d81c      	bhi.n	60a <agg_rx_cb+0xd6>
			if (array[j].node == array[new_element_idx].node)
     5d0:	a806      	add	r0, sp, #24
     5d2:	eb00 0043 	add.w	r0, r0, r3, lsl #1
     5d6:	f810 4c0b 	ldrb.w	r4, [r0, #-11]
     5da:	a806      	add	r0, sp, #24
     5dc:	eb00 0045 	add.w	r0, r0, r5, lsl #1
     5e0:	f810 0c0b 	ldrb.w	r0, [r0, #-11]
     5e4:	4284      	cmp	r4, r0
     5e6:	d0e6      	beq.n	5b6 <agg_rx_cb+0x82>
			if (array[j].prio > array[new_element_idx].prio)
     5e8:	ae06      	add	r6, sp, #24
     5ea:	eb06 0643 	add.w	r6, r6, r3, lsl #1
     5ee:	f816 7c0c 	ldrb.w	r7, [r6, #-12]
     5f2:	ae06      	add	r6, sp, #24
     5f4:	eb06 0645 	add.w	r6, r6, r5, lsl #1
     5f8:	f816 6c0c 	ldrb.w	r6, [r6, #-12]
     5fc:	42b7      	cmp	r7, r6
     5fe:	d8e2      	bhi.n	5c6 <agg_rx_cb+0x92>
			else if (array[j].prio == array[new_element_idx].prio)
     600:	d1e2      	bne.n	5c8 <agg_rx_cb+0x94>
				if (array[j].node < array[new_element_idx].node)
     602:	4284      	cmp	r4, r0
     604:	bf38      	it	cc
     606:	461d      	movcc	r5, r3
     608:	e7de      	b.n	5c8 <agg_rx_cb+0x94>
		array[i] = array[new_element_idx];
     60a:	ab06      	add	r3, sp, #24
     60c:	eb03 0345 	add.w	r3, r3, r5, lsl #1
     610:	f833 3c0c 	ldrh.w	r3, [r3, #-12]
     614:	f8ac 3000 	strh.w	r3, [ip]
		array[new_element_idx] = cur_element;
     618:	eb0b 0345 	add.w	r3, fp, r5, lsl #1
     61c:	f80b a015 	strb.w	sl, [fp, r5, lsl #1]
     620:	f883 9001 	strb.w	r9, [r3, #1]
		pn cur_element = array[i];
     624:	f89c a002 	ldrb.w	sl, [ip, #2]
     628:	f89c 9003 	ldrb.w	r9, [ip, #3]
		for (j = i + 1; j < 6; j++)
     62c:	f10e 0e01 	add.w	lr, lr, #1
     630:	f10c 0c02 	add.w	ip, ip, #2
     634:	f1be 0f05 	cmp.w	lr, #5
     638:	d004      	beq.n	644 <agg_rx_cb+0x110>
     63a:	fa5f f58e 	uxtb.w	r5, lr
     63e:	1c6b      	adds	r3, r5, #1
     640:	b2db      	uxtb	r3, r3
     642:	e7c5      	b.n	5d0 <agg_rx_cb+0x9c>
	}

	// invalidate aggregate before modification
	*agg_is_valid = 0;
     644:	2300      	movs	r3, #0
     646:	9c01      	ldr	r4, [sp, #4]
     648:	7023      	strb	r3, [r4, #0]
        dst[i] |= src[i];
     64a:	7813      	ldrb	r3, [r2, #0]
     64c:	780a      	ldrb	r2, [r1, #0]
     64e:	4313      	orrs	r3, r2
     650:	700b      	strb	r3, [r1, #0]

	merge_all_flags(agg_local, agg_rx);
	SET_PRIO1(agg_local, array[0].prio);
	SET_NODE1(agg_local, array[0].node);
     652:	f89d 300d 	ldrb.w	r3, [sp, #13]
	SET_PRIO1(agg_local, array[0].prio);
     656:	f89d 200c 	ldrb.w	r2, [sp, #12]
	SET_PRIO2(agg_local, array[1].prio);
     65a:	f002 020f 	and.w	r2, r2, #15
     65e:	f89d 000e 	ldrb.w	r0, [sp, #14]
     662:	ea42 1200 	orr.w	r2, r2, r0, lsl #4
     666:	708a      	strb	r2, [r1, #2]
	SET_NODE2(agg_local, array[1].node);
     668:	f89d 200f 	ldrb.w	r2, [sp, #15]
     66c:	f003 030f 	and.w	r3, r3, #15
     670:	ea43 1302 	orr.w	r3, r3, r2, lsl #4
     674:	710b      	strb	r3, [r1, #4]
	SET_PRIO3(agg_local, array[2].prio);
     676:	78cb      	ldrb	r3, [r1, #3]
     678:	f023 030f 	bic.w	r3, r3, #15
     67c:	f89d 2010 	ldrb.w	r2, [sp, #16]
     680:	f002 020f 	and.w	r2, r2, #15
     684:	4313      	orrs	r3, r2
     686:	70cb      	strb	r3, [r1, #3]
	SET_NODE3(agg_local, array[2].node);
     688:	794b      	ldrb	r3, [r1, #5]
     68a:	f023 030f 	bic.w	r3, r3, #15
     68e:	f89d 2011 	ldrb.w	r2, [sp, #17]
     692:	f002 020f 	and.w	r2, r2, #15
     696:	4313      	orrs	r3, r2
     698:	714b      	strb	r3, [r1, #5]

	// activate aggregate after modification
	*agg_is_valid = 1;
     69a:	2301      	movs	r3, #1
     69c:	7023      	strb	r3, [r4, #0]
}
     69e:	b007      	add	sp, #28
     6a0:	e8bd 8ff0 	ldmia.w	sp!, {r4, r5, r6, r7, r8, r9, sl, fp, pc}

000006a4 <all_flags_set>:
		if ((agg[byte_index] & (1 << bit_index)) == 0)
     6a4:	7800      	ldrb	r0, [r0, #0]
     6a6:	09c3      	lsrs	r3, r0, #7
     6a8:	d005      	beq.n	6b6 <all_flags_set+0x12>
     6aa:	f010 0f40 	tst.w	r0, #64	; 0x40
     6ae:	d004      	beq.n	6ba <all_flags_set+0x16>
     6b0:	f3c0 1040 	ubfx	r0, r0, #5, #1
}
     6b4:	4770      	bx	lr
			return 0;
     6b6:	2000      	movs	r0, #0
     6b8:	4770      	bx	lr
     6ba:	2000      	movs	r0, #0
     6bc:	4770      	bx	lr
	...

000006c0 <main>:

//**************************************************************************************************
//***** Global Functions ***************************************************************************

int main()
{
     6c0:	e92d 4ff0 	stmdb	sp!, {r4, r5, r6, r7, r8, r9, sl, fp, lr}
     6c4:	b0e1      	sub	sp, #388	; 0x184

	Gpi_Hybrid_Tick	t_ref; // time reference point at the end of a Mixer round
	unsigned int i;
	unsigned int plant_idx	= -1u;

	bolt_pkt_t	bolt_control_pkt =
     6c6:	2221      	movs	r2, #33	; 0x21
     6c8:	2100      	movs	r1, #0
     6ca:	a857      	add	r0, sp, #348	; 0x15c
     6cc:	f004 fd6f 	bl	51ae <memset>
	gpi_platform_init();
     6d0:	f001 f85e 	bl	1790 <gpi_platform_init>
  __ASM volatile ("cpsie i" : : : "memory");
     6d4:	b662      	cpsie	i
	NRF_RNG->INTENCLR = BV_BY_NAME(RNG_INTENCLR_VALRDY, Clear);
     6d6:	4b6a      	ldr	r3, [pc, #424]	; (880 <main+0x1c0>)
     6d8:	2201      	movs	r2, #1
     6da:	f8c3 2308 	str.w	r2, [r3, #776]	; 0x308
	NRF_RNG->CONFIG = BV_BY_NAME(RNG_CONFIG_DERCEN, Enabled);
     6de:	f8c3 2504 	str.w	r2, [r3, #1284]	; 0x504
	NRF_RNG->TASKS_START = 1;
     6e2:	601a      	str	r2, [r3, #0]
		SysTick->LOAD  = -1u;
     6e4:	4b67      	ldr	r3, [pc, #412]	; (884 <main+0x1c4>)
     6e6:	f04f 32ff 	mov.w	r2, #4294967295	; 0xffffffff
     6ea:	605a      	str	r2, [r3, #4]
		SysTick->VAL   = 0;
     6ec:	2200      	movs	r2, #0
     6ee:	609a      	str	r2, [r3, #8]
		SysTick->CTRL  = SysTick_CTRL_CLKSOURCE_Msk | SysTick_CTRL_ENABLE_Msk;
     6f0:	2205      	movs	r2, #5
     6f2:	601a      	str	r2, [r3, #0]
	gpi_radio_init(MX_PHY_MODE);
     6f4:	2003      	movs	r0, #3
     6f6:	f000 ffa1 	bl	163c <gpi_radio_init>
	gpi_radio_set_tx_power(gpi_radio_dbm_to_power_level(MX_TX_PWR_DBM));
     6fa:	f06f 0007 	mvn.w	r0, #7
     6fe:	f000 fedb 	bl	14b8 <gpi_radio_dbm_to_power_level>
     702:	f000 ff21 	bl	1548 <gpi_radio_set_tx_power>
			gpi_radio_set_channel(39);
     706:	2027      	movs	r0, #39	; 0x27
     708:	f000 ff26 	bl	1558 <gpi_radio_set_channel>
			gpi_radio_ble_set_access_address(~0x8E89BED6);
     70c:	485e      	ldr	r0, [pc, #376]	; (888 <main+0x1c8>)
     70e:	f000 ff8b 	bl	1628 <gpi_radio_ble_set_access_address>
	gpi_milli_sleep(500);
     712:	f44f 70fa 	mov.w	r0, #500	; 0x1f4
     716:	f000 fe89 	bl	142c <gpi_milli_sleep>
	if (bolt_init() != 0)
     71a:	f000 fe31 	bl	1380 <bolt_init>
     71e:	b148      	cbz	r0, 734 <main+0x74>
			printf("Bolt cannot be initialized!\n");
     720:	4d5a      	ldr	r5, [pc, #360]	; (88c <main+0x1cc>)
			gpi_milli_sleep(500);
     722:	f44f 74fa 	mov.w	r4, #500	; 0x1f4
			printf("Bolt cannot be initialized!\n");
     726:	4628      	mov	r0, r5
     728:	f004 fc84 	bl	5034 <printf>
			gpi_milli_sleep(500);
     72c:	4620      	mov	r0, r4
     72e:	f000 fe7d 	bl	142c <gpi_milli_sleep>
		while (1)
     732:	e7f8      	b.n	726 <main+0x66>
     734:	4605      	mov	r5, r0
	printf("Hardware initialized. Compiled at __DATE__ __TIME__ = " __DATE__ " " __TIME__ "\n");
     736:	4856      	ldr	r0, [pc, #344]	; (890 <main+0x1d0>)
     738:	f004 fc7c 	bl	5034 <printf>
	uint8_t T[256] = {
     73c:	f44f 7280 	mov.w	r2, #256	; 0x100
     740:	4954      	ldr	r1, [pc, #336]	; (894 <main+0x1d4>)
     742:	a817      	add	r0, sp, #92	; 0x5c
     744:	f004 fd0a 	bl	515c <__aeabi_memcpy>
	for (uint8_t i = 8; i > 0;) hash = T[hash ^ key[--i]];
     748:	4a53      	ldr	r2, [pc, #332]	; (898 <main+0x1d8>)
     74a:	f1a2 0408 	sub.w	r4, r2, #8
	uint8_t T[256] = {
     74e:	2108      	movs	r1, #8
	for (uint8_t i = 8; i > 0;) hash = T[hash ^ key[--i]];
     750:	a817      	add	r0, sp, #92	; 0x5c
     752:	f812 3d01 	ldrb.w	r3, [r2, #-1]!
     756:	4059      	eors	r1, r3
     758:	5c41      	ldrb	r1, [r0, r1]
     75a:	4294      	cmp	r4, r2
     75c:	d1f9      	bne.n	752 <main+0x92>
     75e:	4b4f      	ldr	r3, [pc, #316]	; (89c <main+0x1dc>)
     760:	7019      	strb	r1, [r3, #0]
	printf("version hash = %" PRIu8 "\n", hash);
     762:	484f      	ldr	r0, [pc, #316]	; (8a0 <main+0x1e0>)
     764:	f004 fc66 	bl	5034 <printf>
	if (0 == TOS_NODE_ID)
     768:	4b4e      	ldr	r3, [pc, #312]	; (8a4 <main+0x1e4>)
     76a:	881b      	ldrh	r3, [r3, #0]
     76c:	2b00      	cmp	r3, #0
     76e:	d147      	bne.n	800 <main+0x140>
static inline void gpi_nrf_uicr_read(void *dest, uintptr_t src, size_t size)
{
	src = MAX(src, sizeof(NRF_UICR->CUSTOMER));
	size = MAX(size, sizeof(NRF_UICR->CUSTOMER) - src);

	memcpy(dest, (uint8_t*)&(NRF_UICR->CUSTOMER) + src, size);
     770:	2204      	movs	r2, #4
     772:	494d      	ldr	r1, [pc, #308]	; (8a8 <main+0x1e8>)
     774:	a80d      	add	r0, sp, #52	; 0x34
     776:	f004 fcf1 	bl	515c <__aeabi_memcpy>
		if (0x55AA == data[0])
     77a:	f8bd 2034 	ldrh.w	r2, [sp, #52]	; 0x34
     77e:	f245 53aa 	movw	r3, #21930	; 0x55aa
     782:	429a      	cmp	r2, r3
     784:	d037      	beq.n	7f6 <main+0x136>
		while (0 == TOS_NODE_ID)
     786:	4b47      	ldr	r3, [pc, #284]	; (8a4 <main+0x1e4>)
     788:	881b      	ldrh	r3, [r3, #0]
     78a:	2b00      	cmp	r3, #0
     78c:	d138      	bne.n	800 <main+0x140>
			printf("TOS_NODE_ID not set. enter value: ");
     78e:	4e47      	ldr	r6, [pc, #284]	; (8ac <main+0x1ec>)
			TOS_NODE_ID = atoi(getsn(s, sizeof(s)));
     790:	4c44      	ldr	r4, [pc, #272]	; (8a4 <main+0x1e4>)
			printf("\nTOS_NODE_ID set to %u\n", TOS_NODE_ID);
     792:	4d47      	ldr	r5, [pc, #284]	; (8b0 <main+0x1f0>)
			printf("TOS_NODE_ID not set. enter value: ");
     794:	4630      	mov	r0, r6
     796:	f004 fc4d 	bl	5034 <printf>
			TOS_NODE_ID = atoi(getsn(s, sizeof(s)));
     79a:	2108      	movs	r1, #8
     79c:	a80e      	add	r0, sp, #56	; 0x38
     79e:	f001 f9d7 	bl	1b50 <getsn>
     7a2:	f004 fccb 	bl	513c <atoi>
     7a6:	8020      	strh	r0, [r4, #0]
			printf("\nTOS_NODE_ID set to %u\n", TOS_NODE_ID);
     7a8:	b281      	uxth	r1, r0
     7aa:	4628      	mov	r0, r5
     7ac:	f004 fc42 	bl	5034 <printf>
			if (0 == TOS_NODE_ID)
     7b0:	8823      	ldrh	r3, [r4, #0]
     7b2:	2b00      	cmp	r3, #0
     7b4:	d0ee      	beq.n	794 <main+0xd4>
			data[0] = 0x55AA;
     7b6:	f245 52aa 	movw	r2, #21930	; 0x55aa
     7ba:	f8ad 2034 	strh.w	r2, [sp, #52]	; 0x34
			data[1] = TOS_NODE_ID;
     7be:	f8ad 3036 	strh.w	r3, [sp, #54]	; 0x36
			gpi_nrf_uicr_erase();
     7c2:	f001 f8f1 	bl	19a8 <gpi_nrf_uicr_erase>
			gpi_nrf_uicr_write(0, &data, sizeof(data));
     7c6:	2204      	movs	r2, #4
     7c8:	a90d      	add	r1, sp, #52	; 0x34
     7ca:	2000      	movs	r0, #0
     7cc:	f001 f914 	bl	19f8 <gpi_nrf_uicr_write>
			printf("Restarting system...\n");
     7d0:	4838      	ldr	r0, [pc, #224]	; (8b4 <main+0x1f4>)
     7d2:	f004 fc2f 	bl	5034 <printf>
			gpi_milli_sleep(100);		// safety margin (e.g. to empty UART Tx FIFO)
     7d6:	2064      	movs	r0, #100	; 0x64
     7d8:	f000 fe28 	bl	142c <gpi_milli_sleep>
  __ASM volatile ("dsb 0xF":::"memory");
     7dc:	f3bf 8f4f 	dsb	sy
                           (SCB->AIRCR & SCB_AIRCR_PRIGROUP_Msk) |
     7e0:	4935      	ldr	r1, [pc, #212]	; (8b8 <main+0x1f8>)
     7e2:	68ca      	ldr	r2, [r1, #12]
     7e4:	f402 62e0 	and.w	r2, r2, #1792	; 0x700
     7e8:	4b34      	ldr	r3, [pc, #208]	; (8bc <main+0x1fc>)
     7ea:	4313      	orrs	r3, r2
  SCB->AIRCR  = (uint32_t)((0x5FAUL << SCB_AIRCR_VECTKEY_Pos)    |
     7ec:	60cb      	str	r3, [r1, #12]
     7ee:	f3bf 8f4f 	dsb	sy
  __ASM volatile ("nop");
     7f2:	bf00      	nop
     7f4:	e7fd      	b.n	7f2 <main+0x132>
			TOS_NODE_ID = data[1];
     7f6:	f8bd 2036 	ldrh.w	r2, [sp, #54]	; 0x36
     7fa:	4b2a      	ldr	r3, [pc, #168]	; (8a4 <main+0x1e4>)
     7fc:	801a      	strh	r2, [r3, #0]
     7fe:	e7c2      	b.n	786 <main+0xc6>
	printf("starting node %u ...\n", TOS_NODE_ID);
     800:	4e28      	ldr	r6, [pc, #160]	; (8a4 <main+0x1e4>)
     802:	8831      	ldrh	r1, [r6, #0]
     804:	482e      	ldr	r0, [pc, #184]	; (8c0 <main+0x200>)
     806:	f004 fc15 	bl	5034 <printf>
	NRF_RNG->TASKS_STOP = 1;
     80a:	4b1d      	ldr	r3, [pc, #116]	; (880 <main+0x1c0>)
     80c:	2001      	movs	r0, #1
     80e:	6058      	str	r0, [r3, #4]
	uint8_t rng_value = BV_BY_VALUE(RNG_VALUE_VALUE, NRF_RNG->VALUE);
     810:	f8d3 2508 	ldr.w	r2, [r3, #1288]	; 0x508
	uint32_t rng_seed = rng_value * gpi_mulu_16x16(TOS_NODE_ID, gpi_tick_fast_native());
     814:	8833      	ldrh	r3, [r6, #0]
	// ATTENTION: Exactly speaking, this procedure is not reentrant without additional locking.
	// However, if the caller's context is interruptable, it does not matter if the returned
	// timestamp is taken before, during, or after the interrupt as long as it stems from the
	// interval between function entry and return. Hence, we do not need a locking mechanism.

	_gpi_clocks_fast_timer->TASKS_CAPTURE[GPI_FAST_CLOCK_NRF_CAPTURE_REG] = 1;
     816:	492b      	ldr	r1, [pc, #172]	; (8c4 <main+0x204>)
     818:	6408      	str	r0, [r1, #64]	; 0x40
	return _gpi_clocks_fast_timer->CC[GPI_FAST_CLOCK_NRF_CAPTURE_REG];
     81a:	f8d1 4540 	ldr.w	r4, [r1, #1344]	; 0x540
     81e:	b2d2      	uxtb	r2, r2
     820:	fb03 f302 	mul.w	r3, r3, r2
     824:	b2a4      	uxth	r4, r4
     826:	fb04 f403 	mul.w	r4, r4, r3
	printf("random seed for Mixer is %" PRIu32"\n", rng_seed);
     82a:	4621      	mov	r1, r4
     82c:	4826      	ldr	r0, [pc, #152]	; (8c8 <main+0x208>)
     82e:	f004 fc01 	bl	5034 <printf>
	mixer_rand_seed(rng_seed);
     832:	4620      	mov	r0, r4
     834:	f003 f904 	bl	3a40 <mixer_rand_seed>
	for (node_id = 0; node_id < NUM_ELEMENTS(nodes); ++node_id)
     838:	4b24      	ldr	r3, [pc, #144]	; (8cc <main+0x20c>)
     83a:	2200      	movs	r2, #0
     83c:	701a      	strb	r2, [r3, #0]
		if (nodes[node_id] == TOS_NODE_ID)
     83e:	8831      	ldrh	r1, [r6, #0]
     840:	2901      	cmp	r1, #1
     842:	f000 83cf 	beq.w	fe4 <main+0x924>
     846:	2902      	cmp	r1, #2
     848:	f000 83c9 	beq.w	fde <main+0x91e>
     84c:	2903      	cmp	r1, #3
     84e:	f000 8407 	beq.w	1060 <main+0x9a0>
	for (node_id = 0; node_id < NUM_ELEMENTS(nodes); ++node_id)
     852:	2203      	movs	r2, #3
     854:	701a      	strb	r2, [r3, #0]
		printf("!!! PANIC: node mapping not found for node %u !!!\n", TOS_NODE_ID);
     856:	481e      	ldr	r0, [pc, #120]	; (8d0 <main+0x210>)
     858:	f004 fbec 	bl	5034 <printf>
		while (1);
     85c:	e7fe      	b.n	85c <main+0x19c>
		{.type					= BOLT_PRINT};


	initialization();

	for (i = 0; i < NUM_PLANTS; i++)
     85e:	f04f 0b00 	mov.w	fp, #0
     862:	e3e7      	b.n	1034 <main+0x974>
     864:	f04f 0b01 	mov.w	fp, #1
     868:	e3e4      	b.n	1034 <main+0x974>
		memset(agg_input, 0, AGGREGATE_SIZE);

		// Initiator sends control packet
		if (MX_INITIATOR_ID == TOS_NODE_ID)
		{
			bolt_control_pkt.control.seqNum = (uint16_t)round;
     86a:	4b1a      	ldr	r3, [pc, #104]	; (8d4 <main+0x214>)
     86c:	681b      	ldr	r3, [r3, #0]
     86e:	f8ad 315e 	strh.w	r3, [sp, #350]	; 0x15e
			// NOTE: We do not neet to include the type member in the packets exchanged with Mixer
			// because we specified that the control packet uses index 0 and data packets use
			// indexes > 0. Including packet type information is only needed when data is
			// transferred over Bolt.
			mixer_write(0, &bolt_control_pkt.control, sizeof(control_pkt_t));
     872:	2204      	movs	r2, #4
     874:	f50d 71af 	add.w	r1, sp, #350	; 0x15e
     878:	4650      	mov	r0, sl
     87a:	f001 fb19 	bl	1eb0 <mixer_write>
     87e:	e37d      	b.n	f7c <main+0x8bc>
     880:	4000d000 	.word	0x4000d000
     884:	e000e010 	.word	0xe000e010
     888:	71764129 	.word	0x71764129
     88c:	000058b8 	.word	0x000058b8
     890:	000058d8 	.word	0x000058d8
     894:	00005b78 	.word	0x00005b78
     898:	0000592c 	.word	0x0000592c
     89c:	200000cc 	.word	0x200000cc
     8a0:	00005930 	.word	0x00005930
     8a4:	20000004 	.word	0x20000004
     8a8:	10001100 	.word	0x10001100
     8ac:	00005944 	.word	0x00005944
     8b0:	00005968 	.word	0x00005968
     8b4:	00005980 	.word	0x00005980
     8b8:	e000ed00 	.word	0xe000ed00
     8bc:	05fa0004 	.word	0x05fa0004
     8c0:	00005998 	.word	0x00005998
     8c4:	40008000 	.word	0x40008000
     8c8:	000059b0 	.word	0x000059b0
     8cc:	200000e0 	.word	0x200000e0
     8d0:	000059d0 	.word	0x000059d0
     8d4:	200000f0 	.word	0x200000f0
		// CONTROL_MSG_LIMIT number of nodes in the same order. The node locally decides to send
		// nothing in order to break nothing.
		unsigned int unique_order = all_flags_set(agg);

		// Determine which node uses which Mixer index. The initiator uses index 0.
		unsigned int send_idx = -1u;
     8d8:	f04f 35ff 	mov.w	r5, #4294967295	; 0xffffffff
				}
			#endif
		}


		SET_COM_GPIO1();
     8dc:	f04f 43a0 	mov.w	r3, #1342177280	; 0x50000000
     8e0:	f04f 6280 	mov.w	r2, #67108864	; 0x4000000
     8e4:	f8c3 2508 	str.w	r2, [r3, #1288]	; 0x508
	_gpi_clocks_fast_timer->TASKS_CAPTURE[GPI_FAST_CLOCK_NRF_CAPTURE_REG] = 1;
     8e8:	4ac3      	ldr	r2, [pc, #780]	; (bf8 <main+0x538>)
     8ea:	2101      	movs	r1, #1
     8ec:	6411      	str	r1, [r2, #64]	; 0x40
	return _gpi_clocks_fast_timer->CC[GPI_FAST_CLOCK_NRF_CAPTURE_REG];
     8ee:	f8d2 3540 	ldr.w	r3, [r2, #1344]	; 0x540

_GPI_TICK_COMPARE_FUNCTION(slow_native, 	Gpi_Slow_Tick_Native)
_GPI_TICK_COMPARE_FUNCTION(slow_extended, 	Gpi_Slow_Tick_Extended)
_GPI_TICK_COMPARE_FUNCTION(fast_native, 	Gpi_Fast_Tick_Native)
_GPI_TICK_COMPARE_FUNCTION(fast_extended, 	Gpi_Fast_Tick_Extended)
_GPI_TICK_COMPARE_FUNCTION(hybrid, 			Gpi_Hybrid_Tick)
     8f2:	f5a3 23b3 	sub.w	r3, r3, #366592	; 0x59800
     8f6:	f5a3 73f8 	sub.w	r3, r3, #496	; 0x1f0
     8fa:	1b1b      	subs	r3, r3, r4
     8fc:	2b00      	cmp	r3, #0
     8fe:	dbf5      	blt.n	8ec <main+0x22c>
		// wait before reading from Bolt to give application enough time for computation
		while (gpi_tick_compare_hybrid(gpi_tick_hybrid(), READ_AND_ARM_OFFSET(t_ref, ROUND_PERIOD)) < 0);
		CLR_COM_GPIO1();
     900:	f04f 43a0 	mov.w	r3, #1342177280	; 0x50000000
     904:	f04f 6280 	mov.w	r2, #67108864	; 0x4000000
     908:	f8c3 250c 	str.w	r2, [r3, #1292]	; 0x50c

		PROFILE_MAIN("read and arm start");

		if (plant_idx != -1u)
     90c:	f1bb 3fff 	cmp.w	fp, #4294967295	; 0xffffffff
     910:	d05a      	beq.n	9c8 <main+0x308>
		{
			// Read packet from Bolt.
			bolt_pkt_t AP_pkt;
			unsigned int AP_pkt_error = -1u;
			if (BOLT_DATA_AVAILABLE)
     912:	f8d3 3510 	ldr.w	r3, [r3, #1296]	; 0x510
     916:	f413 1f80 	tst.w	r3, #1048576	; 0x100000
     91a:	f040 80ae 	bne.w	a7a <main+0x3ba>
			unsigned int AP_pkt_error = -1u;
     91e:	f04f 38ff 	mov.w	r8, #4294967295	; 0xffffffff
			// NOTE: We assume each node only sends one message and the initiator at index 0
			// does not have a pendulum!
			// NOTE: To distinguish between "lowest probability" and "probability not received", we
			// use 1 as lowest possible p and 0 as default value.
			uint8_t prob = 1;
			uint8_t trigger = 1;
     922:	2701      	movs	r7, #1
			uint8_t prob = 1;
     924:	463e      	mov	r6, r7
						SET_AGG_FLAG_NODE(agg_input, k);
					}
				}
			}
			#else
				SET_AGG_FLAG_NODE(agg_input, TOS_NODE_ID);
     926:	f8b9 1000 	ldrh.w	r1, [r9]
	uint8_t byte = (node - 1) / 8;
     92a:	b2cb      	uxtb	r3, r1
     92c:	3b01      	subs	r3, #1
	agg[byte] |= (1 << bit);
     92e:	48b3      	ldr	r0, [pc, #716]	; (bfc <main+0x53c>)
	uint8_t byte = (node - 1) / 8;
     930:	461a      	mov	r2, r3
     932:	2b00      	cmp	r3, #0
     934:	bfb8      	it	lt
     936:	1dda      	addlt	r2, r3, #7
     938:	10d2      	asrs	r2, r2, #3
	uint8_t bit = 7 - ((node - 1) % 8);
     93a:	f1d3 0c00 	rsbs	ip, r3, #0
     93e:	f003 0307 	and.w	r3, r3, #7
     942:	f00c 0c07 	and.w	ip, ip, #7
     946:	bf58      	it	pl
     948:	f1cc 0300 	rsbpl	r3, ip, #0
     94c:	f1c3 0307 	rsb	r3, r3, #7
	agg[byte] |= (1 << bit);
     950:	b2db      	uxtb	r3, r3
     952:	f04f 0c01 	mov.w	ip, #1
     956:	fa0c f303 	lsl.w	r3, ip, r3
     95a:	f810 c002 	ldrb.w	ip, [r0, r2]
     95e:	ea43 030c 	orr.w	r3, r3, ip
     962:	5483      	strb	r3, [r0, r2]
			#endif

			SET_NODE1(agg_input, TOS_NODE_ID);
     964:	48a5      	ldr	r0, [pc, #660]	; (bfc <main+0x53c>)
     966:	7903      	ldrb	r3, [r0, #4]
     968:	f023 030f 	bic.w	r3, r3, #15
     96c:	f001 010f 	and.w	r1, r1, #15
     970:	430b      	orrs	r3, r1
     972:	7103      	strb	r3, [r0, #4]
			SET_PRIO1(agg_input, prob);
     974:	7883      	ldrb	r3, [r0, #2]
     976:	f023 030f 	bic.w	r3, r3, #15
     97a:	f006 020f 	and.w	r2, r6, #15
     97e:	4313      	orrs	r3, r2
     980:	7083      	strb	r3, [r0, #2]
			mixer_write_agg(agg_input);
     982:	f001 f9c9 	bl	1d18 <mixer_write_agg>

			PROFILE_MAIN("mixer write start");

			#if !SIMULATE_MESSAGES
				// Check if the local node is allowed to send.
                                if (send_idx != -1u)
     986:	f1b5 3fff 	cmp.w	r5, #4294967295	; 0xffffffff
     98a:	d01d      	beq.n	9c8 <main+0x308>
				{
					// Write data if AP packet was ok, otherwise write weak zero.

                                        if (AP_pkt_error == 0)
     98c:	f1b8 0f00 	cmp.w	r8, #0
     990:	f040 808b 	bne.w	aaa <main+0x3ea>
								mixer_write(send_idx, NULL, 1);
							}
							else
						#endif
						{
							AP_pkt.enh_data.rank = rank;
     994:	4b9a      	ldr	r3, [pc, #616]	; (c00 <main+0x540>)
     996:	781b      	ldrb	r3, [r3, #0]
     998:	f88d 3074 	strb.w	r3, [sp, #116]	; 0x74
							AP_pkt.enh_data.version = hash;
     99c:	4b99      	ldr	r3, [pc, #612]	; (c04 <main+0x544>)
     99e:	781b      	ldrb	r3, [r3, #0]
     9a0:	f88d 3075 	strb.w	r3, [sp, #117]	; 0x75
							AP_pkt.enh_data.priority = prob;
     9a4:	f88d 6076 	strb.w	r6, [sp, #118]	; 0x76
							AP_pkt.enh_data.currTrigger = trigger;
     9a8:	f88d 7077 	strb.w	r7, [sp, #119]	; 0x77
							AP_pkt.enh_data.slot_full_rank = slot_full_rank;
     9ac:	4b96      	ldr	r3, [pc, #600]	; (c08 <main+0x548>)
     9ae:	781b      	ldrb	r3, [r3, #0]
     9b0:	f88d 3078 	strb.w	r3, [sp, #120]	; 0x78
							AP_pkt.enh_data.radio_on_time = radio_on_time;
     9b4:	4b95      	ldr	r3, [pc, #596]	; (c0c <main+0x54c>)
     9b6:	681b      	ldr	r3, [r3, #0]
     9b8:	f8cd 3079 	str.w	r3, [sp, #121]	; 0x79
							mixer_write(send_idx, &AP_pkt.enh_data, sizeof(enhanced_data_pkt_t));
     9bc:	221f      	movs	r2, #31
     9be:	f10d 015e 	add.w	r1, sp, #94	; 0x5e
     9c2:	4628      	mov	r0, r5
     9c4:	f001 fa74 	bl	1eb0 <mixer_write>


		// arm mixer
		// start first round with infinite scan
		// -> nodes join next available round, does not require simultaneous boot-up
		mixer_arm(((MX_INITIATOR_ID == TOS_NODE_ID) ? MX_ARM_INITIATOR : 0) | ((1 == round) ? MX_ARM_INFINITE_SCAN : 0));
     9c8:	f8b9 0000 	ldrh.w	r0, [r9]
     9cc:	4b90      	ldr	r3, [pc, #576]	; (c10 <main+0x550>)
     9ce:	681b      	ldr	r3, [r3, #0]
     9d0:	2b01      	cmp	r3, #1
     9d2:	bf0c      	ite	eq
     9d4:	2302      	moveq	r3, #2
     9d6:	2300      	movne	r3, #0
     9d8:	2801      	cmp	r0, #1
     9da:	bf14      	ite	ne
     9dc:	4618      	movne	r0, r3
     9de:	f043 0001 	orreq.w	r0, r3, #1
     9e2:	f001 fb0f 	bl	2004 <mixer_arm>
		PROFILE_MAIN("read and arm end");

		// delay initiator a bit
		// -> increase probability that all nodes are ready when initiator starts the round
		// -> avoid problems in view of limited t_ref accuracy
		SET_COM_GPIO1();
     9e6:	f04f 43a0 	mov.w	r3, #1342177280	; 0x50000000
     9ea:	f04f 6280 	mov.w	r2, #67108864	; 0x4000000
     9ee:	f8c3 2508 	str.w	r2, [r3, #1288]	; 0x508
		if (MX_INITIATOR_ID == TOS_NODE_ID)
     9f2:	f8b9 3000 	ldrh.w	r3, [r9]
     9f6:	2b01      	cmp	r3, #1
     9f8:	d05d      	beq.n	ab6 <main+0x3f6>
	_gpi_clocks_fast_timer->TASKS_CAPTURE[GPI_FAST_CLOCK_NRF_CAPTURE_REG] = 1;
     9fa:	4a7f      	ldr	r2, [pc, #508]	; (bf8 <main+0x538>)
     9fc:	2101      	movs	r1, #1
     9fe:	6411      	str	r1, [r2, #64]	; 0x40
	return _gpi_clocks_fast_timer->CC[GPI_FAST_CLOCK_NRF_CAPTURE_REG];
     a00:	f8d2 3540 	ldr.w	r3, [r2, #1344]	; 0x540
     a04:	f5a3 23b4 	sub.w	r3, r3, #368640	; 0x5a000
     a08:	f5a3 63e2 	sub.w	r3, r3, #1808	; 0x710
     a0c:	1b1b      	subs	r3, r3, r4
     a0e:	2b00      	cmp	r3, #0
     a10:	dbf5      	blt.n	9fe <main+0x33e>
		}
		else
		{
			while (gpi_tick_compare_hybrid(gpi_tick_hybrid(), MIXER_OFFSET(t_ref, ROUND_PERIOD)) < 0);
		}
		CLR_COM_GPIO1();
     a12:	f04f 45a0 	mov.w	r5, #1342177280	; 0x50000000
     a16:	f04f 6680 	mov.w	r6, #67108864	; 0x4000000
     a1a:	f8c5 650c 	str.w	r6, [r5, #1292]	; 0x50c

		// ATTENTION: don't delay after the polling loop (-> print before)
		t_ref = mixer_start();
     a1e:	f001 fb43 	bl	20a8 <mixer_start>
     a22:	4604      	mov	r4, r0

		PROFILE_MAIN("after mixer start");

		// If the timings are correct, flushing after the Mixer round is safe because new messages
		// should be available via Bolt earliest after the sync line event.
		SET_COM_GPIO1();
     a24:	f8c5 6508 	str.w	r6, [r5, #1288]	; 0x508
		bolt_flush();
     a28:	f000 fcea 	bl	1400 <bolt_flush>
		CLR_COM_GPIO1();
     a2c:	f8c5 650c 	str.w	r6, [r5, #1292]	; 0x50c

		PROFILE_MAIN("bolt flush end");

		initiator_msg_decoded = 0;
     a30:	4b78      	ldr	r3, [pc, #480]	; (c14 <main+0x554>)
     a32:	f8c3 a000 	str.w	sl, [r3]
		control_msg_decoded = 0;
     a36:	4b78      	ldr	r3, [pc, #480]	; (c18 <main+0x558>)
     a38:	f8c3 a000 	str.w	sl, [r3]
		prio_msg_decoded = 0;
     a3c:	4b77      	ldr	r3, [pc, #476]	; (c1c <main+0x55c>)
     a3e:	f8c3 a000 	str.w	sl, [r3]
		msgs_not_decoded = 0;
     a42:	4b77      	ldr	r3, [pc, #476]	; (c20 <main+0x560>)
     a44:	f8c3 a000 	str.w	sl, [r3]
		msgs_weak = 0;
     a48:	4b76      	ldr	r3, [pc, #472]	; (c24 <main+0x564>)
     a4a:	f8c3 a000 	str.w	sl, [r3]
		msgs_weak_fake = 0;
     a4e:	4b76      	ldr	r3, [pc, #472]	; (c28 <main+0x568>)
     a50:	f8c3 a000 	str.w	sl, [r3]
		rank = 0;
     a54:	4b6a      	ldr	r3, [pc, #424]	; (c00 <main+0x540>)
     a56:	f883 a000 	strb.w	sl, [r3]
		slot_full_rank = 0;
     a5a:	4b6b      	ldr	r3, [pc, #428]	; (c08 <main+0x548>)
     a5c:	f883 a000 	strb.w	sl, [r3]
		radio_on_time = 0;
     a60:	4b6a      	ldr	r3, [pc, #424]	; (c0c <main+0x54c>)
     a62:	f8c3 a000 	str.w	sl, [r3]
     a66:	2601      	movs	r6, #1
					bolt_pkt_t CP_pkt  = {.type = BOLT_DATA_FAKE};
					memcpy(&CP_pkt.data, p, sizeof(data_pkt_t));
					bolt_write(&CP_pkt, LEN_BOLT_DATA_FAKE);

					uint8_t index = ((enhanced_data_pkt_t*)p)->senderID;
					all_ranks[index-1] = ((enhanced_data_pkt_t*)p)->rank;
     a68:	f8df 81d8 	ldr.w	r8, [pc, #472]	; c44 <main+0x584>
     a6c:	e038      	b.n	ae0 <main+0x420>
				send_idx = 1;
     a6e:	2501      	movs	r5, #1
     a70:	e734      	b.n	8dc <main+0x21c>
				send_idx = 2;
     a72:	2502      	movs	r5, #2
     a74:	e732      	b.n	8dc <main+0x21c>
				send_idx = 3;
     a76:	2503      	movs	r5, #3
     a78:	e730      	b.n	8dc <main+0x21c>
				if (bolt_read(&AP_pkt) == 0)
     a7a:	a817      	add	r0, sp, #92	; 0x5c
     a7c:	f000 fbc0 	bl	1200 <bolt_read>
				if (AP_pkt.type != BOLT_DATA_PROB) AP_pkt_error = 2;
     a80:	f89d 305c 	ldrb.w	r3, [sp, #92]	; 0x5c
     a84:	2b02      	cmp	r3, #2
     a86:	d004      	beq.n	a92 <main+0x3d2>
     a88:	f04f 0802 	mov.w	r8, #2
			uint8_t trigger = 1;
     a8c:	2701      	movs	r7, #1
			uint8_t prob = 1;
     a8e:	463e      	mov	r6, r7
     a90:	e749      	b.n	926 <main+0x266>
			if (AP_pkt_error == 0)
     a92:	b128      	cbz	r0, aa0 <main+0x3e0>
				prob = AP_pkt.data_prob.prob_info.prob;
     a94:	f89d 6075 	ldrb.w	r6, [sp, #117]	; 0x75
				trigger = AP_pkt.data_prob.prob_info.currTrigger;
     a98:	f89d 7074 	ldrb.w	r7, [sp, #116]	; 0x74
     a9c:	46d0      	mov	r8, sl
     a9e:	e742      	b.n	926 <main+0x266>
     aa0:	f04f 0801 	mov.w	r8, #1
			uint8_t trigger = 1;
     aa4:	4647      	mov	r7, r8
			uint8_t prob = 1;
     aa6:	4646      	mov	r6, r8
     aa8:	e73d      	b.n	926 <main+0x266>
						mixer_write(send_idx, NULL, 1);
     aaa:	2201      	movs	r2, #1
     aac:	4651      	mov	r1, sl
     aae:	4628      	mov	r0, r5
     ab0:	f001 f9fe 	bl	1eb0 <mixer_write>
			PROFILE_MAIN("mixer write end");
     ab4:	e788      	b.n	9c8 <main+0x308>
	_gpi_clocks_fast_timer->TASKS_CAPTURE[GPI_FAST_CLOCK_NRF_CAPTURE_REG] = 1;
     ab6:	4a50      	ldr	r2, [pc, #320]	; (bf8 <main+0x538>)
     ab8:	2101      	movs	r1, #1
     aba:	6411      	str	r1, [r2, #64]	; 0x40
	return _gpi_clocks_fast_timer->CC[GPI_FAST_CLOCK_NRF_CAPTURE_REG];
     abc:	f8d2 3540 	ldr.w	r3, [r2, #1344]	; 0x540
     ac0:	f5a3 23be 	sub.w	r3, r3, #389120	; 0x5f000
     ac4:	f5a3 7304 	sub.w	r3, r3, #528	; 0x210
     ac8:	1b1b      	subs	r3, r3, r4
     aca:	2b00      	cmp	r3, #0
     acc:	daa1      	bge.n	a12 <main+0x352>
     ace:	e7f4      	b.n	aba <main+0x3fa>
				++msgs_not_decoded;
     ad0:	4a53      	ldr	r2, [pc, #332]	; (c20 <main+0x560>)
     ad2:	6813      	ldr	r3, [r2, #0]
     ad4:	3301      	adds	r3, #1
     ad6:	6013      	str	r3, [r2, #0]
		for (i = 0; i < MX_GENERATION_SIZE; i++)
     ad8:	2e03      	cmp	r6, #3
     ada:	f200 80e3 	bhi.w	ca4 <main+0x5e4>
     ade:	3601      	adds	r6, #1
     ae0:	1e77      	subs	r7, r6, #1
			void *p = mixer_read(i);
     ae2:	4638      	mov	r0, r7
     ae4:	f001 fb40 	bl	2168 <mixer_read>
			if (NULL == p)
     ae8:	4605      	mov	r5, r0
     aea:	2800      	cmp	r0, #0
     aec:	d0f0      	beq.n	ad0 <main+0x410>
			else if ((void*)-1 == p)
     aee:	f1b0 3fff 	cmp.w	r0, #4294967295	; 0xffffffff
     af2:	d03a      	beq.n	b6a <main+0x4aa>
				if (i == 0)
     af4:	2f00      	cmp	r7, #0
     af6:	d03d      	beq.n	b74 <main+0x4b4>
				else if ((i < (CONTROL_MSG_LIMIT + 1)) && unique_order) // +1 because initiator control msg at index 0
     af8:	9b0b      	ldr	r3, [sp, #44]	; 0x2c
     afa:	2b00      	cmp	r3, #0
     afc:	f000 80a4 	beq.w	c48 <main+0x588>
						if ((((enhanced_data_pkt_t*)p)->currTrigger == 1)
     b00:	7e43      	ldrb	r3, [r0, #25]
     b02:	2b01      	cmp	r3, #1
     b04:	d060      	beq.n	bc8 <main+0x508>
							|| ((i == 1) && (GET_PRIO1(agg) == 1))
     b06:	2f01      	cmp	r7, #1
     b08:	d052      	beq.n	bb0 <main+0x4f0>
							|| ((i == 2) && (GET_PRIO2(agg) == 1)))
     b0a:	2f02      	cmp	r7, #2
     b0c:	d057      	beq.n	bbe <main+0x4fe>
						control_msg_decoded++;
     b0e:	4a42      	ldr	r2, [pc, #264]	; (c18 <main+0x558>)
     b10:	6813      	ldr	r3, [r2, #0]
     b12:	3301      	adds	r3, #1
     b14:	6013      	str	r3, [r2, #0]
						bolt_pkt_t CP_pkt  = {.type = BOLT_DATA};
     b16:	2221      	movs	r2, #33	; 0x21
     b18:	4651      	mov	r1, sl
     b1a:	a817      	add	r0, sp, #92	; 0x5c
     b1c:	f004 fb47 	bl	51ae <memset>
     b20:	2301      	movs	r3, #1
     b22:	f88d 305c 	strb.w	r3, [sp, #92]	; 0x5c
						memcpy(&CP_pkt.data, p, sizeof(data_pkt_t));
     b26:	2216      	movs	r2, #22
     b28:	4629      	mov	r1, r5
     b2a:	f10d 005e 	add.w	r0, sp, #94	; 0x5e
     b2e:	f004 fb15 	bl	515c <__aeabi_memcpy>
						bolt_write(&CP_pkt, LEN_BOLT_DATA);
     b32:	2118      	movs	r1, #24
     b34:	a817      	add	r0, sp, #92	; 0x5c
     b36:	f000 fbb3 	bl	12a0 <bolt_write>
					uint8_t index = ((enhanced_data_pkt_t*)p)->senderID;
     b3a:	882b      	ldrh	r3, [r5, #0]
					all_ranks[index-1] = ((enhanced_data_pkt_t*)p)->rank;
     b3c:	b2db      	uxtb	r3, r3
     b3e:	3b01      	subs	r3, #1
     b40:	7daa      	ldrb	r2, [r5, #22]
     b42:	f808 2003 	strb.w	r2, [r8, r3]
					all_versions[index-1] = ((enhanced_data_pkt_t*)p)->version;
     b46:	7dea      	ldrb	r2, [r5, #23]
     b48:	4938      	ldr	r1, [pc, #224]	; (c2c <main+0x56c>)
     b4a:	54ca      	strb	r2, [r1, r3]
					all_priorities[index-1] = ((enhanced_data_pkt_t*)p)->priority;
     b4c:	7e29      	ldrb	r1, [r5, #24]
     b4e:	4a38      	ldr	r2, [pc, #224]	; (c30 <main+0x570>)
     b50:	54d1      	strb	r1, [r2, r3]
					all_currTrigger[index-1] = ((enhanced_data_pkt_t*)p)->currTrigger;
     b52:	7e69      	ldrb	r1, [r5, #25]
     b54:	4a37      	ldr	r2, [pc, #220]	; (c34 <main+0x574>)
     b56:	54d1      	strb	r1, [r2, r3]
					all_slot_full_rank[index-1] = ((enhanced_data_pkt_t*)p)->slot_full_rank;
     b58:	7ea9      	ldrb	r1, [r5, #26]
     b5a:	4a37      	ldr	r2, [pc, #220]	; (c38 <main+0x578>)
     b5c:	54d1      	strb	r1, [r2, r3]
					all_radio_on_time[index-1] = ((enhanced_data_pkt_t*)p)->radio_on_time;
     b5e:	f8d5 101b 	ldr.w	r1, [r5, #27]
     b62:	4a36      	ldr	r2, [pc, #216]	; (c3c <main+0x57c>)
     b64:	f842 1023 	str.w	r1, [r2, r3, lsl #2]
				{
     b68:	e7b6      	b.n	ad8 <main+0x418>
				++msgs_weak;
     b6a:	4a2e      	ldr	r2, [pc, #184]	; (c24 <main+0x564>)
     b6c:	6813      	ldr	r3, [r2, #0]
     b6e:	3301      	adds	r3, #1
     b70:	6013      	str	r3, [r2, #0]
     b72:	e7b1      	b.n	ad8 <main+0x418>
					initiator_msg_decoded = 1;
     b74:	4b27      	ldr	r3, [pc, #156]	; (c14 <main+0x554>)
     b76:	2201      	movs	r2, #1
     b78:	601a      	str	r2, [r3, #0]
					memcpy(&bolt_control_pkt.control, p, sizeof(control_pkt_t));
     b7a:	2204      	movs	r2, #4
     b7c:	4601      	mov	r1, r0
     b7e:	f50d 70af 	add.w	r0, sp, #350	; 0x15e
     b82:	f004 faeb 	bl	515c <__aeabi_memcpy>
					bolt_write(&bolt_control_pkt, LEN_BOLT_CONTROL);
     b86:	2106      	movs	r1, #6
     b88:	a857      	add	r0, sp, #348	; 0x15c
     b8a:	f000 fb89 	bl	12a0 <bolt_write>
					if (1 == round)
     b8e:	4b20      	ldr	r3, [pc, #128]	; (c10 <main+0x550>)
     b90:	681b      	ldr	r3, [r3, #0]
     b92:	2b01      	cmp	r3, #1
     b94:	d007      	beq.n	ba6 <main+0x4e6>
					else if (bolt_control_pkt.control.seqNum != round)
     b96:	f8bd 215e 	ldrh.w	r2, [sp, #350]	; 0x15e
     b9a:	4293      	cmp	r3, r2
     b9c:	d09f      	beq.n	ade <main+0x41e>
						round = 0;	// increments to 1 with next round loop iteration
     b9e:	4b1c      	ldr	r3, [pc, #112]	; (c10 <main+0x550>)
     ba0:	f8c3 a000 	str.w	sl, [r3]
     ba4:	e79b      	b.n	ade <main+0x41e>
						round = bolt_control_pkt.control.seqNum;
     ba6:	f8bd 315e 	ldrh.w	r3, [sp, #350]	; 0x15e
     baa:	4a19      	ldr	r2, [pc, #100]	; (c10 <main+0x550>)
     bac:	6013      	str	r3, [r2, #0]
     bae:	e796      	b.n	ade <main+0x41e>
							|| ((i == 1) && (GET_PRIO1(agg) == 1))
     bb0:	4b23      	ldr	r3, [pc, #140]	; (c40 <main+0x580>)
     bb2:	791b      	ldrb	r3, [r3, #4]
     bb4:	f003 030f 	and.w	r3, r3, #15
     bb8:	2b01      	cmp	r3, #1
     bba:	d1a8      	bne.n	b0e <main+0x44e>
     bbc:	e004      	b.n	bc8 <main+0x508>
							|| ((i == 2) && (GET_PRIO2(agg) == 1)))
     bbe:	4b20      	ldr	r3, [pc, #128]	; (c40 <main+0x580>)
     bc0:	791b      	ldrb	r3, [r3, #4]
     bc2:	091b      	lsrs	r3, r3, #4
     bc4:	2b01      	cmp	r3, #1
     bc6:	d1a2      	bne.n	b0e <main+0x44e>
							++msgs_weak_fake;
     bc8:	4a17      	ldr	r2, [pc, #92]	; (c28 <main+0x568>)
     bca:	6813      	ldr	r3, [r2, #0]
     bcc:	3301      	adds	r3, #1
     bce:	6013      	str	r3, [r2, #0]
							bolt_pkt_t CP_pkt  = {.type = BOLT_DATA_FAKE};
     bd0:	2221      	movs	r2, #33	; 0x21
     bd2:	4651      	mov	r1, sl
     bd4:	a817      	add	r0, sp, #92	; 0x5c
     bd6:	f004 faea 	bl	51ae <memset>
     bda:	2305      	movs	r3, #5
     bdc:	f88d 305c 	strb.w	r3, [sp, #92]	; 0x5c
							memcpy(&CP_pkt.data, p, sizeof(data_pkt_t));
     be0:	2216      	movs	r2, #22
     be2:	4629      	mov	r1, r5
     be4:	f10d 005e 	add.w	r0, sp, #94	; 0x5e
     be8:	f004 fab8 	bl	515c <__aeabi_memcpy>
							bolt_write(&CP_pkt, LEN_BOLT_DATA_FAKE);
     bec:	2118      	movs	r1, #24
     bee:	a817      	add	r0, sp, #92	; 0x5c
     bf0:	f000 fb56 	bl	12a0 <bolt_write>
						{
     bf4:	e7a1      	b.n	b3a <main+0x47a>
     bf6:	bf00      	nop
     bf8:	40008000 	.word	0x40008000
     bfc:	200000a0 	.word	0x200000a0
     c00:	200000ec 	.word	0x200000ec
     c04:	200000cc 	.word	0x200000cc
     c08:	200000f4 	.word	0x200000f4
     c0c:	200000e8 	.word	0x200000e8
     c10:	200000f0 	.word	0x200000f0
     c14:	200000d0 	.word	0x200000d0
     c18:	200000c8 	.word	0x200000c8
     c1c:	200000e4 	.word	0x200000e4
     c20:	200000d4 	.word	0x200000d4
     c24:	200000d8 	.word	0x200000d8
     c28:	200000dc 	.word	0x200000dc
     c2c:	200000c4 	.word	0x200000c4
     c30:	200000ac 	.word	0x200000ac
     c34:	200000a8 	.word	0x200000a8
     c38:	200000c0 	.word	0x200000c0
     c3c:	200000b0 	.word	0x200000b0
     c40:	20000008 	.word	0x20000008
     c44:	200000bc 	.word	0x200000bc
					prio_msg_decoded++;
     c48:	4a3a      	ldr	r2, [pc, #232]	; (d34 <main+0x674>)
     c4a:	6813      	ldr	r3, [r2, #0]
     c4c:	3301      	adds	r3, #1
     c4e:	6013      	str	r3, [r2, #0]
					bolt_pkt_t CP_pkt  = {.type = BOLT_DATA_FAKE};
     c50:	2221      	movs	r2, #33	; 0x21
     c52:	4651      	mov	r1, sl
     c54:	a817      	add	r0, sp, #92	; 0x5c
     c56:	f004 faaa 	bl	51ae <memset>
     c5a:	2305      	movs	r3, #5
     c5c:	f88d 305c 	strb.w	r3, [sp, #92]	; 0x5c
					memcpy(&CP_pkt.data, p, sizeof(data_pkt_t));
     c60:	2216      	movs	r2, #22
     c62:	4629      	mov	r1, r5
     c64:	f10d 005e 	add.w	r0, sp, #94	; 0x5e
     c68:	f004 fa78 	bl	515c <__aeabi_memcpy>
					bolt_write(&CP_pkt, LEN_BOLT_DATA_FAKE);
     c6c:	2118      	movs	r1, #24
     c6e:	a817      	add	r0, sp, #92	; 0x5c
     c70:	f000 fb16 	bl	12a0 <bolt_write>
					uint8_t index = ((enhanced_data_pkt_t*)p)->senderID;
     c74:	882b      	ldrh	r3, [r5, #0]
					all_ranks[index-1] = ((enhanced_data_pkt_t*)p)->rank;
     c76:	b2db      	uxtb	r3, r3
     c78:	3b01      	subs	r3, #1
     c7a:	7daa      	ldrb	r2, [r5, #22]
     c7c:	f808 2003 	strb.w	r2, [r8, r3]
					all_versions[index-1] = ((enhanced_data_pkt_t*)p)->version;
     c80:	7dea      	ldrb	r2, [r5, #23]
     c82:	492d      	ldr	r1, [pc, #180]	; (d38 <main+0x678>)
     c84:	54ca      	strb	r2, [r1, r3]
					all_priorities[index-1] = ((enhanced_data_pkt_t*)p)->priority;
     c86:	7e29      	ldrb	r1, [r5, #24]
     c88:	4a2c      	ldr	r2, [pc, #176]	; (d3c <main+0x67c>)
     c8a:	54d1      	strb	r1, [r2, r3]
					all_currTrigger[index-1] = ((enhanced_data_pkt_t*)p)->currTrigger;
     c8c:	7e69      	ldrb	r1, [r5, #25]
     c8e:	4a2c      	ldr	r2, [pc, #176]	; (d40 <main+0x680>)
     c90:	54d1      	strb	r1, [r2, r3]
					all_slot_full_rank[index-1] = ((enhanced_data_pkt_t*)p)->slot_full_rank;
     c92:	7ea9      	ldrb	r1, [r5, #26]
     c94:	4a2b      	ldr	r2, [pc, #172]	; (d44 <main+0x684>)
     c96:	54d1      	strb	r1, [r2, r3]
					all_radio_on_time[index-1] = ((enhanced_data_pkt_t*)p)->radio_on_time;
     c98:	f8d5 101b 	ldr.w	r1, [r5, #27]
     c9c:	4a2a      	ldr	r2, [pc, #168]	; (d48 <main+0x688>)
     c9e:	f842 1023 	str.w	r1, [r2, r3, lsl #2]
     ca2:	e719      	b.n	ad8 <main+0x418>
				}
			}
		}

		// process aggregate data
		memcpy(agg, mixer_read_agg(), AGGREGATE_SIZE);
     ca4:	f001 f846 	bl	1d34 <mixer_read_agg>
     ca8:	4601      	mov	r1, r0
     caa:	2206      	movs	r2, #6
     cac:	4827      	ldr	r0, [pc, #156]	; (d4c <main+0x68c>)
     cae:	f004 fa55 	bl	515c <__aeabi_memcpy>
		// bolt_write(&bolt_agg_pkt, LEN_BOLT_AGG_DATA);

		PROFILE_MAIN("after mixer end");

		SET_COM_GPIO1();
     cb2:	f04f 43a0 	mov.w	r3, #1342177280	; 0x50000000
     cb6:	f04f 6280 	mov.w	r2, #67108864	; 0x4000000
     cba:	f8c3 2508 	str.w	r2, [r3, #1288]	; 0x508
	_gpi_clocks_fast_timer->TASKS_CAPTURE[GPI_FAST_CLOCK_NRF_CAPTURE_REG] = 1;
     cbe:	4a24      	ldr	r2, [pc, #144]	; (d50 <main+0x690>)
     cc0:	2101      	movs	r1, #1
     cc2:	6411      	str	r1, [r2, #64]	; 0x40
	return _gpi_clocks_fast_timer->CC[GPI_FAST_CLOCK_NRF_CAPTURE_REG];
     cc4:	f8d2 3540 	ldr.w	r3, [r2, #1344]	; 0x540
     cc8:	1b1b      	subs	r3, r3, r4
     cca:	f5b3 4f2f 	cmp.w	r3, #44800	; 0xaf00
     cce:	d4f8      	bmi.n	cc2 <main+0x602>
		while (gpi_tick_compare_hybrid(gpi_tick_hybrid(), SYNC_LINE_OFFSET(t_ref)) < 0);
		CLR_COM_GPIO1();
     cd0:	f04f 45a0 	mov.w	r5, #1342177280	; 0x50000000
     cd4:	f04f 6680 	mov.w	r6, #67108864	; 0x4000000
     cd8:	f8c5 650c 	str.w	r6, [r5, #1292]	; 0x50c

		SET_COM_GPIO2();
     cdc:	f04f 5780 	mov.w	r7, #268435456	; 0x10000000
     ce0:	f8c5 7508 	str.w	r7, [r5, #1288]	; 0x508

		// We toggle the sync line to signal the AP. We delay the pull down to
		// prevent the AP from missing the event, because the CP runs faster
		// than the AP (64 vs. 48 MHz).
		NRF_P0->OUTSET = BV(2);
     ce4:	f04f 0804 	mov.w	r8, #4
     ce8:	f8c5 8508 	str.w	r8, [r5, #1288]	; 0x508
		gpi_micro_sleep(1);
     cec:	2001      	movs	r0, #1
     cee:	f000 fbb1 	bl	1454 <gpi_micro_sleep>
		NRF_P0->OUTCLR = BV(2);
     cf2:	f8c5 850c 	str.w	r8, [r5, #1292]	; 0x50c

		CLR_COM_GPIO2();
     cf6:	f8c5 750c 	str.w	r7, [r5, #1292]	; 0x50c

		PROFILE_MAIN("print start");

		SET_COM_GPIO1();
     cfa:	f8c5 6508 	str.w	r6, [r5, #1288]	; 0x508
	slot_full_rank = mixer_statistics()->slot_full_rank;
     cfe:	f001 fac9 	bl	2294 <mixer_statistics>
     d02:	8cc2      	ldrh	r2, [r0, #38]	; 0x26
     d04:	4b13      	ldr	r3, [pc, #76]	; (d54 <main+0x694>)
     d06:	701a      	strb	r2, [r3, #0]
	radio_on_time = gpi_tick_hybrid_to_us(mixer_statistics()->radio_on_time);
     d08:	f001 fac4 	bl	2294 <mixer_statistics>
		ASSERT_CT(
			(GPI_HYBRID_CLOCK_RATE == (GPI_HYBRID_CLOCK_RATE / 1000000) * 1000000) &&
			IS_POWER_OF_2(GPI_HYBRID_CLOCK_RATE / 1000000),
			GPI_HYBRID_CLOCK_RATE_unsupported);

		return ticks / (GPI_HYBRID_CLOCK_RATE / 1000000);
     d0c:	6b43      	ldr	r3, [r0, #52]	; 0x34
     d0e:	fa23 f308 	lsr.w	r3, r3, r8
     d12:	4a11      	ldr	r2, [pc, #68]	; (d58 <main+0x698>)
     d14:	6013      	str	r3, [r2, #0]
	for (i = 0; i < MX_GENERATION_SIZE; i++)
     d16:	2500      	movs	r5, #0
     d18:	e002      	b.n	d20 <main+0x660>
     d1a:	3501      	adds	r5, #1
     d1c:	2d04      	cmp	r5, #4
     d1e:	d01f      	beq.n	d60 <main+0x6a0>
		if (mixer_stat_slot(i) >= 0) ++rank;
     d20:	4628      	mov	r0, r5
     d22:	f001 fa83 	bl	222c <mixer_stat_slot>
     d26:	2800      	cmp	r0, #0
     d28:	dbf7      	blt.n	d1a <main+0x65a>
     d2a:	4a0c      	ldr	r2, [pc, #48]	; (d5c <main+0x69c>)
     d2c:	7813      	ldrb	r3, [r2, #0]
     d2e:	3301      	adds	r3, #1
     d30:	7013      	strb	r3, [r2, #0]
     d32:	e7f2      	b.n	d1a <main+0x65a>
     d34:	200000e4 	.word	0x200000e4
     d38:	200000c4 	.word	0x200000c4
     d3c:	200000ac 	.word	0x200000ac
     d40:	200000a8 	.word	0x200000a8
     d44:	200000c0 	.word	0x200000c0
     d48:	200000b0 	.word	0x200000b0
     d4c:	2000000a 	.word	0x2000000a
     d50:	40008000 	.word	0x40008000
     d54:	200000f4 	.word	0x200000f4
     d58:	200000e8 	.word	0x200000e8
     d5c:	200000ec 	.word	0x200000ec
	PRINT_HEADER();
     d60:	4ec0      	ldr	r6, [pc, #768]	; (1064 <main+0x9a4>)
     d62:	f8b9 1000 	ldrh.w	r1, [r9]
     d66:	4630      	mov	r0, r6
     d68:	f004 f964 	bl	5034 <printf>
	printf("round=%" PRIu32 " rank=%" PRIu8 " initDec=%" PRIu32 " ctrlDec=%" PRIu32
     d6c:	4bbe      	ldr	r3, [pc, #760]	; (1068 <main+0x9a8>)
     d6e:	681b      	ldr	r3, [r3, #0]
     d70:	9304      	str	r3, [sp, #16]
     d72:	4bbe      	ldr	r3, [pc, #760]	; (106c <main+0x9ac>)
     d74:	681b      	ldr	r3, [r3, #0]
     d76:	9303      	str	r3, [sp, #12]
     d78:	4bbd      	ldr	r3, [pc, #756]	; (1070 <main+0x9b0>)
     d7a:	681b      	ldr	r3, [r3, #0]
     d7c:	9302      	str	r3, [sp, #8]
     d7e:	4bbd      	ldr	r3, [pc, #756]	; (1074 <main+0x9b4>)
     d80:	681b      	ldr	r3, [r3, #0]
     d82:	9301      	str	r3, [sp, #4]
     d84:	4bbc      	ldr	r3, [pc, #752]	; (1078 <main+0x9b8>)
     d86:	681b      	ldr	r3, [r3, #0]
     d88:	9300      	str	r3, [sp, #0]
     d8a:	4bbc      	ldr	r3, [pc, #752]	; (107c <main+0x9bc>)
     d8c:	681b      	ldr	r3, [r3, #0]
     d8e:	4abc      	ldr	r2, [pc, #752]	; (1080 <main+0x9c0>)
     d90:	7812      	ldrb	r2, [r2, #0]
     d92:	49bc      	ldr	r1, [pc, #752]	; (1084 <main+0x9c4>)
     d94:	6809      	ldr	r1, [r1, #0]
     d96:	48bc      	ldr	r0, [pc, #752]	; (1088 <main+0x9c8>)
     d98:	f004 f94c 	bl	5034 <printf>
	PRINT_HEADER();
     d9c:	f8b9 1000 	ldrh.w	r1, [r9]
     da0:	4630      	mov	r0, r6
     da2:	f004 f947 	bl	5034 <printf>
	printf("aggregate: %02" PRIx8 " %02" PRIx8 " %02" PRIx8 " %02" PRIx8 " %02" PRIx8 " %02" PRIx8 " (n1=%" PRIu8 " p1=%" PRIu8 " n2=%" PRIu8 " p2=%" PRIu8 " n3=%" PRIu8 " p3=%" PRIu8 ")\n", agg[0], agg[1], agg[2], agg[3], agg[4], agg[5], GET_NODE1(agg), GET_PRIO1(agg), GET_NODE2(agg), GET_PRIO2(agg), GET_NODE3(agg), GET_PRIO3(agg));
     da6:	4fb9      	ldr	r7, [pc, #740]	; (108c <main+0x9cc>)
     da8:	793b      	ldrb	r3, [r7, #4]
     daa:	7979      	ldrb	r1, [r7, #5]
     dac:	79ba      	ldrb	r2, [r7, #6]
     dae:	79f8      	ldrb	r0, [r7, #7]
     db0:	f001 050f 	and.w	r5, r1, #15
     db4:	9508      	str	r5, [sp, #32]
     db6:	f000 050f 	and.w	r5, r0, #15
     dba:	9507      	str	r5, [sp, #28]
     dbc:	091d      	lsrs	r5, r3, #4
     dbe:	9506      	str	r5, [sp, #24]
     dc0:	0915      	lsrs	r5, r2, #4
     dc2:	9505      	str	r5, [sp, #20]
     dc4:	f003 050f 	and.w	r5, r3, #15
     dc8:	9504      	str	r5, [sp, #16]
     dca:	f002 050f 	and.w	r5, r2, #15
     dce:	9503      	str	r5, [sp, #12]
     dd0:	9002      	str	r0, [sp, #8]
     dd2:	9201      	str	r2, [sp, #4]
     dd4:	9100      	str	r1, [sp, #0]
     dd6:	78fa      	ldrb	r2, [r7, #3]
     dd8:	78b9      	ldrb	r1, [r7, #2]
     dda:	48ad      	ldr	r0, [pc, #692]	; (1090 <main+0x9d0>)
     ddc:	f004 f92a 	bl	5034 <printf>
	PRINT_HEADER();
     de0:	f8b9 1000 	ldrh.w	r1, [r9]
     de4:	4630      	mov	r0, r6
     de6:	f004 f925 	bl	5034 <printf>
	printf("prios=[");
     dea:	48aa      	ldr	r0, [pc, #680]	; (1094 <main+0x9d4>)
     dec:	f004 f922 	bl	5034 <printf>
		printf("%" PRIu8 ";", all_priorities[i]);
     df0:	f8df 82e8 	ldr.w	r8, [pc, #744]	; 10dc <main+0xa1c>
     df4:	4da8      	ldr	r5, [pc, #672]	; (1098 <main+0x9d8>)
     df6:	f898 1000 	ldrb.w	r1, [r8]
     dfa:	4628      	mov	r0, r5
     dfc:	f004 f91a 	bl	5034 <printf>
     e00:	f898 1001 	ldrb.w	r1, [r8, #1]
     e04:	4628      	mov	r0, r5
     e06:	f004 f915 	bl	5034 <printf>
     e0a:	f898 1002 	ldrb.w	r1, [r8, #2]
     e0e:	4628      	mov	r0, r5
     e10:	f004 f910 	bl	5034 <printf>
	printf("]\n");
     e14:	4fa1      	ldr	r7, [pc, #644]	; (109c <main+0x9dc>)
     e16:	4638      	mov	r0, r7
     e18:	f004 f90c 	bl	5034 <printf>
	memset(all_priorities, 0, sizeof(all_priorities));
     e1c:	2203      	movs	r2, #3
     e1e:	4651      	mov	r1, sl
     e20:	4640      	mov	r0, r8
     e22:	f004 f9c4 	bl	51ae <memset>
	PRINT_HEADER();
     e26:	f8b9 1000 	ldrh.w	r1, [r9]
     e2a:	4630      	mov	r0, r6
     e2c:	f004 f902 	bl	5034 <printf>
	printf("curTrigger=[");
     e30:	489b      	ldr	r0, [pc, #620]	; (10a0 <main+0x9e0>)
     e32:	f004 f8ff 	bl	5034 <printf>
		printf("%" PRIu8 ";", all_currTrigger[i]);
     e36:	f8df 82a8 	ldr.w	r8, [pc, #680]	; 10e0 <main+0xa20>
     e3a:	f898 1000 	ldrb.w	r1, [r8]
     e3e:	4628      	mov	r0, r5
     e40:	f004 f8f8 	bl	5034 <printf>
     e44:	f898 1001 	ldrb.w	r1, [r8, #1]
     e48:	4628      	mov	r0, r5
     e4a:	f004 f8f3 	bl	5034 <printf>
     e4e:	f898 1002 	ldrb.w	r1, [r8, #2]
     e52:	4628      	mov	r0, r5
     e54:	f004 f8ee 	bl	5034 <printf>
	printf("]\n");
     e58:	4638      	mov	r0, r7
     e5a:	f004 f8eb 	bl	5034 <printf>
	memset(all_currTrigger, 0, sizeof(all_currTrigger));
     e5e:	2203      	movs	r2, #3
     e60:	4651      	mov	r1, sl
     e62:	4640      	mov	r0, r8
     e64:	f004 f9a3 	bl	51ae <memset>
	PRINT_HEADER();
     e68:	f8b9 1000 	ldrh.w	r1, [r9]
     e6c:	4630      	mov	r0, r6
     e6e:	f004 f8e1 	bl	5034 <printf>
	printf("rank=[");
     e72:	488c      	ldr	r0, [pc, #560]	; (10a4 <main+0x9e4>)
     e74:	f004 f8de 	bl	5034 <printf>
		printf("%" PRIu8 ";", all_ranks[i]);
     e78:	f8df 8268 	ldr.w	r8, [pc, #616]	; 10e4 <main+0xa24>
     e7c:	f898 1000 	ldrb.w	r1, [r8]
     e80:	4628      	mov	r0, r5
     e82:	f004 f8d7 	bl	5034 <printf>
     e86:	f898 1001 	ldrb.w	r1, [r8, #1]
     e8a:	4628      	mov	r0, r5
     e8c:	f004 f8d2 	bl	5034 <printf>
     e90:	f898 1002 	ldrb.w	r1, [r8, #2]
     e94:	4628      	mov	r0, r5
     e96:	f004 f8cd 	bl	5034 <printf>
	printf("]\n");
     e9a:	4638      	mov	r0, r7
     e9c:	f004 f8ca 	bl	5034 <printf>
	memset(all_ranks, 0, sizeof(all_ranks));
     ea0:	2203      	movs	r2, #3
     ea2:	4651      	mov	r1, sl
     ea4:	4640      	mov	r0, r8
     ea6:	f004 f982 	bl	51ae <memset>
	PRINT_HEADER();
     eaa:	f8b9 1000 	ldrh.w	r1, [r9]
     eae:	4630      	mov	r0, r6
     eb0:	f004 f8c0 	bl	5034 <printf>
	printf("full_rank=[");
     eb4:	487c      	ldr	r0, [pc, #496]	; (10a8 <main+0x9e8>)
     eb6:	f004 f8bd 	bl	5034 <printf>
		printf("%" PRIu8 ";", all_slot_full_rank[i]);
     eba:	f8df 822c 	ldr.w	r8, [pc, #556]	; 10e8 <main+0xa28>
     ebe:	f898 1000 	ldrb.w	r1, [r8]
     ec2:	4628      	mov	r0, r5
     ec4:	f004 f8b6 	bl	5034 <printf>
     ec8:	f898 1001 	ldrb.w	r1, [r8, #1]
     ecc:	4628      	mov	r0, r5
     ece:	f004 f8b1 	bl	5034 <printf>
     ed2:	f898 1002 	ldrb.w	r1, [r8, #2]
     ed6:	4628      	mov	r0, r5
     ed8:	f004 f8ac 	bl	5034 <printf>
	printf("]\n");
     edc:	4638      	mov	r0, r7
     ede:	f004 f8a9 	bl	5034 <printf>
	memset(all_slot_full_rank, 0, sizeof(all_slot_full_rank));
     ee2:	2203      	movs	r2, #3
     ee4:	4651      	mov	r1, sl
     ee6:	4640      	mov	r0, r8
     ee8:	f004 f961 	bl	51ae <memset>
	PRINT_HEADER();
     eec:	f8b9 1000 	ldrh.w	r1, [r9]
     ef0:	4630      	mov	r0, r6
     ef2:	f004 f89f 	bl	5034 <printf>
	printf("radio=[");
     ef6:	486d      	ldr	r0, [pc, #436]	; (10ac <main+0x9ec>)
     ef8:	f004 f89c 	bl	5034 <printf>
		printf("%" PRIu32 ";", all_radio_on_time[i]);
     efc:	4e6c      	ldr	r6, [pc, #432]	; (10b0 <main+0x9f0>)
     efe:	6831      	ldr	r1, [r6, #0]
     f00:	4628      	mov	r0, r5
     f02:	f004 f897 	bl	5034 <printf>
     f06:	6871      	ldr	r1, [r6, #4]
     f08:	4628      	mov	r0, r5
     f0a:	f004 f893 	bl	5034 <printf>
     f0e:	68b1      	ldr	r1, [r6, #8]
     f10:	4628      	mov	r0, r5
     f12:	f004 f88f 	bl	5034 <printf>
	printf("]\n");
     f16:	4638      	mov	r0, r7
     f18:	f004 f88c 	bl	5034 <printf>
	memset(all_radio_on_time, 0, sizeof(all_radio_on_time));
     f1c:	220c      	movs	r2, #12
     f1e:	4651      	mov	r1, sl
     f20:	4630      	mov	r0, r6
     f22:	f004 f944 	bl	51ae <memset>
	uint8_t version = all_versions[0];
     f26:	4b63      	ldr	r3, [pc, #396]	; (10b4 <main+0x9f4>)
     f28:	781d      	ldrb	r5, [r3, #0]
		if (version != all_versions[i])
     f2a:	785b      	ldrb	r3, [r3, #1]
     f2c:	42ab      	cmp	r3, r5
     f2e:	d14c      	bne.n	fca <main+0x90a>
     f30:	4b60      	ldr	r3, [pc, #384]	; (10b4 <main+0x9f4>)
     f32:	789b      	ldrb	r3, [r3, #2]
     f34:	42ab      	cmp	r3, r5
     f36:	d14d      	bne.n	fd4 <main+0x914>
		print_results(node_id);
		CLR_COM_GPIO1();
     f38:	f04f 43a0 	mov.w	r3, #1342177280	; 0x50000000
     f3c:	f04f 6280 	mov.w	r2, #67108864	; 0x4000000
     f40:	f8c3 250c 	str.w	r2, [r3, #1292]	; 0x50c
	for (round = 1; 1; round++)
     f44:	4a4f      	ldr	r2, [pc, #316]	; (1084 <main+0x9c4>)
     f46:	6813      	ldr	r3, [r2, #0]
     f48:	3301      	adds	r3, #1
     f4a:	6013      	str	r3, [r2, #0]
		mixer_init(node_id);
     f4c:	4b5a      	ldr	r3, [pc, #360]	; (10b8 <main+0x9f8>)
     f4e:	7818      	ldrb	r0, [r3, #0]
     f50:	f000 fe38 	bl	1bc4 <mixer_init>
		mixer_set_weak_release_slot(WEAK_RELEASE_SLOT);
     f54:	2001      	movs	r0, #1
     f56:	f000 ff9f 	bl	1e98 <mixer_set_weak_release_slot>
		mixer_set_weak_return_msg((void*)-1);
     f5a:	f04f 30ff 	mov.w	r0, #4294967295	; 0xffffffff
     f5e:	f000 ffa1 	bl	1ea4 <mixer_set_weak_return_msg>
		mixer_init_agg(&agg_rx_cb);
     f62:	4856      	ldr	r0, [pc, #344]	; (10bc <main+0x9fc>)
     f64:	f000 fed2 	bl	1d0c <mixer_init_agg>
		memset(agg_input, 0, AGGREGATE_SIZE);
     f68:	2206      	movs	r2, #6
     f6a:	4651      	mov	r1, sl
     f6c:	4854      	ldr	r0, [pc, #336]	; (10c0 <main+0xa00>)
     f6e:	f004 f91e 	bl	51ae <memset>
		if (MX_INITIATOR_ID == TOS_NODE_ID)
     f72:	f8b9 3000 	ldrh.w	r3, [r9]
     f76:	2b01      	cmp	r3, #1
     f78:	f43f ac77 	beq.w	86a <main+0x1aa>
		unsigned int unique_order = all_flags_set(agg);
     f7c:	4851      	ldr	r0, [pc, #324]	; (10c4 <main+0xa04>)
     f7e:	f7ff fb91 	bl	6a4 <all_flags_set>
		if (unique_order)
     f82:	900b      	str	r0, [sp, #44]	; 0x2c
     f84:	2800      	cmp	r0, #0
     f86:	f43f aca7 	beq.w	8d8 <main+0x218>
			if (TOS_NODE_ID == GET_NODE1(agg))
     f8a:	f8b9 3000 	ldrh.w	r3, [r9]
     f8e:	4d3f      	ldr	r5, [pc, #252]	; (108c <main+0x9cc>)
     f90:	79aa      	ldrb	r2, [r5, #6]
     f92:	f002 010f 	and.w	r1, r2, #15
     f96:	428b      	cmp	r3, r1
     f98:	f43f ad69 	beq.w	a6e <main+0x3ae>
			else if (TOS_NODE_ID == GET_NODE2(agg))
     f9c:	0910      	lsrs	r0, r2, #4
     f9e:	ebb3 1f12 	cmp.w	r3, r2, lsr #4
     fa2:	f43f ad66 	beq.w	a72 <main+0x3b2>
			else if (TOS_NODE_ID == GET_NODE3(agg))
     fa6:	79ea      	ldrb	r2, [r5, #7]
     fa8:	f002 020f 	and.w	r2, r2, #15
     fac:	429a      	cmp	r2, r3
     fae:	f43f ad62 	beq.w	a76 <main+0x3b6>
					send_idx = TOS_NODE_ID;
     fb2:	461d      	mov	r5, r3
					if (TOS_NODE_ID < GET_NODE1(agg))
     fb4:	428b      	cmp	r3, r1
						send_idx++;
     fb6:	bf38      	it	cc
     fb8:	1c5d      	addcc	r5, r3, #1
					if (TOS_NODE_ID < GET_NODE2(agg))
     fba:	4283      	cmp	r3, r0
						send_idx++;
     fbc:	bf38      	it	cc
     fbe:	3501      	addcc	r5, #1
					if (TOS_NODE_ID < GET_NODE3(agg))
     fc0:	429a      	cmp	r2, r3
     fc2:	f67f ac8b 	bls.w	8dc <main+0x21c>
						send_idx++;
     fc6:	3501      	adds	r5, #1
     fc8:	e488      	b.n	8dc <main+0x21c>
			printf("version mismatch (i=%u)\n", i);
     fca:	2101      	movs	r1, #1
     fcc:	483e      	ldr	r0, [pc, #248]	; (10c8 <main+0xa08>)
     fce:	f004 f831 	bl	5034 <printf>
     fd2:	e7ad      	b.n	f30 <main+0x870>
     fd4:	2102      	movs	r1, #2
     fd6:	483c      	ldr	r0, [pc, #240]	; (10c8 <main+0xa08>)
     fd8:	f004 f82c 	bl	5034 <printf>
     fdc:	e7ac      	b.n	f38 <main+0x878>
	for (node_id = 0; node_id < NUM_ELEMENTS(nodes); ++node_id)
     fde:	2501      	movs	r5, #1
     fe0:	4b35      	ldr	r3, [pc, #212]	; (10b8 <main+0x9f8>)
     fe2:	701d      	strb	r5, [r3, #0]
	printf("mapped physical node %u to logical id %u\n", TOS_NODE_ID, node_id);
     fe4:	462a      	mov	r2, r5
     fe6:	4839      	ldr	r0, [pc, #228]	; (10cc <main+0xa0c>)
     fe8:	f004 f824 	bl	5034 <printf>
	printf("AP has a time window of %" PRIu32 " us for calculation and writing to Bolt.\n", gpi_tick_hybrid_to_us(app_time));
     fec:	f644 61af 	movw	r1, #20143	; 0x4eaf
     ff0:	4837      	ldr	r0, [pc, #220]	; (10d0 <main+0xa10>)
     ff2:	f004 f81f 	bl	5034 <printf>
	mixer_print_config();
     ff6:	f000 fea1 	bl	1d3c <mixer_print_config>
	bolt_pkt_t init_pkt = {.type = BOLT_INIT, .init.phyNodeID = TOS_NODE_ID, .init.modeID = DEFAULT_MODE};
     ffa:	2221      	movs	r2, #33	; 0x21
     ffc:	2100      	movs	r1, #0
     ffe:	a80e      	add	r0, sp, #56	; 0x38
    1000:	f004 f8d5 	bl	51ae <memset>
    1004:	2304      	movs	r3, #4
    1006:	f88d 3038 	strb.w	r3, [sp, #56]	; 0x38
    100a:	4c32      	ldr	r4, [pc, #200]	; (10d4 <main+0xa14>)
    100c:	8823      	ldrh	r3, [r4, #0]
    100e:	f8ad 303a 	strh.w	r3, [sp, #58]	; 0x3a
	bolt_write(&init_pkt, LEN_BOLT_INIT);
    1012:	2105      	movs	r1, #5
    1014:	a80e      	add	r0, sp, #56	; 0x38
    1016:	f000 f943 	bl	12a0 <bolt_write>
		if (plants[i] == TOS_NODE_ID)
    101a:	8823      	ldrh	r3, [r4, #0]
    101c:	2b01      	cmp	r3, #1
    101e:	f43f ac1e 	beq.w	85e <main+0x19e>
    1022:	2b02      	cmp	r3, #2
    1024:	f43f ac1e 	beq.w	864 <main+0x1a4>
	for (i = 0; i < NUM_PLANTS; i++)
    1028:	2b03      	cmp	r3, #3
    102a:	bf14      	ite	ne
    102c:	f04f 3bff 	movne.w	fp, #4294967295	; 0xffffffff
    1030:	f04f 0b02 	moveq.w	fp, #2
	CLR_COM_GPIO1();
    1034:	f04f 43a0 	mov.w	r3, #1342177280	; 0x50000000
    1038:	f04f 6280 	mov.w	r2, #67108864	; 0x4000000
    103c:	f8c3 250c 	str.w	r2, [r3, #1292]	; 0x50c
	CLR_COM_GPIO2();
    1040:	f04f 5280 	mov.w	r2, #268435456	; 0x10000000
    1044:	f8c3 250c 	str.w	r2, [r3, #1292]	; 0x50c
	_gpi_clocks_fast_timer->TASKS_CAPTURE[GPI_FAST_CLOCK_NRF_CAPTURE_REG] = 1;
    1048:	4a23      	ldr	r2, [pc, #140]	; (10d8 <main+0xa18>)
    104a:	2301      	movs	r3, #1
    104c:	6413      	str	r3, [r2, #64]	; 0x40
	return _gpi_clocks_fast_timer->CC[GPI_FAST_CLOCK_NRF_CAPTURE_REG];
    104e:	f8d2 4540 	ldr.w	r4, [r2, #1344]	; 0x540
	for (round = 1; 1; round++)
    1052:	4a0c      	ldr	r2, [pc, #48]	; (1084 <main+0x9c4>)
    1054:	6013      	str	r3, [r2, #0]
		memset(agg_input, 0, AGGREGATE_SIZE);
    1056:	f04f 0a00 	mov.w	sl, #0
		if (MX_INITIATOR_ID == TOS_NODE_ID)
    105a:	f8df 9078 	ldr.w	r9, [pc, #120]	; 10d4 <main+0xa14>
    105e:	e775      	b.n	f4c <main+0x88c>
	for (node_id = 0; node_id < NUM_ELEMENTS(nodes); ++node_id)
    1060:	2502      	movs	r5, #2
    1062:	e7bd      	b.n	fe0 <main+0x920>
    1064:	00005a74 	.word	0x00005a74
    1068:	200000dc 	.word	0x200000dc
    106c:	200000d8 	.word	0x200000d8
    1070:	200000d4 	.word	0x200000d4
    1074:	200000e4 	.word	0x200000e4
    1078:	200000c8 	.word	0x200000c8
    107c:	200000d0 	.word	0x200000d0
    1080:	200000ec 	.word	0x200000ec
    1084:	200000f0 	.word	0x200000f0
    1088:	00005a80 	.word	0x00005a80
    108c:	20000008 	.word	0x20000008
    1090:	00005ad0 	.word	0x00005ad0
    1094:	00005b20 	.word	0x00005b20
    1098:	00005b28 	.word	0x00005b28
    109c:	00005b2c 	.word	0x00005b2c
    10a0:	00005b30 	.word	0x00005b30
    10a4:	00005b40 	.word	0x00005b40
    10a8:	00005b48 	.word	0x00005b48
    10ac:	00005b54 	.word	0x00005b54
    10b0:	200000b0 	.word	0x200000b0
    10b4:	200000c4 	.word	0x200000c4
    10b8:	200000e0 	.word	0x200000e0
    10bc:	00000535 	.word	0x00000535
    10c0:	200000a0 	.word	0x200000a0
    10c4:	2000000a 	.word	0x2000000a
    10c8:	00005b5c 	.word	0x00005b5c
    10cc:	00005a04 	.word	0x00005a04
    10d0:	00005a30 	.word	0x00005a30
    10d4:	20000004 	.word	0x20000004
    10d8:	40008000 	.word	0x40008000
    10dc:	200000ac 	.word	0x200000ac
    10e0:	200000a8 	.word	0x200000a8
    10e4:	200000bc 	.word	0x200000bc
    10e8:	200000c0 	.word	0x200000c0

000010ec <bolt_acquire>:

//**************************************************************************************************
//***** Local Functions ****************************************************************************

uint8_t bolt_acquire(bolt_op_mode_t mode)
{
    10ec:	e92d 41f0 	stmdb	sp!, {r4, r5, r6, r7, r8, lr}
	if ((NRF_P0->OUT & BV(BOLT_CONF_REQ_PIN)) || BOLT_ACK_STATUS)
    10f0:	f04f 43a0 	mov.w	r3, #1342177280	; 0x50000000
    10f4:	f8d3 3504 	ldr.w	r3, [r3, #1284]	; 0x504
    10f8:	f413 1f00 	tst.w	r3, #2097152	; 0x200000
    10fc:	d155      	bne.n	11aa <bolt_acquire+0xbe>
    10fe:	4605      	mov	r5, r0
    1100:	f04f 43a0 	mov.w	r3, #1342177280	; 0x50000000
    1104:	f8d3 3510 	ldr.w	r3, [r3, #1296]	; 0x510
    1108:	f413 3f00 	tst.w	r3, #131072	; 0x20000
    110c:	d152      	bne.n	11b4 <bolt_acquire+0xc8>
	{
		GPI_TRACE_MSG(TRACE_INFO, "Bolt request failed (REQ or ACK still high)");
		return 1;
	}

	if (BOLT_STATE_IDLE != bolt_state)
    110e:	4b2e      	ldr	r3, [pc, #184]	; (11c8 <bolt_acquire+0xdc>)
    1110:	781b      	ldrb	r3, [r3, #0]
    1112:	f003 08ff 	and.w	r8, r3, #255	; 0xff
    1116:	2b00      	cmp	r3, #0
    1118:	d14f      	bne.n	11ba <bolt_acquire+0xce>
		GPI_TRACE_MSG(TRACE_INFO, "Bolt not in idle state, operation skipped");
		return 2;
	}

	// Read mode: set BOLT_CONF_MODE_PIN low.
	if (BOLT_OP_READ == mode)
    111a:	b968      	cbnz	r0, 1138 <bolt_acquire+0x4c>
	{
		if (!BOLT_DATA_AVAILABLE)
    111c:	f04f 43a0 	mov.w	r3, #1342177280	; 0x50000000
    1120:	f8d3 3510 	ldr.w	r3, [r3, #1296]	; 0x510
    1124:	f413 1f80 	tst.w	r3, #1048576	; 0x100000
    1128:	d04a      	beq.n	11c0 <bolt_acquire+0xd4>
		{
			GPI_TRACE_MSG(TRACE_INFO, "Bolt no data available");
			return 3;
		}
		NRF_P0->OUTCLR = BV(BOLT_CONF_MODE_PIN);
    112a:	f04f 43a0 	mov.w	r3, #1342177280	; 0x50000000
    112e:	f44f 2200 	mov.w	r2, #524288	; 0x80000
    1132:	f8c3 250c 	str.w	r2, [r3, #1292]	; 0x50c
		GPI_TRACE_MSG(TRACE_INFO, "Bolt requesting read access");
    1136:	e005      	b.n	1144 <bolt_acquire+0x58>
	}
	// Write mode: set BOLT_CONF_MODE_PIN high.
	else
	{
		NRF_P0->OUTSET = BV(BOLT_CONF_MODE_PIN);
    1138:	f04f 43a0 	mov.w	r3, #1342177280	; 0x50000000
    113c:	f44f 2200 	mov.w	r2, #524288	; 0x80000
    1140:	f8c3 2508 	str.w	r2, [r3, #1288]	; 0x508
	}

	// Set request line high and wait for rising edge on the ACK line (max 100us).
	// TODO: is 100us a safe bound or could we lower this? Interrupts can
	// cause this to be longer than 100us.
	NRF_P0->OUTSET = BV(BOLT_CONF_REQ_PIN);
    1144:	f04f 43a0 	mov.w	r3, #1342177280	; 0x50000000
    1148:	f44f 1200 	mov.w	r2, #2097152	; 0x200000
    114c:	f8c3 2508 	str.w	r2, [r3, #1288]	; 0x508
    1150:	240a      	movs	r4, #10
	uint8_t cnt = 0;
	do
	{
		gpi_micro_sleep(10);
    1152:	4627      	mov	r7, r4
		cnt++;
	}
	while(!BOLT_ACK_STATUS && cnt < 10);
    1154:	461e      	mov	r6, r3
		gpi_micro_sleep(10);
    1156:	4638      	mov	r0, r7
    1158:	f000 f97c 	bl	1454 <gpi_micro_sleep>
	while(!BOLT_ACK_STATUS && cnt < 10);
    115c:	f8d6 3510 	ldr.w	r3, [r6, #1296]	; 0x510
    1160:	f413 3f00 	tst.w	r3, #131072	; 0x20000
    1164:	d103      	bne.n	116e <bolt_acquire+0x82>
    1166:	1e63      	subs	r3, r4, #1
    1168:	f013 04ff 	ands.w	r4, r3, #255	; 0xff
    116c:	d1f3      	bne.n	1156 <bolt_acquire+0x6a>

	if (!BOLT_ACK_STATUS)
    116e:	f04f 43a0 	mov.w	r3, #1342177280	; 0x50000000
    1172:	f8d3 3510 	ldr.w	r3, [r3, #1296]	; 0x510
    1176:	f413 3f00 	tst.w	r3, #131072	; 0x20000
    117a:	d00a      	beq.n	1192 <bolt_acquire+0xa6>
		GPI_TRACE_MSG(TRACE_INFO, "Bolt access denied");
		return 4;
	}

	// Update state
	bolt_state = (mode == BOLT_OP_READ) ? BOLT_STATE_READ : BOLT_STATE_WRITE;
    117c:	2d00      	cmp	r5, #0
    117e:	bf0c      	ite	eq
    1180:	2201      	moveq	r2, #1
    1182:	2202      	movne	r2, #2
    1184:	4b10      	ldr	r3, [pc, #64]	; (11c8 <bolt_acquire+0xdc>)
    1186:	701a      	strb	r2, [r3, #0]
	// Enable SPI module.
	NRF_SPIM0->ENABLE = BV_BY_NAME(SPIM_ENABLE_ENABLE, Enabled);
    1188:	4b10      	ldr	r3, [pc, #64]	; (11cc <bolt_acquire+0xe0>)
    118a:	2207      	movs	r2, #7
    118c:	f8c3 2500 	str.w	r2, [r3, #1280]	; 0x500

	return 0;
    1190:	e00d      	b.n	11ae <bolt_acquire+0xc2>
		bolt_state = BOLT_STATE_IDLE;
    1192:	4b0d      	ldr	r3, [pc, #52]	; (11c8 <bolt_acquire+0xdc>)
    1194:	2200      	movs	r2, #0
    1196:	701a      	strb	r2, [r3, #0]
		NRF_P0->OUTCLR = BV(BOLT_CONF_REQ_PIN);
    1198:	f04f 43a0 	mov.w	r3, #1342177280	; 0x50000000
    119c:	f44f 1200 	mov.w	r2, #2097152	; 0x200000
    11a0:	f8c3 250c 	str.w	r2, [r3, #1292]	; 0x50c
		return 4;
    11a4:	f04f 0804 	mov.w	r8, #4
    11a8:	e001      	b.n	11ae <bolt_acquire+0xc2>
		return 1;
    11aa:	f04f 0801 	mov.w	r8, #1
}
    11ae:	4640      	mov	r0, r8
    11b0:	e8bd 81f0 	ldmia.w	sp!, {r4, r5, r6, r7, r8, pc}
		return 1;
    11b4:	f04f 0801 	mov.w	r8, #1
    11b8:	e7f9      	b.n	11ae <bolt_acquire+0xc2>
		return 2;
    11ba:	f04f 0802 	mov.w	r8, #2
    11be:	e7f6      	b.n	11ae <bolt_acquire+0xc2>
			return 3;
    11c0:	f04f 0803 	mov.w	r8, #3
    11c4:	e7f3      	b.n	11ae <bolt_acquire+0xc2>
    11c6:	bf00      	nop
    11c8:	20000029 	.word	0x20000029
    11cc:	40003000 	.word	0x40003000

000011d0 <bolt_release>:

void bolt_release(void)
{
	// Note: In bolt_read and bolt_write we wait for the transfer to finish and the peripheral to be
	// stopped so that we can safely disable it here.
	NRF_SPIM0->ENABLE = BV_BY_NAME(SPIM_ENABLE_ENABLE, Disabled);
    11d0:	4b09      	ldr	r3, [pc, #36]	; (11f8 <bolt_release+0x28>)
    11d2:	2200      	movs	r2, #0
    11d4:	f8c3 2500 	str.w	r2, [r3, #1280]	; 0x500
	// Set REQ low.
	NRF_P0->OUTCLR = BV(BOLT_CONF_REQ_PIN);
    11d8:	f04f 43a0 	mov.w	r3, #1342177280	; 0x50000000
    11dc:	f44f 1200 	mov.w	r2, #2097152	; 0x200000
    11e0:	f8c3 250c 	str.w	r2, [r3, #1292]	; 0x50c
	// Wait for ACK to go down.
	while (BOLT_ACK_STATUS);
    11e4:	461a      	mov	r2, r3
    11e6:	f8d2 3510 	ldr.w	r3, [r2, #1296]	; 0x510
    11ea:	f413 3f00 	tst.w	r3, #131072	; 0x20000
    11ee:	d1fa      	bne.n	11e6 <bolt_release+0x16>
	bolt_state = BOLT_STATE_IDLE;
    11f0:	4b02      	ldr	r3, [pc, #8]	; (11fc <bolt_release+0x2c>)
    11f2:	2200      	movs	r2, #0
    11f4:	701a      	strb	r2, [r3, #0]
	GPI_TRACE_MSG(TRACE_INFO, "Bolt back in idle state");
}
    11f6:	4770      	bx	lr
    11f8:	40003000 	.word	0x40003000
    11fc:	20000029 	.word	0x20000029

00001200 <bolt_read>:
//**************************************************************************************************

// ATTENTION: Parameter buffer must be bigger or equal to BOLT_MAX_MSG_LEN!
uint16_t bolt_read(void *buffer)
{
	if (!buffer)
    1200:	2800      	cmp	r0, #0
    1202:	d043      	beq.n	128c <bolt_read+0x8c>
{
    1204:	b538      	push	{r3, r4, r5, lr}
    1206:	4604      	mov	r4, r0
	{
		GPI_TRACE_MSG(TRACE_INFO, "Bolt invalid parameter");
		return 0;
	}

	if (bolt_acquire(BOLT_OP_READ) != 0) return 0;
    1208:	2000      	movs	r0, #0
    120a:	f7ff ff6f 	bl	10ec <bolt_acquire>
    120e:	2800      	cmp	r0, #0
    1210:	d13e      	bne.n	1290 <bolt_read+0x90>

	GPI_TRACE_MSG(TRACE_INFO, "Bolt starting data transfer");

	// NOTE: It remains unclear from the documentation if RXD.PTR and TXD.PTR have to be set before
	// every transfer. To be on the safe side, we do.
	NRF_SPIM0->TXD.PTR = (uintptr_t)&tx_buffer;
    1212:	4b20      	ldr	r3, [pc, #128]	; (1294 <bolt_read+0x94>)
    1214:	4a20      	ldr	r2, [pc, #128]	; (1298 <bolt_read+0x98>)
    1216:	f8c3 2544 	str.w	r2, [r3, #1348]	; 0x544
	NRF_SPIM0->TXD.MAXCNT = sizeof(tx_buffer);
    121a:	2240      	movs	r2, #64	; 0x40
    121c:	f8c3 2548 	str.w	r2, [r3, #1352]	; 0x548
	NRF_SPIM0->RXD.PTR = (uintptr_t)&rx_buffer;
    1220:	491e      	ldr	r1, [pc, #120]	; (129c <bolt_read+0x9c>)
    1222:	f8c3 1534 	str.w	r1, [r3, #1332]	; 0x534
	NRF_SPIM0->RXD.MAXCNT = sizeof(rx_buffer);
    1226:	f8c3 2538 	str.w	r2, [r3, #1336]	; 0x538

	NRF_SPIM0->TASKS_START = 1;
    122a:	2201      	movs	r2, #1
    122c:	611a      	str	r2, [r3, #16]

	// Bolt indicates the end of the transfer by lowering the ACK line.
	while (BOLT_ACK_STATUS) ;
    122e:	f04f 42a0 	mov.w	r2, #1342177280	; 0x50000000
    1232:	f8d2 3510 	ldr.w	r3, [r2, #1296]	; 0x510
    1236:	f413 3f00 	tst.w	r3, #131072	; 0x20000
    123a:	d1fa      	bne.n	1232 <bolt_read+0x32>

	if (!NRF_SPIM0->EVENTS_END)
    123c:	4b15      	ldr	r3, [pc, #84]	; (1294 <bolt_read+0x94>)
    123e:	f8d3 3118 	ldr.w	r3, [r3, #280]	; 0x118
    1242:	b95b      	cbnz	r3, 125c <bolt_read+0x5c>
	{
		// Master is still in the transaction (BOLT_MAX_MSG_LEN not reached) but Bolt has already
		// signaled the end of the transaction (ACK line low). At this point we can safely stop the
		// transaction.
		NRF_SPIM0->TASKS_STOP = 1;
    1244:	4b13      	ldr	r3, [pc, #76]	; (1294 <bolt_read+0x94>)
    1246:	2201      	movs	r2, #1
    1248:	615a      	str	r2, [r3, #20]
		while (!NRF_SPIM0->EVENTS_STOPPED) ;
    124a:	461a      	mov	r2, r3
    124c:	f8d2 3104 	ldr.w	r3, [r2, #260]	; 0x104
    1250:	2b00      	cmp	r3, #0
    1252:	d0fb      	beq.n	124c <bolt_read+0x4c>
		NRF_SPIM0->EVENTS_STOPPED = 0;
    1254:	4b0f      	ldr	r3, [pc, #60]	; (1294 <bolt_read+0x94>)
    1256:	2200      	movs	r2, #0
    1258:	f8c3 2104 	str.w	r2, [r3, #260]	; 0x104
	}

	// When the master has stopped the ENDRX, ENDTX and END events are generated automatically.
	// However, the manual does not specify the delay so to be safe we wait for the END event.
	while (!NRF_SPIM0->EVENTS_END);
    125c:	4a0d      	ldr	r2, [pc, #52]	; (1294 <bolt_read+0x94>)
    125e:	f8d2 3118 	ldr.w	r3, [r2, #280]	; 0x118
    1262:	2b00      	cmp	r3, #0
    1264:	d0fb      	beq.n	125e <bolt_read+0x5e>
	// Events must be reset manually.
	NRF_SPIM0->EVENTS_ENDRX = 0;
    1266:	4b0b      	ldr	r3, [pc, #44]	; (1294 <bolt_read+0x94>)
    1268:	2200      	movs	r2, #0
    126a:	f8c3 2110 	str.w	r2, [r3, #272]	; 0x110
	NRF_SPIM0->EVENTS_ENDTX = 0;
    126e:	f8c3 2120 	str.w	r2, [r3, #288]	; 0x120
	NRF_SPIM0->EVENTS_END = 0;
    1272:	f8c3 2118 	str.w	r2, [r3, #280]	; 0x118

	// When reading data from Bolt, we stop the transfer as soon as Bolt lowers the ACK line. By
	// doing so we potentially receive superflous bytes at the end. To hide this behavior from the
	// application and return the correct number of bytes, we include the length in the first two
	// bytes before the transfer and strip them afterwards.
	memcpy(buffer, rx_buffer.data, rx_buffer.len);
    1276:	4d09      	ldr	r5, [pc, #36]	; (129c <bolt_read+0x9c>)
    1278:	4629      	mov	r1, r5
    127a:	f831 2b02 	ldrh.w	r2, [r1], #2
    127e:	4620      	mov	r0, r4
    1280:	f003 ff6c 	bl	515c <__aeabi_memcpy>

	GPI_TRACE_MSG(TRACE_INFO, "Bolt %" PRIu32 " bytes received (actual len = %" PRIu16 ")",
		NRF_SPIM0->RXD.AMOUNT, rx_buffer.len);

	bolt_release();
    1284:	f7ff ffa4 	bl	11d0 <bolt_release>

	return rx_buffer.len;
    1288:	8828      	ldrh	r0, [r5, #0]
}
    128a:	bd38      	pop	{r3, r4, r5, pc}
		return 0;
    128c:	2000      	movs	r0, #0
}
    128e:	4770      	bx	lr
	if (bolt_acquire(BOLT_OP_READ) != 0) return 0;
    1290:	2000      	movs	r0, #0
    1292:	e7fa      	b.n	128a <bolt_read+0x8a>
    1294:	40003000 	.word	0x40003000
    1298:	20000138 	.word	0x20000138
    129c:	200000f8 	.word	0x200000f8

000012a0 <bolt_write>:

//**************************************************************************************************

uint8_t bolt_write(const void *data, uint16_t len)
{
    12a0:	b5f8      	push	{r3, r4, r5, r6, r7, lr}
	if (!data)
    12a2:	2800      	cmp	r0, #0
    12a4:	d053      	beq.n	134e <bolt_write+0xae>
    12a6:	460c      	mov	r4, r1
    12a8:	4606      	mov	r6, r0
		GPI_TRACE_MSG(TRACE_INFO, "Bolt write with invalid data pointer");
		return 1;
	}

	// BOLT_MAX_MSG_LEN - 2 because we include the actual length (2 B) into the packet.
	if (!len || (len > (BOLT_MAX_MSG_LEN - 2)))
    12aa:	1e4b      	subs	r3, r1, #1
    12ac:	b29b      	uxth	r3, r3
    12ae:	2b3d      	cmp	r3, #61	; 0x3d
    12b0:	d84f      	bhi.n	1352 <bolt_write+0xb2>
	{
		GPI_TRACE_MSG(TRACE_INFO, "Bolt write with invalid length (ensure len <= BOLT_MAX_MSG_LEN - 2)");
		return 2;
	}

	if (bolt_acquire(BOLT_OP_WRITE) != 0) {
    12b2:	2001      	movs	r0, #1
    12b4:	f7ff ff1a 	bl	10ec <bolt_acquire>
    12b8:	4605      	mov	r5, r0
    12ba:	2800      	cmp	r0, #0
    12bc:	d14c      	bne.n	1358 <bolt_write+0xb8>
	// doing so we potentially receive superflous bytes at the end. To hide this behavior from the
	// application and return the correct number of bytes, we include the length in the first two
	// bytes before the transfer and strip them afterwards.
	// ((bolt_spi_packet*)tx_buffer)->len = len;
	// memcpy(((bolt_spi_packet*)tx_buffer)->data, data, len);
	tx_buffer.len = len;
    12be:	4f27      	ldr	r7, [pc, #156]	; (135c <bolt_write+0xbc>)
    12c0:	4638      	mov	r0, r7
    12c2:	f820 4b02 	strh.w	r4, [r0], #2
	memcpy(tx_buffer.data, data, len);
    12c6:	4622      	mov	r2, r4
    12c8:	4631      	mov	r1, r6
    12ca:	f003 ff47 	bl	515c <__aeabi_memcpy>
	GPI_TRACE_MSG(TRACE_INFO, "Bolt starting data transfer");

	// NOTE: It remains unclear from the documentation if RXD.PTR and TXD.PTR have to be set before
	// every transfer. To be on the safe side, we do.
	NRF_SPIM0->TXD.PTR = (uintptr_t)&tx_buffer;
    12ce:	4b24      	ldr	r3, [pc, #144]	; (1360 <bolt_write+0xc0>)
    12d0:	f8c3 7544 	str.w	r7, [r3, #1348]	; 0x544
	NRF_SPIM0->TXD.MAXCNT = len + 2;
    12d4:	3402      	adds	r4, #2
    12d6:	f8c3 4548 	str.w	r4, [r3, #1352]	; 0x548
	NRF_SPIM0->RXD.PTR = (uintptr_t)&rx_buffer;
    12da:	4a22      	ldr	r2, [pc, #136]	; (1364 <bolt_write+0xc4>)
    12dc:	f8c3 2534 	str.w	r2, [r3, #1332]	; 0x534
	NRF_SPIM0->RXD.MAXCNT = len + 2;
    12e0:	f8c3 4538 	str.w	r4, [r3, #1336]	; 0x538

	NRF_SPIM0->TASKS_START = 1;
    12e4:	2201      	movs	r2, #1
    12e6:	611a      	str	r2, [r3, #16]
	// Wait for the end of the transfer (END event).
	while (!NRF_SPIM0->EVENTS_END)
    12e8:	461a      	mov	r2, r3
	{
		if (!BOLT_ACK_STATUS)
    12ea:	f04f 41a0 	mov.w	r1, #1342177280	; 0x50000000
	while (!NRF_SPIM0->EVENTS_END)
    12ee:	f8d2 3118 	ldr.w	r3, [r2, #280]	; 0x118
    12f2:	bb0b      	cbnz	r3, 1338 <bolt_write+0x98>
		if (!BOLT_ACK_STATUS)
    12f4:	f8d1 3510 	ldr.w	r3, [r1, #1296]	; 0x510
    12f8:	f413 3f00 	tst.w	r3, #131072	; 0x20000
    12fc:	d1f7      	bne.n	12ee <bolt_write+0x4e>
		{
			// Some error occured and Bolt lowered the ACK line. The transfer can be aborted.
			NRF_SPIM0->TASKS_STOP = 1;
    12fe:	4b18      	ldr	r3, [pc, #96]	; (1360 <bolt_write+0xc0>)
    1300:	2201      	movs	r2, #1
    1302:	615a      	str	r2, [r3, #20]
			while (!NRF_SPIM0->EVENTS_STOPPED) ;
    1304:	461a      	mov	r2, r3
    1306:	f8d2 3104 	ldr.w	r3, [r2, #260]	; 0x104
    130a:	2b00      	cmp	r3, #0
    130c:	d0fb      	beq.n	1306 <bolt_write+0x66>
			NRF_SPIM0->EVENTS_STOPPED = 0;
    130e:	4b14      	ldr	r3, [pc, #80]	; (1360 <bolt_write+0xc0>)
    1310:	2200      	movs	r2, #0
    1312:	f8c3 2104 	str.w	r2, [r3, #260]	; 0x104
			// When the master has stopped the ENDRX, ENDTX and END events are generated
			// automatically. However, the manual does not specify the delay so to be safe we wait
			// for the END event.
			while (!NRF_SPIM0->EVENTS_END);
    1316:	461a      	mov	r2, r3
    1318:	f8d2 3118 	ldr.w	r3, [r2, #280]	; 0x118
    131c:	2b00      	cmp	r3, #0
    131e:	d0fb      	beq.n	1318 <bolt_write+0x78>
			NRF_SPIM0->EVENTS_ENDRX = 0;
    1320:	4b0f      	ldr	r3, [pc, #60]	; (1360 <bolt_write+0xc0>)
    1322:	2200      	movs	r2, #0
    1324:	f8c3 2110 	str.w	r2, [r3, #272]	; 0x110
			NRF_SPIM0->EVENTS_ENDTX = 0;
    1328:	f8c3 2120 	str.w	r2, [r3, #288]	; 0x120
			NRF_SPIM0->EVENTS_END = 0;
    132c:	f8c3 2118 	str.w	r2, [r3, #280]	; 0x118

			bolt_release();
    1330:	f7ff ff4e 	bl	11d0 <bolt_release>
			GPI_TRACE_MSG(TRACE_INFO, "Bolt transfer aborted");
			return 4;
    1334:	2504      	movs	r5, #4
    1336:	e00d      	b.n	1354 <bolt_write+0xb4>
		}
	}
	// Events must be reset manually.
	NRF_SPIM0->EVENTS_ENDRX = 0;
    1338:	4b09      	ldr	r3, [pc, #36]	; (1360 <bolt_write+0xc0>)
    133a:	2200      	movs	r2, #0
    133c:	f8c3 2110 	str.w	r2, [r3, #272]	; 0x110
	NRF_SPIM0->EVENTS_ENDTX = 0;
    1340:	f8c3 2120 	str.w	r2, [r3, #288]	; 0x120
	NRF_SPIM0->EVENTS_END = 0;
    1344:	f8c3 2118 	str.w	r2, [r3, #280]	; 0x118

	GPI_TRACE_MSG(TRACE_INFO, "Bolt data written (TXD.AMOUNT %" PRIu32 " B)", NRF_SPIM0->TXD.AMOUNT);
	bolt_release();
    1348:	f7ff ff42 	bl	11d0 <bolt_release>
	return 0;
    134c:	e002      	b.n	1354 <bolt_write+0xb4>
		return 1;
    134e:	2501      	movs	r5, #1
    1350:	e000      	b.n	1354 <bolt_write+0xb4>
		return 2;
    1352:	2502      	movs	r5, #2
}
    1354:	4628      	mov	r0, r5
    1356:	bdf8      	pop	{r3, r4, r5, r6, r7, pc}
                return 3;
    1358:	2503      	movs	r5, #3
    135a:	e7fb      	b.n	1354 <bolt_write+0xb4>
    135c:	20000138 	.word	0x20000138
    1360:	40003000 	.word	0x40003000
    1364:	200000f8 	.word	0x200000f8

00001368 <bolt_status>:

//**************************************************************************************************
uint8_t bolt_status(void)
{
    1368:	b510      	push	{r4, lr}
	if (bolt_acquire(BOLT_OP_WRITE) == 0)
    136a:	2001      	movs	r0, #1
    136c:	f7ff febe 	bl	10ec <bolt_acquire>
    1370:	b110      	cbz	r0, 1378 <bolt_status+0x10>
	{
		bolt_release();
		return 0;
	}

	return 1;
    1372:	2401      	movs	r4, #1
}
    1374:	4620      	mov	r0, r4
    1376:	bd10      	pop	{r4, pc}
    1378:	4604      	mov	r4, r0
		bolt_release();
    137a:	f7ff ff29 	bl	11d0 <bolt_release>
		return 0;
    137e:	e7f9      	b.n	1374 <bolt_status+0xc>

00001380 <bolt_init>:
{
    1380:	b510      	push	{r4, lr}
	NRF_SPIM0->ENABLE = BV_BY_NAME(SPIM_ENABLE_ENABLE, Disabled);
    1382:	4b1c      	ldr	r3, [pc, #112]	; (13f4 <bolt_init+0x74>)
    1384:	2200      	movs	r2, #0
    1386:	f8c3 2500 	str.w	r2, [r3, #1280]	; 0x500
	NRF_P0->PIN_CNF[14] =
    138a:	f04f 41a0 	mov.w	r1, #1342177280	; 0x50000000
    138e:	2003      	movs	r0, #3
    1390:	f8c1 0738 	str.w	r0, [r1, #1848]	; 0x738
	NRF_P0->PIN_CNF[15] =
    1394:	f8c1 273c 	str.w	r2, [r1, #1852]	; 0x73c
	NRF_P0->PIN_CNF[16] =
    1398:	f8c1 0740 	str.w	r0, [r1, #1856]	; 0x740
	NRF_P0->OUTCLR = BV(16);
    139c:	f44f 3080 	mov.w	r0, #65536	; 0x10000
    13a0:	f8c1 050c 	str.w	r0, [r1, #1292]	; 0x50c
	NRF_SPIM0->PSEL.SCK =
    13a4:	210e      	movs	r1, #14
    13a6:	f8c3 1508 	str.w	r1, [r3, #1288]	; 0x508
	NRF_SPIM0->PSEL.MISO =
    13aa:	210f      	movs	r1, #15
    13ac:	f8c3 1510 	str.w	r1, [r3, #1296]	; 0x510
	NRF_SPIM0->PSEL.MOSI =
    13b0:	2110      	movs	r1, #16
    13b2:	f8c3 150c 	str.w	r1, [r3, #1292]	; 0x50c
	NRF_SPIM0->PSEL.CSN = BV_BY_NAME(SPIM_PSEL_CSN_CONNECT, Disconnected);
    13b6:	f04f 4100 	mov.w	r1, #2147483648	; 0x80000000
    13ba:	f8c3 1514 	str.w	r1, [r3, #1300]	; 0x514
	NRF_SPIM0->PSELDCX = BV_BY_NAME(SPIM_PSELDCX_CONNECT, Disconnected);
    13be:	f8c3 156c 	str.w	r1, [r3, #1388]	; 0x56c
	NRF_SPIM0->FREQUENCY = BV_BY_NAME(SPIM_FREQUENCY_FREQUENCY, M4);
    13c2:	f04f 4180 	mov.w	r1, #1073741824	; 0x40000000
    13c6:	f8c3 1524 	str.w	r1, [r3, #1316]	; 0x524
	NRF_SPIM0->CONFIG =
    13ca:	f8c3 2554 	str.w	r2, [r3, #1364]	; 0x554
	NRF_SPIM0->ORC = 0;
    13ce:	f8c3 25c0 	str.w	r2, [r3, #1472]	; 0x5c0
	bolt_state = BOLT_STATE_IDLE;
    13d2:	4b09      	ldr	r3, [pc, #36]	; (13f8 <bolt_init+0x78>)
    13d4:	701a      	strb	r2, [r3, #0]
	if(bolt_status() != 0) {
    13d6:	f7ff ffc7 	bl	1368 <bolt_status>
    13da:	b128      	cbz	r0, 13e8 <bolt_init+0x68>
		bolt_state = BOLT_STATE_INVALID;
    13dc:	4b06      	ldr	r3, [pc, #24]	; (13f8 <bolt_init+0x78>)
    13de:	2203      	movs	r2, #3
    13e0:	701a      	strb	r2, [r3, #0]
		return 1;
    13e2:	2401      	movs	r4, #1
}
    13e4:	4620      	mov	r0, r4
    13e6:	bd10      	pop	{r4, pc}
    13e8:	4604      	mov	r4, r0
        printf("Bolt initialized with message size %u", BOLT_MAX_MSG_LEN);
    13ea:	2140      	movs	r1, #64	; 0x40
    13ec:	4803      	ldr	r0, [pc, #12]	; (13fc <bolt_init+0x7c>)
    13ee:	f003 fe21 	bl	5034 <printf>
	return 0;
    13f2:	e7f7      	b.n	13e4 <bolt_init+0x64>
    13f4:	40003000 	.word	0x40003000
    13f8:	20000029 	.word	0x20000029
    13fc:	00005c78 	.word	0x00005c78

00001400 <bolt_flush>:

//**************************************************************************************************

void bolt_flush(void)
{
    1400:	b538      	push	{r3, r4, r5, lr}
	while (BOLT_DATA_AVAILABLE) bolt_read(&rx_buffer);
    1402:	f04f 43a0 	mov.w	r3, #1342177280	; 0x50000000
    1406:	f8d3 3510 	ldr.w	r3, [r3, #1296]	; 0x510
    140a:	f413 1f80 	tst.w	r3, #1048576	; 0x100000
    140e:	d00a      	beq.n	1426 <bolt_flush+0x26>
    1410:	4d05      	ldr	r5, [pc, #20]	; (1428 <bolt_flush+0x28>)
    1412:	f04f 44a0 	mov.w	r4, #1342177280	; 0x50000000
    1416:	4628      	mov	r0, r5
    1418:	f7ff fef2 	bl	1200 <bolt_read>
    141c:	f8d4 3510 	ldr.w	r3, [r4, #1296]	; 0x510
    1420:	f413 1f80 	tst.w	r3, #1048576	; 0x100000
    1424:	d1f7      	bne.n	1416 <bolt_flush+0x16>
}
    1426:	bd38      	pop	{r3, r4, r5, pc}
    1428:	200000f8 	.word	0x200000f8

0000142c <gpi_milli_sleep>:
	_gpi_clocks_fast_timer->TASKS_CAPTURE[GPI_FAST_CLOCK_NRF_CAPTURE_REG] = 1;
    142c:	4b08      	ldr	r3, [pc, #32]	; (1450 <gpi_milli_sleep+0x24>)
    142e:	2201      	movs	r2, #1
    1430:	641a      	str	r2, [r3, #64]	; 0x40
	return _gpi_clocks_fast_timer->CC[GPI_FAST_CLOCK_NRF_CAPTURE_REG];
    1432:	f8d3 3540 	ldr.w	r3, [r3, #1344]	; 0x540
	// ensure that ms * TICKS_PER_MS < INT32_MAX (signed)
	ASSERT_CT(TICKS_PER_MS < 0x8000);

	tick = gpi_tick_fast_native();

	tick += (Gpi_Fast_Tick_Native)ms * TICKS_PER_MS;
    1436:	f44f 527a 	mov.w	r2, #16000	; 0x3e80
    143a:	fb02 3000 	mla	r0, r2, r0, r3
	_gpi_clocks_fast_timer->TASKS_CAPTURE[GPI_FAST_CLOCK_NRF_CAPTURE_REG] = 1;
    143e:	4a04      	ldr	r2, [pc, #16]	; (1450 <gpi_milli_sleep+0x24>)
    1440:	2101      	movs	r1, #1
    1442:	6411      	str	r1, [r2, #64]	; 0x40
	return _gpi_clocks_fast_timer->CC[GPI_FAST_CLOCK_NRF_CAPTURE_REG];
    1444:	f8d2 3540 	ldr.w	r3, [r2, #1344]	; 0x540
_GPI_TICK_COMPARE_FUNCTION(fast_native, 	Gpi_Fast_Tick_Native)
    1448:	1a1b      	subs	r3, r3, r0

	while (gpi_tick_compare_fast_native(gpi_tick_fast_native(), tick) <= 0);
    144a:	2b00      	cmp	r3, #0
    144c:	ddf9      	ble.n	1442 <gpi_milli_sleep+0x16>
}
    144e:	4770      	bx	lr
    1450:	40008000 	.word	0x40008000

00001454 <gpi_micro_sleep>:
	_gpi_clocks_fast_timer->TASKS_CAPTURE[GPI_FAST_CLOCK_NRF_CAPTURE_REG] = 1;
    1454:	4b07      	ldr	r3, [pc, #28]	; (1474 <gpi_micro_sleep+0x20>)
    1456:	2201      	movs	r2, #1
    1458:	641a      	str	r2, [r3, #64]	; 0x40
	return _gpi_clocks_fast_timer->CC[GPI_FAST_CLOCK_NRF_CAPTURE_REG];
    145a:	f8d3 3540 	ldr.w	r3, [r3, #1344]	; 0x540
	// ensure that us * TICKS_PER_US < INT32_MAX (signed)
	ASSERT_CT(TICKS_PER_US < 0x8000);

	tick = gpi_tick_fast_native();

	tick += (Gpi_Fast_Tick_Native)us * TICKS_PER_US;
    145e:	eb03 1000 	add.w	r0, r3, r0, lsl #4
	_gpi_clocks_fast_timer->TASKS_CAPTURE[GPI_FAST_CLOCK_NRF_CAPTURE_REG] = 1;
    1462:	4a04      	ldr	r2, [pc, #16]	; (1474 <gpi_micro_sleep+0x20>)
    1464:	2101      	movs	r1, #1
    1466:	6411      	str	r1, [r2, #64]	; 0x40
	return _gpi_clocks_fast_timer->CC[GPI_FAST_CLOCK_NRF_CAPTURE_REG];
    1468:	f8d2 3540 	ldr.w	r3, [r2, #1344]	; 0x540
    146c:	1a1b      	subs	r3, r3, r0

	while (gpi_tick_compare_fast_native(gpi_tick_fast_native(), tick) <= 0);
    146e:	2b00      	cmp	r3, #0
    1470:	ddf9      	ble.n	1466 <gpi_micro_sleep+0x12>
}
    1472:	4770      	bx	lr
    1474:	40008000 	.word	0x40008000

00001478 <gpi_radio_get_mode>:
{
	GPI_TRACE_FUNCTION();

	Gpi_Radio_Mode	mode;
	
	switch (NRF_RADIO->MODE & RADIO_MODE_MODE_Msk)
    1478:	4b0e      	ldr	r3, [pc, #56]	; (14b4 <gpi_radio_get_mode+0x3c>)
    147a:	f8d3 3510 	ldr.w	r3, [r3, #1296]	; 0x510
    147e:	f003 030f 	and.w	r3, r3, #15
    1482:	3b03      	subs	r3, #3
    1484:	2b0c      	cmp	r3, #12
    1486:	d810      	bhi.n	14aa <gpi_radio_get_mode+0x32>
    1488:	e8df f003 	tbb	[pc, r3]
    148c:	0b090711 	.word	0x0b090711
    1490:	0f0f0f0f 	.word	0x0f0f0f0f
    1494:	0f0f0f0f 	.word	0x0f0f0f0f
    1498:	0d          	.byte	0x0d
    1499:	00          	.byte	0x00
    149a:	2003      	movs	r0, #3
    149c:	4770      	bx	lr
	{
		case BV_BY_NAME(RADIO_MODE_MODE, Ble_1Mbit):			mode = BLE_1M;			break;
		case BV_BY_NAME(RADIO_MODE_MODE, Ble_2Mbit):			mode = BLE_2M;			break;
		case BV_BY_NAME(RADIO_MODE_MODE, Ble_LR125Kbit):		mode = BLE_125k;		break;
    149e:	2004      	movs	r0, #4
    14a0:	4770      	bx	lr
		case BV_BY_NAME(RADIO_MODE_MODE, Ble_LR500Kbit):		mode = BLE_500k;		break;
    14a2:	2005      	movs	r0, #5
    14a4:	4770      	bx	lr
		case BV_BY_NAME(RADIO_MODE_MODE, Ieee802154_250Kbit):	mode = IEEE_802_15_4;	break;
    14a6:	2001      	movs	r0, #1
    14a8:	4770      	bx	lr
		default:												mode = INVALID;			break;
    14aa:	2000      	movs	r0, #0
    14ac:	4770      	bx	lr
		case BV_BY_NAME(RADIO_MODE_MODE, Ble_1Mbit):			mode = BLE_1M;			break;
    14ae:	2002      	movs	r0, #2
    }	
	
	GPI_TRACE_RETURN(mode);
}
    14b0:	4770      	bx	lr
    14b2:	bf00      	nop
    14b4:	40001000 	.word	0x40001000

000014b8 <gpi_radio_dbm_to_power_level>:

//**************************************************************************************************

unsigned int gpi_radio_dbm_to_power_level(int dbm)
{
    14b8:	b410      	push	{r4}

	int i;

	// limit range
	// NOTE: use values with VALID_LUT set to 1 -> get_lsb() below works for sure
	dbm = MIN(dbm, 8);
    14ba:	2808      	cmp	r0, #8
    14bc:	bfa8      	it	ge
    14be:	2008      	movge	r0, #8
	dbm = MAX(dbm, -40);
    14c0:	f06f 0327 	mvn.w	r3, #39	; 0x27
    14c4:	4298      	cmp	r0, r3
    14c6:	bfb8      	it	lt
    14c8:	4618      	movlt	r0, r3

	i = dbm + 48;
    14ca:	f100 0330 	add.w	r3, r0, #48	; 0x30

	// if requested value is invalid: use next smaller value 	
	if (!(VALID_LUT & (UINT64_C(1) << i)))
    14ce:	4c1c      	ldr	r4, [pc, #112]	; (1540 <gpi_radio_dbm_to_power_level+0x88>)
    14d0:	f1c3 0120 	rsb	r1, r3, #32
    14d4:	3010      	adds	r0, #16
    14d6:	4a1b      	ldr	r2, [pc, #108]	; (1544 <gpi_radio_dbm_to_power_level+0x8c>)
    14d8:	40da      	lsrs	r2, r3
    14da:	fa04 f101 	lsl.w	r1, r4, r1
    14de:	430a      	orrs	r2, r1
    14e0:	fa24 f000 	lsr.w	r0, r4, r0
    14e4:	4302      	orrs	r2, r0
    14e6:	f002 0001 	and.w	r0, r2, #1
    14ea:	2100      	movs	r1, #0
    14ec:	ea50 0201 	orrs.w	r2, r0, r1
    14f0:	d11c      	bne.n	152c <gpi_radio_dbm_to_power_level+0x74>
		i = gpi_get_msb_64(VALID_LUT & ~(UINT64_C(-1) << i));
    14f2:	f04f 32ff 	mov.w	r2, #4294967295	; 0xffffffff
    14f6:	f1a3 0420 	sub.w	r4, r3, #32
    14fa:	f1c3 0020 	rsb	r0, r3, #32
    14fe:	fa02 f103 	lsl.w	r1, r2, r3
    1502:	fa02 f404 	lsl.w	r4, r2, r4
    1506:	4321      	orrs	r1, r4
    1508:	fa22 f000 	lsr.w	r0, r2, r0
    150c:	4301      	orrs	r1, r0
    150e:	fa02 f303 	lsl.w	r3, r2, r3
    1512:	480b      	ldr	r0, [pc, #44]	; (1540 <gpi_radio_dbm_to_power_level+0x88>)
    1514:	4a0b      	ldr	r2, [pc, #44]	; (1544 <gpi_radio_dbm_to_power_level+0x8c>)
    1516:	ea22 0203 	bic.w	r2, r2, r3
{
	register Generic64	y;
	
	y.u64 = x;

	if (y.u32_h != 0)
    151a:	ea30 0101 	bics.w	r1, r0, r1
    151e:	d00a      	beq.n	1536 <gpi_radio_dbm_to_power_level+0x7e>
	asm
    1520:	fab1 f181 	clz	r1, r1
    1524:	f1c1 011f 	rsb	r1, r1, #31
		return 32 + gpi_get_msb_32(y.u32_h);
    1528:	f101 0320 	add.w	r3, r1, #32
	
	GPI_TRACE_RETURN(i - 48);
}
    152c:	f1a3 0030 	sub.w	r0, r3, #48	; 0x30
    1530:	f85d 4b04 	ldr.w	r4, [sp], #4
    1534:	4770      	bx	lr
	asm
    1536:	fab2 f382 	clz	r3, r2
    153a:	f1c3 031f 	rsb	r3, r3, #31
	else return gpi_get_msb_32(y.u32_l);
    153e:	e7f5      	b.n	152c <gpi_radio_dbm_to_power_level+0x74>
    1540:	01fd1111 	.word	0x01fd1111
    1544:	10000100 	.word	0x10000100

00001548 <gpi_radio_set_tx_power>:

void gpi_radio_set_tx_power(unsigned int pa_level)
{
	GPI_TRACE_FUNCTION();
	
	pa_level &= 0xff;
    1548:	b2c0      	uxtb	r0, r0

	NRF_RADIO->TXPOWER = pa_level;
    154a:	4b02      	ldr	r3, [pc, #8]	; (1554 <gpi_radio_set_tx_power+0xc>)
    154c:	f8c3 050c 	str.w	r0, [r3, #1292]	; 0x50c
	
	GPI_TRACE_RETURN();
}
    1550:	4770      	bx	lr
    1552:	bf00      	nop
    1554:	40001000 	.word	0x40001000

00001558 <gpi_radio_set_channel>:

//*************************************************************************************************

void gpi_radio_set_channel(unsigned int channel)
{
    1558:	b510      	push	{r4, lr}
    155a:	4604      	mov	r4, r0
	GPI_TRACE_FUNCTION();

	switch (gpi_radio_get_mode())
    155c:	f7ff ff8c 	bl	1478 <gpi_radio_get_mode>
    1560:	2801      	cmp	r0, #1
    1562:	d01d      	beq.n	15a0 <gpi_radio_set_channel+0x48>
    1564:	1e83      	subs	r3, r0, #2
    1566:	b2db      	uxtb	r3, r3
    1568:	2b03      	cmp	r3, #3
    156a:	d84b      	bhi.n	1604 <gpi_radio_set_channel+0xac>
		case BLE_1M:
		case BLE_2M:
		case BLE_125k:
		case BLE_500k:
		{
			assert(channel <= 39);
    156c:	2c27      	cmp	r4, #39	; 0x27
    156e:	d830      	bhi.n	15d2 <gpi_radio_set_channel+0x7a>
			
			unsigned int freq;

			// mapping of channel: see Bluetooth Core Spec. v5.1 Vol. 6 Part B section 1.4.1
			switch (channel)
    1570:	2c26      	cmp	r4, #38	; 0x26
    1572:	d843      	bhi.n	15fc <gpi_radio_set_channel+0xa4>
    1574:	e8df f004 	tbb	[pc, r4]
    1578:	35353535 	.word	0x35353535
    157c:	35353535 	.word	0x35353535
    1580:	3f353535 	.word	0x3f353535
    1584:	3f3f3f3f 	.word	0x3f3f3f3f
    1588:	3f3f3f3f 	.word	0x3f3f3f3f
    158c:	3f3f3f3f 	.word	0x3f3f3f3f
    1590:	3f3f3f3f 	.word	0x3f3f3f3f
    1594:	3f3f3f3f 	.word	0x3f3f3f3f
    1598:	3f3f3f3f 	.word	0x3f3f3f3f
    159c:	443f      	.short	0x443f
    159e:	33          	.byte	0x33
    159f:	00          	.byte	0x00
			assert(channel >= 11);
    15a0:	2c0a      	cmp	r4, #10
    15a2:	d90a      	bls.n	15ba <gpi_radio_set_channel+0x62>
			assert(channel <= 26);
    15a4:	2c1a      	cmp	r4, #26
    15a6:	d80e      	bhi.n	15c6 <gpi_radio_set_channel+0x6e>
				BV_BY_VALUE(RADIO_FREQUENCY_FREQUENCY, (channel - 10) * 5)	|
    15a8:	eb04 0484 	add.w	r4, r4, r4, lsl #2
    15ac:	3c32      	subs	r4, #50	; 0x32
    15ae:	f004 047f 	and.w	r4, r4, #127	; 0x7f
			NRF_RADIO->FREQUENCY =
    15b2:	4b17      	ldr	r3, [pc, #92]	; (1610 <gpi_radio_set_channel+0xb8>)
    15b4:	f8c3 4508 	str.w	r4, [r3, #1288]	; 0x508
		default:
			assert(0);
    }
	
	GPI_TRACE_RETURN();
}
    15b8:	bd10      	pop	{r4, pc}
			assert(channel >= 11);
    15ba:	22af      	movs	r2, #175	; 0xaf
    15bc:	4915      	ldr	r1, [pc, #84]	; (1614 <gpi_radio_set_channel+0xbc>)
    15be:	4816      	ldr	r0, [pc, #88]	; (1618 <gpi_radio_set_channel+0xc0>)
    15c0:	f003 fc00 	bl	4dc4 <__assert>
			assert(channel <= 26);
    15c4:	e7f0      	b.n	15a8 <gpi_radio_set_channel+0x50>
    15c6:	22b0      	movs	r2, #176	; 0xb0
    15c8:	4912      	ldr	r1, [pc, #72]	; (1614 <gpi_radio_set_channel+0xbc>)
    15ca:	4814      	ldr	r0, [pc, #80]	; (161c <gpi_radio_set_channel+0xc4>)
    15cc:	f003 fbfa 	bl	4dc4 <__assert>
    15d0:	e7ea      	b.n	15a8 <gpi_radio_set_channel+0x50>
			assert(channel <= 39);
    15d2:	22be      	movs	r2, #190	; 0xbe
    15d4:	490f      	ldr	r1, [pc, #60]	; (1614 <gpi_radio_set_channel+0xbc>)
    15d6:	4812      	ldr	r0, [pc, #72]	; (1620 <gpi_radio_set_channel+0xc8>)
    15d8:	f003 fbf4 	bl	4dc4 <__assert>
    15dc:	e7c8      	b.n	1570 <gpi_radio_set_channel+0x18>
				case 37:		freq = 2;							break;
    15de:	231a      	movs	r3, #26
    15e0:	e001      	b.n	15e6 <gpi_radio_set_channel+0x8e>
				case 0 ... 10:	freq = 4 + ((channel - 0) * 2);		break;
    15e2:	1ca3      	adds	r3, r4, #2
    15e4:	005b      	lsls	r3, r3, #1
				BV_BY_VALUE(RADIO_FREQUENCY_FREQUENCY, freq) |
    15e6:	f003 037f 	and.w	r3, r3, #127	; 0x7f
			NRF_RADIO->FREQUENCY =
    15ea:	4a09      	ldr	r2, [pc, #36]	; (1610 <gpi_radio_set_channel+0xb8>)
    15ec:	f8c2 3508 	str.w	r3, [r2, #1288]	; 0x508
			NRF_RADIO->DATAWHITEIV = channel;
    15f0:	f8c2 4554 	str.w	r4, [r2, #1364]	; 0x554
			break;
    15f4:	e7e0      	b.n	15b8 <gpi_radio_set_channel+0x60>
				case 11 ... 36:	freq = 28 + ((channel - 11) * 2);	break;
    15f6:	1ce3      	adds	r3, r4, #3
    15f8:	005b      	lsls	r3, r3, #1
    15fa:	e7f4      	b.n	15e6 <gpi_radio_set_channel+0x8e>
				default:		freq = 80;							break;
    15fc:	2350      	movs	r3, #80	; 0x50
    15fe:	e7f2      	b.n	15e6 <gpi_radio_set_channel+0x8e>
				case 37:		freq = 2;							break;
    1600:	2302      	movs	r3, #2
    1602:	e7f0      	b.n	15e6 <gpi_radio_set_channel+0x8e>
			assert(0);
    1604:	22d8      	movs	r2, #216	; 0xd8
    1606:	4903      	ldr	r1, [pc, #12]	; (1614 <gpi_radio_set_channel+0xbc>)
    1608:	4806      	ldr	r0, [pc, #24]	; (1624 <gpi_radio_set_channel+0xcc>)
    160a:	f003 fbdb 	bl	4dc4 <__assert>
	GPI_TRACE_RETURN();
    160e:	e7d3      	b.n	15b8 <gpi_radio_set_channel+0x60>
    1610:	40001000 	.word	0x40001000
    1614:	00005ca0 	.word	0x00005ca0
    1618:	00005d0c 	.word	0x00005d0c
    161c:	00005d1c 	.word	0x00005d1c
    1620:	00005d2c 	.word	0x00005d2c
    1624:	00005d3c 	.word	0x00005d3c

00001628 <gpi_radio_ble_set_access_address>:

void gpi_radio_ble_set_access_address(unsigned int address)
{
	GPI_TRACE_FUNCTION();

	NRF_RADIO->BASE0 = address << 8;
    1628:	0202      	lsls	r2, r0, #8
    162a:	4b03      	ldr	r3, [pc, #12]	; (1638 <gpi_radio_ble_set_access_address+0x10>)
    162c:	f8c3 251c 	str.w	r2, [r3, #1308]	; 0x51c
	NRF_RADIO->PREFIX0 = address >> 24;
    1630:	0e00      	lsrs	r0, r0, #24
    1632:	f8c3 0524 	str.w	r0, [r3, #1316]	; 0x524
			
	GPI_TRACE_RETURN();
}
    1636:	4770      	bx	lr
    1638:	40001000 	.word	0x40001000

0000163c <gpi_radio_init>:

//**************************************************************************************************

void gpi_radio_init(Gpi_Radio_Mode mode)
{
    163c:	b570      	push	{r4, r5, r6, lr}
    163e:	4604      	mov	r4, r0
	GPI_TRACE_FUNCTION();

	// reset peripheral
	// -> all registers have reset value hereafter
	NRF_RADIO->POWER = BV_BY_NAME(RADIO_POWER_POWER, Disabled);
    1640:	4d4b      	ldr	r5, [pc, #300]	; (1770 <gpi_radio_init+0x134>)
    1642:	2600      	movs	r6, #0
    1644:	f8c5 6ffc 	str.w	r6, [r5, #4092]	; 0xffc
	gpi_milli_sleep(1);
    1648:	2001      	movs	r0, #1
    164a:	f7ff feef 	bl	142c <gpi_milli_sleep>
	NRF_RADIO->POWER = BV_BY_NAME(RADIO_POWER_POWER, Enabled);
    164e:	2001      	movs	r0, #1
    1650:	f8c5 0ffc 	str.w	r0, [r5, #4092]	; 0xffc
	gpi_milli_sleep(1);
    1654:	f7ff feea 	bl	142c <gpi_milli_sleep>

	NRF_RADIO->SHORTS = 0;
    1658:	f8c5 6200 	str.w	r6, [r5, #512]	; 0x200
	NRF_RADIO->INTENCLR = -1u;
    165c:	f04f 33ff 	mov.w	r3, #4294967295	; 0xffffffff
    1660:	f8c5 3308 	str.w	r3, [r5, #776]	; 0x308

	// init radio wrt. operating mode
	switch (mode)
    1664:	2c01      	cmp	r4, #1
    1666:	d00a      	beq.n	167e <gpi_radio_init+0x42>
    1668:	1ea3      	subs	r3, r4, #2
    166a:	b2db      	uxtb	r3, r3
    166c:	2b03      	cmp	r3, #3
    166e:	d878      	bhi.n	1762 <gpi_radio_init+0x126>
		case BLE_1M:
		case BLE_2M:
		case BLE_125k:
		case BLE_500k:
		{
			switch (mode)
    1670:	3c02      	subs	r4, #2
    1672:	2c03      	cmp	r4, #3
    1674:	d86e      	bhi.n	1754 <gpi_radio_init+0x118>
    1676:	e8df f004 	tbb	[pc, r4]
    167a:	5220      	.short	0x5220
    167c:	645b      	.short	0x645b
			NRF_RADIO->MODE = BV_BY_NAME(RADIO_MODE_MODE, Ieee802154_250Kbit);
    167e:	4c3c      	ldr	r4, [pc, #240]	; (1770 <gpi_radio_init+0x134>)
    1680:	230f      	movs	r3, #15
    1682:	f8c4 3510 	str.w	r3, [r4, #1296]	; 0x510
			NRF_RADIO->PCNF0 =
    1686:	4b3b      	ldr	r3, [pc, #236]	; (1774 <gpi_radio_init+0x138>)
    1688:	f8c4 3514 	str.w	r3, [r4, #1300]	; 0x514
			NRF_RADIO->PCNF1 =
    168c:	237f      	movs	r3, #127	; 0x7f
    168e:	f8c4 3518 	str.w	r3, [r4, #1304]	; 0x518
			NRF_RADIO->CRCCNF =
    1692:	f240 2302 	movw	r3, #514	; 0x202
    1696:	f8c4 3534 	str.w	r3, [r4, #1332]	; 0x534
			NRF_RADIO->CRCPOLY = 0x011021;
    169a:	4b37      	ldr	r3, [pc, #220]	; (1778 <gpi_radio_init+0x13c>)
    169c:	f8c4 3538 	str.w	r3, [r4, #1336]	; 0x538
			NRF_RADIO->CRCINIT = 0;
    16a0:	2500      	movs	r5, #0
    16a2:	f8c4 553c 	str.w	r5, [r4, #1340]	; 0x53c
			NRF_RADIO->MODECNF0 =
    16a6:	f44f 7300 	mov.w	r3, #512	; 0x200
    16aa:	f8c4 3650 	str.w	r3, [r4, #1616]	; 0x650
			gpi_radio_set_channel(11);		// just as reset (default) value
    16ae:	200b      	movs	r0, #11
    16b0:	f7ff ff52 	bl	1558 <gpi_radio_set_channel>
	NRF_RADIO->TXPOWER = pa_level;
    16b4:	f8c4 550c 	str.w	r5, [r4, #1292]	; 0x50c
			GPI_TRACE_MSG(TRACE_ERROR, "ERROR: invalid radio mode %u", (int)mode);
			assert(0);
    }
	
	GPI_TRACE_RETURN();
}
    16b8:	bd70      	pop	{r4, r5, r6, pc}
					NRF_RADIO->MODE = BV_BY_NAME(RADIO_MODE_MODE, Ble_1Mbit);
    16ba:	4b2d      	ldr	r3, [pc, #180]	; (1770 <gpi_radio_init+0x134>)
    16bc:	2203      	movs	r2, #3
    16be:	f8c3 2510 	str.w	r2, [r3, #1296]	; 0x510
					NRF_RADIO->PCNF0 = BV_BY_NAME(RADIO_PCNF0_PLEN, 8bit);
    16c2:	2200      	movs	r2, #0
    16c4:	f8c3 2514 	str.w	r2, [r3, #1300]	; 0x514
			NRF_RADIO->PCNF0 |=
    16c8:	4c29      	ldr	r4, [pc, #164]	; (1770 <gpi_radio_init+0x134>)
    16ca:	f8d4 3514 	ldr.w	r3, [r4, #1300]	; 0x514
    16ce:	f443 7384 	orr.w	r3, r3, #264	; 0x108
    16d2:	f8c4 3514 	str.w	r3, [r4, #1300]	; 0x514
			NRF_RADIO->PCNF1 =
    16d6:	4b29      	ldr	r3, [pc, #164]	; (177c <gpi_radio_init+0x140>)
    16d8:	f8c4 3518 	str.w	r3, [r4, #1304]	; 0x518
			NRF_RADIO->CRCCNF =
    16dc:	f240 1303 	movw	r3, #259	; 0x103
    16e0:	f8c4 3534 	str.w	r3, [r4, #1332]	; 0x534
			NRF_RADIO->CRCPOLY = 0x00065B;
    16e4:	f240 635b 	movw	r3, #1627	; 0x65b
    16e8:	f8c4 3538 	str.w	r3, [r4, #1336]	; 0x538
			NRF_RADIO->CRCINIT = 0x555555;
    16ec:	4b24      	ldr	r3, [pc, #144]	; (1780 <gpi_radio_init+0x144>)
    16ee:	f8c4 353c 	str.w	r3, [r4, #1340]	; 0x53c
			NRF_RADIO->MODECNF0 =
    16f2:	f240 2301 	movw	r3, #513	; 0x201
    16f6:	f8c4 3650 	str.w	r3, [r4, #1616]	; 0x650
			NRF_RADIO->TXADDRESS = 0;
    16fa:	2500      	movs	r5, #0
    16fc:	f8c4 552c 	str.w	r5, [r4, #1324]	; 0x52c
			NRF_RADIO->RXADDRESSES = 1;
    1700:	2301      	movs	r3, #1
    1702:	f8c4 3530 	str.w	r3, [r4, #1328]	; 0x530
			gpi_radio_set_channel(37);						// just as reset (default) value
    1706:	2025      	movs	r0, #37	; 0x25
    1708:	f7ff ff26 	bl	1558 <gpi_radio_set_channel>
	NRF_RADIO->TXPOWER = pa_level;
    170c:	f8c4 550c 	str.w	r5, [r4, #1292]	; 0x50c
	NRF_RADIO->BASE0 = address << 8;
    1710:	4b1c      	ldr	r3, [pc, #112]	; (1784 <gpi_radio_init+0x148>)
    1712:	f8c4 351c 	str.w	r3, [r4, #1308]	; 0x51c
	NRF_RADIO->PREFIX0 = address >> 24;
    1716:	238e      	movs	r3, #142	; 0x8e
    1718:	f8c4 3524 	str.w	r3, [r4, #1316]	; 0x524
	GPI_TRACE_RETURN();
    171c:	e7cc      	b.n	16b8 <gpi_radio_init+0x7c>
					NRF_RADIO->MODE = BV_BY_NAME(RADIO_MODE_MODE, Ble_2Mbit);
    171e:	4b14      	ldr	r3, [pc, #80]	; (1770 <gpi_radio_init+0x134>)
    1720:	2204      	movs	r2, #4
    1722:	f8c3 2510 	str.w	r2, [r3, #1296]	; 0x510
					NRF_RADIO->PCNF0 = BV_BY_NAME(RADIO_PCNF0_PLEN, 16bit);
    1726:	f04f 7280 	mov.w	r2, #16777216	; 0x1000000
    172a:	f8c3 2514 	str.w	r2, [r3, #1300]	; 0x514
					break;
    172e:	e7cb      	b.n	16c8 <gpi_radio_init+0x8c>
					NRF_RADIO->MODE = BV_BY_NAME(RADIO_MODE_MODE, Ble_LR125Kbit);
    1730:	4b0f      	ldr	r3, [pc, #60]	; (1770 <gpi_radio_init+0x134>)
    1732:	2205      	movs	r2, #5
    1734:	f8c3 2510 	str.w	r2, [r3, #1296]	; 0x510
					NRF_RADIO->PCNF0 =
    1738:	f04f 42c7 	mov.w	r2, #1669332992	; 0x63800000
    173c:	f8c3 2514 	str.w	r2, [r3, #1300]	; 0x514
					break;
    1740:	e7c2      	b.n	16c8 <gpi_radio_init+0x8c>
					NRF_RADIO->MODE = BV_BY_NAME(RADIO_MODE_MODE, Ble_LR500Kbit);
    1742:	4b0b      	ldr	r3, [pc, #44]	; (1770 <gpi_radio_init+0x134>)
    1744:	2206      	movs	r2, #6
    1746:	f8c3 2510 	str.w	r2, [r3, #1296]	; 0x510
					NRF_RADIO->PCNF0 =
    174a:	f04f 42c7 	mov.w	r2, #1669332992	; 0x63800000
    174e:	f8c3 2514 	str.w	r2, [r3, #1300]	; 0x514
					break;
    1752:	e7b9      	b.n	16c8 <gpi_radio_init+0x8c>
					assert(0);				
    1754:	f240 1255 	movw	r2, #341	; 0x155
    1758:	490b      	ldr	r1, [pc, #44]	; (1788 <gpi_radio_init+0x14c>)
    175a:	480c      	ldr	r0, [pc, #48]	; (178c <gpi_radio_init+0x150>)
    175c:	f003 fb32 	bl	4dc4 <__assert>
    1760:	e7b2      	b.n	16c8 <gpi_radio_init+0x8c>
			assert(0);
    1762:	f240 1283 	movw	r2, #387	; 0x183
    1766:	4908      	ldr	r1, [pc, #32]	; (1788 <gpi_radio_init+0x14c>)
    1768:	4808      	ldr	r0, [pc, #32]	; (178c <gpi_radio_init+0x150>)
    176a:	f003 fb2b 	bl	4dc4 <__assert>
	GPI_TRACE_RETURN();
    176e:	e7a3      	b.n	16b8 <gpi_radio_init+0x7c>
    1770:	40001000 	.word	0x40001000
    1774:	06000008 	.word	0x06000008
    1778:	00011021 	.word	0x00011021
    177c:	020300ff 	.word	0x020300ff
    1780:	00555555 	.word	0x00555555
    1784:	89bed600 	.word	0x89bed600
    1788:	00005ca0 	.word	0x00005ca0
    178c:	00005d3c 	.word	0x00005d3c

00001790 <gpi_platform_init>:

//**************************************************************************************************
//***** Global Functions ***************************************************************************

void gpi_platform_init()
{
    1790:	b430      	push	{r4, r5}
  __ASM volatile ("cpsid i" : : : "memory");
    1792:	b672      	cpsid	i
  __ASM volatile ("MSR basepri, %0" : : "r" (value) : "memory");
    1794:	2200      	movs	r2, #0
    1796:	f382 8811 	msr	BASEPRI, r2
  __ASM volatile ("MSR faultmask, %0" : : "r" (faultMask) : "memory");
    179a:	f382 8813 	msr	FAULTMASK, r2
  __ASM volatile ("MSR control, %0" : : "r" (control) : "memory");
    179e:	f382 8814 	msr	CONTROL, r2
  __ASM volatile ("dsb 0xF":::"memory");
    17a2:	f3bf 8f4f 	dsb	sy
  __ASM volatile ("isb 0xF":::"memory");
    17a6:	f3bf 8f6f 	isb	sy
	MPU->CTRL = 0;
    17aa:	4b71      	ldr	r3, [pc, #452]	; (1970 <gpi_platform_init+0x1e0>)
    17ac:	605a      	str	r2, [r3, #4]
	// TODO: make that configurable, disable if program runs from RAM
	// NOTE: benefit of cache is application dependent
	// - decreases latency on hit (0 ws.), but increases latency on miss (3 vs. 2 wait states)
	// - can decrease or increase power consumption (with high and low hit rate, respectively)
	// NOTE: it is possible to profile the hit rate, see spec. for details
	NRF_NVMC->ICACHECNF =
    17ae:	2101      	movs	r1, #1
    17b0:	4b70      	ldr	r3, [pc, #448]	; (1974 <gpi_platform_init+0x1e4>)
    17b2:	f8c3 1540 	str.w	r1, [r3, #1344]	; 0x540
	// - the settings may be application (not just board) specific -> do not touch them here
	// - PSELRESET is handled in nRF startup code (see CONFIG_GPIO_AS_PINRESET)
	// - NFCPINS is handled in nRF startup code (see CONFIG_NFCT_PINS_AS_GPIOS)

	// (re)init POWER settings
	NRF_POWER->INTENCLR = -1u;
    17b6:	f04f 4380 	mov.w	r3, #1073741824	; 0x40000000
    17ba:	f04f 30ff 	mov.w	r0, #4294967295	; 0xffffffff
    17be:	f8c3 0308 	str.w	r0, [r3, #776]	; 0x308
	NRF_POWER->POFCON = BV_BY_NAME(POWER_POFCON_POF, Disabled);
    17c2:	f8c3 2510 	str.w	r2, [r3, #1296]	; 0x510
	NRF_POWER->DCDCEN = BV_BY_NAME(POWER_DCDCEN_DCDCEN, Enabled);		// set REG1 to DC/DC mode
    17c6:	f8c3 1578 	str.w	r1, [r3, #1400]	; 0x578
	// NOTE: BMD-340 data sheet 9.3 (v2.1)
	// High voltage mode should be considered non-functional for most applications
	// and should not be used on ES2 and Revision A BMD-340 modules.
	NRF_POWER->DCDCEN0 = BV_BY_NAME(POWER_DCDCEN0_DCDCEN, Disabled);	// set REG0 to DC/DC mode (if enabled)
    17ca:	f8c3 2580 	str.w	r2, [r3, #1408]	; 0x580
	for (i = 0; i <= 8; ++i)
		NRF_POWER->RAM[i].POWER = 0x0000FFFF;	// all RAM sections enabled, no retention during System OFF
    17ce:	f64f 71ff 	movw	r1, #65535	; 0xffff
    17d2:	0113      	lsls	r3, r2, #4
    17d4:	f103 4380 	add.w	r3, r3, #1073741824	; 0x40000000
    17d8:	f8c3 1900 	str.w	r1, [r3, #2304]	; 0x900
	for (i = 0; i <= 8; ++i)
    17dc:	3201      	adds	r2, #1
    17de:	2a09      	cmp	r2, #9
    17e0:	d1f7      	bne.n	17d2 <gpi_platform_init+0x42>

	// disable watchdog
	// -> not possible if it is running already

	// disable all PPI channels
	NRF_PPI->CHEN = 0;
    17e2:	2300      	movs	r3, #0
    17e4:	4a64      	ldr	r2, [pc, #400]	; (1978 <gpi_platform_init+0x1e8>)
    17e6:	f8c2 3500 	str.w	r3, [r2, #1280]	; 0x500
	// stop HFXO (if running), switch HFCLK to HFINT
	// NOTE: by doing so, we (explicitly) ensure that the CPU runs independent from external
	// signals, which is important while reconfiguring the I/O ports
//	if (NRF_CLOCK->HFCLKSTAT & CLOCK_HFCLKSTAT_STATE_Msk)
		// NRF_CLOCK->TASKS_HFCLKSTOP = 1;
	NRF_CLOCK->TASKS_HFCLKSTOP = 1;
    17ea:	f04f 4280 	mov.w	r2, #1073741824	; 0x40000000
    17ee:	2101      	movs	r1, #1
    17f0:	6051      	str	r1, [r2, #4]
	// if the pullup/down is effective / needed when the pad is disconnected (PIN_CNF.INPUT = 0).
	// We enable it for sure.
	// NOTE: PIN_CNF[i].DIR and DIR.PIN[i] reflect the same setting
	for (i = 0; i < 32; ++i)
	{
		NRF_P0->PIN_CNF[i] =
    17f2:	f04f 44a0 	mov.w	r4, #1342177280	; 0x50000000
    17f6:	2106      	movs	r1, #6
			BV_BY_NAME(GPIO_PIN_CNF_DIR, Input)			|
			BV_BY_NAME(GPIO_PIN_CNF_INPUT, Disconnect)	|
			BV_BY_NAME(GPIO_PIN_CNF_PULL, Pulldown)		|
			BV_BY_NAME(GPIO_PIN_CNF_SENSE, Disabled);

		NRF_P1->PIN_CNF[i] =
    17f8:	4860      	ldr	r0, [pc, #384]	; (197c <gpi_platform_init+0x1ec>)
		NRF_P0->PIN_CNF[i] =
    17fa:	f503 72e0 	add.w	r2, r3, #448	; 0x1c0
    17fe:	f844 1022 	str.w	r1, [r4, r2, lsl #2]
		NRF_P1->PIN_CNF[i] =
    1802:	f840 1022 	str.w	r1, [r0, r2, lsl #2]
	for (i = 0; i < 32; ++i)
    1806:	3301      	adds	r3, #1
    1808:	2b20      	cmp	r3, #32
    180a:	d1f6      	bne.n	17fa <gpi_platform_init+0x6a>
			BV_BY_NAME(GPIO_PIN_CNF_PULL, Pulldown)		|
			BV_BY_NAME(GPIO_PIN_CNF_SENSE, Disabled);
	}

	// P0.00: GPIO / XTAL1, used as COM_RXD
	NRF_P0->PIN_CNF[0] =
    180c:	f04f 43a0 	mov.w	r3, #1342177280	; 0x50000000
    1810:	2200      	movs	r2, #0
    1812:	f8c3 2700 	str.w	r2, [r3, #1792]	; 0x700
		BV_BY_NAME(GPIO_PIN_CNF_PULL, Disabled)		| // see DPP2_user_guide
		// BV_BY_NAME(GPIO_PIN_CNF_PULL, Pullup)		|
		BV_BY_NAME(GPIO_PIN_CNF_SENSE, Disabled);

	// P0.02: GPIO / AIN0, used as COM_TREQ
	NRF_P0->PIN_CNF[2] =
    1816:	2003      	movs	r0, #3
    1818:	f8c3 0708 	str.w	r0, [r3, #1800]	; 0x708
		BV_BY_NAME(GPIO_PIN_CNF_DIR, Output)		|
		BV_BY_NAME(GPIO_PIN_CNF_INPUT, Disconnect)	|
		BV_BY_NAME(GPIO_PIN_CNF_PULL, Disabled)		|
		BV_BY_NAME(GPIO_PIN_CNF_DRIVE, S0S1)		|
		BV_BY_NAME(GPIO_PIN_CNF_SENSE, Disabled);
	NRF_P0->OUTCLR = BV(2);
    181c:	2104      	movs	r1, #4
    181e:	f8c3 150c 	str.w	r1, [r3, #1292]	; 0x50c
	// P0.14: GPIO, used as COM_SCK
	// P0.15: GPIO, used as COM_MISO
	// P0.16: GPIO, used as COM_MOSI

	// P0.17: GPIO, used as COM_ACK
	NRF_P0->PIN_CNF[17] =
    1822:	f8c3 2744 	str.w	r2, [r3, #1860]	; 0x744
		BV_BY_NAME(GPIO_PIN_CNF_PULL, Disabled)		| // see DPP2_user_guide
		// BV_BY_NAME(GPIO_PIN_CNF_PULL, Pulldown)		|
		BV_BY_NAME(GPIO_PIN_CNF_SENSE, Disabled);

	// P0.18: GPIO / RESET, used as COM_RST
	NRF_P0->PIN_CNF[18] =
    1826:	210c      	movs	r1, #12
    1828:	f8c3 1748 	str.w	r1, [r3, #1864]	; 0x748
		BV_BY_NAME(GPIO_PIN_CNF_INPUT, Connect)		|
		BV_BY_NAME(GPIO_PIN_CNF_PULL, Pullup)		|
		BV_BY_NAME(GPIO_PIN_CNF_SENSE, Disabled);

	// P0.19: GPIO, used as COM_MODE
	NRF_P0->PIN_CNF[19] =
    182c:	f8c3 074c 	str.w	r0, [r3, #1868]	; 0x74c
		BV_BY_NAME(GPIO_PIN_CNF_DIR, Output)		|
		BV_BY_NAME(GPIO_PIN_CNF_INPUT, Disconnect)	|
		BV_BY_NAME(GPIO_PIN_CNF_PULL, Disabled)		|
		BV_BY_NAME(GPIO_PIN_CNF_DRIVE, S0S1)		|
		BV_BY_NAME(GPIO_PIN_CNF_SENSE, Disabled);
	NRF_P0->OUTCLR = BV(19);
    1830:	f44f 2100 	mov.w	r1, #524288	; 0x80000
    1834:	f8c3 150c 	str.w	r1, [r3, #1292]	; 0x50c

	// P0.20: GPIO, used as COM_IND
	NRF_P0->PIN_CNF[20] =
    1838:	f8c3 2750 	str.w	r2, [r3, #1872]	; 0x750
		BV_BY_NAME(GPIO_PIN_CNF_PULL, Disabled)		| // see DPP2_user_guide
		// BV_BY_NAME(GPIO_PIN_CNF_PULL, Pulldown)		|
		BV_BY_NAME(GPIO_PIN_CNF_SENSE, Disabled);

	// P0.21: GPIO, used as COM_REQ
	NRF_P0->PIN_CNF[21] =
    183c:	f8c3 0754 	str.w	r0, [r3, #1876]	; 0x754
		BV_BY_NAME(GPIO_PIN_CNF_DIR, Output)		|
		BV_BY_NAME(GPIO_PIN_CNF_INPUT, Disconnect)	|
		BV_BY_NAME(GPIO_PIN_CNF_PULL, Disabled)		|
		BV_BY_NAME(GPIO_PIN_CNF_DRIVE, S0S1)		|
		BV_BY_NAME(GPIO_PIN_CNF_SENSE, Disabled);
	NRF_P0->OUTCLR = BV(21);
    1840:	f44f 1100 	mov.w	r1, #2097152	; 0x200000
    1844:	f8c3 150c 	str.w	r1, [r3, #1292]	; 0x50c

	// P0.25: GPIO, used as COM_LED
	NRF_P0->PIN_CNF[25] =
    1848:	f8c3 0764 	str.w	r0, [r3, #1892]	; 0x764
		BV_BY_NAME(GPIO_PIN_CNF_DIR, Output)		|
		BV_BY_NAME(GPIO_PIN_CNF_INPUT, Disconnect)	|
		BV_BY_NAME(GPIO_PIN_CNF_PULL, Disabled)		|
		BV_BY_NAME(GPIO_PIN_CNF_DRIVE, S0S1)		|
		BV_BY_NAME(GPIO_PIN_CNF_SENSE, Disabled);
	NRF_P0->OUTCLR = BV(25);
    184c:	f04f 7100 	mov.w	r1, #33554432	; 0x2000000
    1850:	f8c3 150c 	str.w	r1, [r3, #1292]	; 0x50c

	// P0.26: GPIO, used as COM_GPIO1
	NRF_P0->PIN_CNF[26] =
    1854:	f8c3 0768 	str.w	r0, [r3, #1896]	; 0x768
		BV_BY_NAME(GPIO_PIN_CNF_DIR, Output)		|
		BV_BY_NAME(GPIO_PIN_CNF_INPUT, Disconnect)	|
		BV_BY_NAME(GPIO_PIN_CNF_PULL, Disabled)		|
		BV_BY_NAME(GPIO_PIN_CNF_DRIVE, S0S1)		|
		BV_BY_NAME(GPIO_PIN_CNF_SENSE, Disabled);
	NRF_P0->OUTCLR = BV(26);
    1858:	f04f 6180 	mov.w	r1, #67108864	; 0x4000000
    185c:	f8c3 150c 	str.w	r1, [r3, #1292]	; 0x50c

	// P0.28: GPIO / AIN4, used as COM_GPIO2
	NRF_P0->PIN_CNF[28] =
    1860:	f8c3 0770 	str.w	r0, [r3, #1904]	; 0x770
		BV_BY_NAME(GPIO_PIN_CNF_DIR, Output)		|
		BV_BY_NAME(GPIO_PIN_CNF_INPUT, Disconnect)	|
		BV_BY_NAME(GPIO_PIN_CNF_PULL, Disabled)		|
		BV_BY_NAME(GPIO_PIN_CNF_DRIVE, S0S1)		|
		BV_BY_NAME(GPIO_PIN_CNF_SENSE, Disabled);
	NRF_P0->OUTCLR = BV(28);
    1864:	f04f 5180 	mov.w	r1, #268435456	; 0x10000000
    1868:	f8c3 150c 	str.w	r1, [r3, #1292]	; 0x50c

	// P0.30: GPIO / AIN6, used as COM_TXD
	NRF_P0->PIN_CNF[30] =
    186c:	f8c3 0778 	str.w	r0, [r3, #1912]	; 0x778
		BV_BY_NAME(GPIO_PIN_CNF_DIR, Output)		|
		BV_BY_NAME(GPIO_PIN_CNF_INPUT, Disconnect)	|
		BV_BY_NAME(GPIO_PIN_CNF_PULL, Disabled)		|
		BV_BY_NAME(GPIO_PIN_CNF_DRIVE, S0S1)		|
		BV_BY_NAME(GPIO_PIN_CNF_SENSE, Disabled);
	NRF_P0->OUTSET = BV(30);
    1870:	f04f 4180 	mov.w	r1, #1073741824	; 0x40000000
    1874:	f8c3 1508 	str.w	r1, [r3, #1288]	; 0x508
	// the settings, we must take care that the CPU keeps running for sure after every single step.
	// Hence, the order of changes has to be designed with care.

	// stop HFXO (if running), implicitly switch HFCLK to HFINT
//	if (NRF_CLOCK->HFCLKSTAT & CLOCK_HFCLKSTAT_STATE_Msk)
		NRF_CLOCK->TASKS_HFCLKSTOP = 1;
    1878:	2301      	movs	r3, #1
    187a:	604b      	str	r3, [r1, #4]

	// stop LFXO (if running)
//	if (NRF_CLOCK->LFCLKSTAT & CLOCK_LFCLKSTAT_STATE_Msk)
		NRF_CLOCK->TASKS_LFCLKSTOP = 1;
    187c:	60cb      	str	r3, [r1, #12]

	// init CLOCK module
	NRF_CLOCK->INTENCLR = -1u;
    187e:	f04f 34ff 	mov.w	r4, #4294967295	; 0xffffffff
    1882:	f8c1 4308 	str.w	r4, [r1, #776]	; 0x308
	NRF_CLOCK->LFCLKSRC =
    1886:	f8c1 2518 	str.w	r2, [r1, #1304]	; 0x518
		BV_BY_NAME(CLOCK_LFCLKSRC_SRC, RC)		|
		BV_BY_NAME(CLOCK_LFCLKSRC_BYPASS, Disabled)	|
		BV_BY_NAME(CLOCK_LFCLKSRC_EXTERNAL, Disabled);
	NRF_CLOCK->HFXODEBOUNCE =
    188a:	2540      	movs	r5, #64	; 0x40
    188c:	f8c1 5528 	str.w	r5, [r1, #1320]	; 0x528
		BV_BY_VALUE(CLOCK_HFXODEBOUNCE_HFXODEBOUNCE, 0x40);

	// start HFXO
	NRF_CLOCK->EVENTS_HFCLKSTARTED = 0;
    1890:	f8c1 2100 	str.w	r2, [r1, #256]	; 0x100
	NRF_CLOCK->TASKS_HFCLKSTART = 1;
    1894:	600b      	str	r3, [r1, #0]

	// start LFXO
	NRF_CLOCK->EVENTS_LFCLKSTARTED = 0;
    1896:	f8c1 2104 	str.w	r2, [r1, #260]	; 0x104
	NRF_CLOCK->TASKS_LFCLKSTART = 1;
    189a:	608b      	str	r3, [r1, #8]

	// init fast-clock timer
	{
		_gpi_clocks_fast_timer->TASKS_STOP = 1;
    189c:	f501 4100 	add.w	r1, r1, #32768	; 0x8000
    18a0:	604b      	str	r3, [r1, #4]
  __ASM volatile ("nop");
    18a2:	bf00      	nop
    18a4:	bf00      	nop
    18a6:	bf00      	nop
    18a8:	bf00      	nop
		// ATTENTION: since we stopped the timer, we cannot use it to measure time.
		// Therefore we use some nops here.
		for (i = 4; i-- > 0;)
			__NOP();

		_gpi_clocks_fast_timer->SHORTS 		= 0;
    18aa:	f8c1 2200 	str.w	r2, [r1, #512]	; 0x200
		_gpi_clocks_fast_timer->INTENCLR 	= -1u;
    18ae:	f8c1 4308 	str.w	r4, [r1, #776]	; 0x308
		_gpi_clocks_fast_timer->MODE 		= BV_BY_NAME(TIMER_MODE_MODE, Timer);
    18b2:	f8c1 2504 	str.w	r2, [r1, #1284]	; 0x504
		_gpi_clocks_fast_timer->BITMODE 	= BV_BY_NAME(TIMER_BITMODE_BITMODE, 32Bit);
    18b6:	f8c1 0508 	str.w	r0, [r1, #1288]	; 0x508

		ASSERT_CT(PCLK16_RATE == (PCLK16_RATE / GPI_FAST_CLOCK_RATE) * GPI_FAST_CLOCK_RATE, GPI_FAST_CLOCK_RATE_invalid);
		ASSERT_CT(IS_POWER_OF_2(PCLK16_RATE / GPI_FAST_CLOCK_RATE), GPI_FAST_CLOCK_RATE_invalid);
		ASSERT_CT(MSB(PCLK16_RATE / GPI_FAST_CLOCK_RATE) <= 9, GPI_FAST_CLOCK_RATE_invalid);

		_gpi_clocks_fast_timer->PRESCALER 	=
    18ba:	f8c1 2510 	str.w	r2, [r1, #1296]	; 0x510
			BV_BY_VALUE(TIMER_PRESCALER_PRESCALER, MSB(PCLK16_RATE / GPI_FAST_CLOCK_RATE));

		_gpi_clocks_fast_timer->TASKS_START = 1;
    18be:	600b      	str	r3, [r1, #0]
	}

	// init RTC (slow clock)
	{
		_gpi_clocks_rtc->TASKS_STOP = 1;
    18c0:	f501 5140 	add.w	r1, r1, #12288	; 0x3000
    18c4:	604b      	str	r3, [r1, #4]

		// NOTE: The spec. does not mention anything that we have to wait a bit after STOP.
		// If there are any troubles, check again.

		_gpi_clocks_rtc->INTENCLR	= -1u;
    18c6:	f8c1 4308 	str.w	r4, [r1, #776]	; 0x308
		_gpi_clocks_rtc->EVTEN		= BV_BY_VALUE(RTC_EVTENSET_TICK, 1);
    18ca:	f8c1 3340 	str.w	r3, [r1, #832]	; 0x340
			// EVENTS_TICK is needed for ready-polling below and (optionally) VHT

		ASSERT_CT(32768 == (32768 / GPI_SLOW_CLOCK_RATE) * GPI_SLOW_CLOCK_RATE, GPI_SLOW_CLOCK_RATE_invalid);
		ASSERT_CT((32768 / GPI_SLOW_CLOCK_RATE) <= 0x1000, GPI_SLOW_CLOCK_RATE_too_low);

		_gpi_clocks_rtc->PRESCALER	= (32768 / GPI_SLOW_CLOCK_RATE) - 1;
    18ce:	f8c1 2508 	str.w	r2, [r1, #1288]	; 0x508

		_gpi_clocks_rtc->TASKS_START = 1;
    18d2:	600b      	str	r3, [r1, #0]
	// wait until clocks are stable
	// ATTENTION: The clocks are not reliable before. However, we can interleave all init tasks
	// that do not rely on clock accuracy.
	// ATTENTION: Since LFCLK may have been unstable when we initialized the RTC (see above),
	// we wait until RTC started up for sure (see spec. 4413_417 v1.0 page 339 START task delay)
	while (!(NRF_CLOCK->EVENTS_HFCLKSTARTED && NRF_CLOCK->EVENTS_LFCLKSTARTED));
    18d4:	f04f 4280 	mov.w	r2, #1073741824	; 0x40000000
    18d8:	f8d2 3100 	ldr.w	r3, [r2, #256]	; 0x100
    18dc:	2b00      	cmp	r3, #0
    18de:	d0fb      	beq.n	18d8 <gpi_platform_init+0x148>
    18e0:	f8d2 3104 	ldr.w	r3, [r2, #260]	; 0x104
    18e4:	2b00      	cmp	r3, #0
    18e6:	d0f7      	beq.n	18d8 <gpi_platform_init+0x148>
	_gpi_clocks_rtc->EVENTS_TICK = 0;
    18e8:	4b25      	ldr	r3, [pc, #148]	; (1980 <gpi_platform_init+0x1f0>)
    18ea:	2200      	movs	r2, #0
    18ec:	f8c3 2100 	str.w	r2, [r3, #256]	; 0x100
	while (!(_gpi_clocks_rtc->EVENTS_TICK));
    18f0:	461a      	mov	r2, r3
    18f2:	f8d2 3100 	ldr.w	r3, [r2, #256]	; 0x100
    18f6:	2b00      	cmp	r3, #0
    18f8:	d0fb      	beq.n	18f2 <gpi_platform_init+0x162>

	// if !VHT: disable RTC->EVENTS_TICK (not needed anymore)
	#if !GPI_HYBRID_CLOCK_USE_VHT
		_gpi_clocks_rtc->EVTENCLR = BV_BY_VALUE(RTC_EVTENSET_TICK, 1);
    18fa:	2201      	movs	r2, #1
    18fc:	4b20      	ldr	r3, [pc, #128]	; (1980 <gpi_platform_init+0x1f0>)
    18fe:	f8c3 2348 	str.w	r2, [r3, #840]	; 0x348
	#endif

	// TODO: use only one PPI channel with CTTO event and CTSTART + CAL tasks

	// use PPI to start the calibration timer (TASKS_CTSTART) after the end of the calibration (EVENTS_DONE)
	NRF_PPI->CH[GPI_LFRC_CAL_TIMER_PPI_CHANNEL].EEP =
    1902:	f503 33a0 	add.w	r3, r3, #81920	; 0x14000
    1906:	491f      	ldr	r1, [pc, #124]	; (1984 <gpi_platform_init+0x1f4>)
    1908:	f8c3 1518 	str.w	r1, [r3, #1304]	; 0x518
		(uintptr_t)&(NRF_CLOCK->EVENTS_DONE);
	NRF_PPI->CH[GPI_LFRC_CAL_TIMER_PPI_CHANNEL].TEP =
    190c:	39f8      	subs	r1, #248	; 0xf8
    190e:	f8c3 151c 	str.w	r1, [r3, #1308]	; 0x51c
		(uintptr_t)&(NRF_CLOCK->TASKS_CTSTART);
	NRF_PPI->CHENSET = BV(GPI_LFRC_CAL_TIMER_PPI_CHANNEL);
    1912:	2102      	movs	r1, #2
    1914:	f8c3 1504 	str.w	r1, [r3, #1284]	; 0x504
	// 	BV_BY_NAME(GPIOTE_CONFIG_OUTINIT, Low);
	// NRF_PPI->FORK[GPI_LFRC_CAL_TIMER_PPI_CHANNEL].TEP =
	// 	(uintptr_t)&(NRF_GPIOTE->TASKS_OUT[0]);

	// use PPI to start the calibration task after the calibration timer reached 0 (EVENTS_CTTO)
	NRF_PPI->CH[GPI_LFRC_CAL_TASK_PPI_CHANNEL].EEP =
    1918:	491b      	ldr	r1, [pc, #108]	; (1988 <gpi_platform_init+0x1f8>)
    191a:	f8c3 1520 	str.w	r1, [r3, #1312]	; 0x520
		(uintptr_t)&(NRF_CLOCK->EVENTS_CTTO);
	NRF_PPI->CH[GPI_LFRC_CAL_TASK_PPI_CHANNEL].TEP =
    191e:	f5a1 7180 	sub.w	r1, r1, #256	; 0x100
    1922:	f8c3 1524 	str.w	r1, [r3, #1316]	; 0x524
		(uintptr_t)&(NRF_CLOCK->TASKS_CAL);
	NRF_PPI->CHENSET = BV(GPI_LFRC_CAL_TASK_PPI_CHANNEL);
    1926:	2104      	movs	r1, #4
    1928:	f8c3 1504 	str.w	r1, [r3, #1284]	; 0x504

	// calibrate LFRC with HFCLK (see spec. 4413_417 v1.1 5.4.2.2)
	// set calibration timer interval
	NRF_CLOCK->CTIV = BV_BY_VALUE(CLOCK_CTIV_CTIV, 4); // 4 * 0.25s = 1s
    192c:	f04f 4380 	mov.w	r3, #1073741824	; 0x40000000
    1930:	f8c3 1538 	str.w	r1, [r3, #1336]	; 0x538
	// start calibration timer
	NRF_CLOCK->TASKS_CTSTART = 1;
    1934:	615a      	str	r2, [r3, #20]
	NRF_UARTE0->ENABLE = BV_BY_NAME(UARTE_ENABLE_ENABLE, Disabled);
    1936:	f503 5300 	add.w	r3, r3, #8192	; 0x2000
    193a:	2200      	movs	r2, #0
    193c:	f8c3 2500 	str.w	r2, [r3, #1280]	; 0x500
	NRF_UARTE0->PSEL.RTS = BV_BY_NAME(UARTE_PSEL_RTS_CONNECT, Disconnected);
    1940:	f04f 4100 	mov.w	r1, #2147483648	; 0x80000000
    1944:	f8c3 1508 	str.w	r1, [r3, #1288]	; 0x508
	NRF_UARTE0->PSEL.CTS = BV_BY_NAME(UARTE_PSEL_CTS_CONNECT, Disconnected);
    1948:	f8c3 1510 	str.w	r1, [r3, #1296]	; 0x510
	NRF_UARTE0->PSEL.TXD =
    194c:	211e      	movs	r1, #30
    194e:	f8c3 150c 	str.w	r1, [r3, #1292]	; 0x50c
	NRF_UARTE0->PSEL.RXD =
    1952:	f8c3 2514 	str.w	r2, [r3, #1300]	; 0x514
	NRF_UARTE0->CONFIG =
    1956:	f8c3 256c 	str.w	r2, [r3, #1388]	; 0x56c
		case 460800:	NRF_UARTE0->BAUDRATE = UART_BAUDRATE_BAUDRATE_Baud460800;	break;
    195a:	490c      	ldr	r1, [pc, #48]	; (198c <gpi_platform_init+0x1fc>)
    195c:	f8c3 1524 	str.w	r1, [r3, #1316]	; 0x524
	NRF_UARTE0->INTEN = 0;
    1960:	f8c3 2300 	str.w	r2, [r3, #768]	; 0x300
	NRF_UARTE0->ENABLE = BV_BY_NAME(UARTE_ENABLE_ENABLE, Enabled);
    1964:	2208      	movs	r2, #8
    1966:	f8c3 2500 	str.w	r2, [r3, #1280]	; 0x500
		NVIC_ClearPendingIRQ(GPI_TRACE_DSR_IRQ);
		NVIC_EnableIRQ(GPI_TRACE_DSR_IRQ);
	#endif

	// GPI_TRACE_RETURN();
}
    196a:	bc30      	pop	{r4, r5}
    196c:	4770      	bx	lr
    196e:	bf00      	nop
    1970:	e000ed90 	.word	0xe000ed90
    1974:	4001e000 	.word	0x4001e000
    1978:	4001f000 	.word	0x4001f000
    197c:	50000300 	.word	0x50000300
    1980:	4000b000 	.word	0x4000b000
    1984:	4000010c 	.word	0x4000010c
    1988:	40000110 	.word	0x40000110
    198c:	075f7000 	.word	0x075f7000

00001990 <gpi_sleep>:
  __ASM volatile ("cpsid i" : : : "memory");
    1990:	b672      	cpsid	i
	gpi_int_disable();

	// mark that CPU comes from power-down
	// this flag can be evaluated by the application
	// NOTE: to be meaningful, the first ISR taken after power-up should clear it
	gpi_wakeup_event = 1;
    1992:	4b04      	ldr	r3, [pc, #16]	; (19a4 <gpi_sleep+0x14>)
    1994:	2201      	movs	r2, #1
    1996:	601a      	str	r2, [r3, #0]
  __ASM volatile ("wfi");
    1998:	bf30      	wfi
  __ASM volatile ("MSR primask, %0" : : "r" (priMask) : "memory");
    199a:	2300      	movs	r3, #0
    199c:	f383 8810 	msr	PRIMASK, r3
	// sleep...

	// restore standard behavior
	// NOTE: PRIMASK = 0 reenables interrupts. In consequence, pending IRQ(s) will be taken.
	__set_PRIMASK(0);
}
    19a0:	4770      	bx	lr
    19a2:	bf00      	nop
    19a4:	20000178 	.word	0x20000178

000019a8 <gpi_nrf_uicr_erase>:
//**************************************************************************************************

void gpi_nrf_uicr_erase()
{
	// set erase-enable mode
	while (!BV_TEST_BY_NAME(NRF_NVMC->READY, NVMC_READY_READY, Ready));
    19a8:	4a12      	ldr	r2, [pc, #72]	; (19f4 <gpi_nrf_uicr_erase+0x4c>)
    19aa:	f8d2 3400 	ldr.w	r3, [r2, #1024]	; 0x400
    19ae:	f013 0f01 	tst.w	r3, #1
    19b2:	d0fa      	beq.n	19aa <gpi_nrf_uicr_erase+0x2>
	NRF_NVMC->CONFIG = BV_BY_NAME(NVMC_CONFIG_WEN, Een);
    19b4:	4b0f      	ldr	r3, [pc, #60]	; (19f4 <gpi_nrf_uicr_erase+0x4c>)
    19b6:	2202      	movs	r2, #2
    19b8:	f8c3 2504 	str.w	r2, [r3, #1284]	; 0x504

	// erase UICR
	while (!BV_TEST_BY_NAME(NRF_NVMC->READY, NVMC_READY_READY, Ready));
    19bc:	461a      	mov	r2, r3
    19be:	f8d2 3400 	ldr.w	r3, [r2, #1024]	; 0x400
    19c2:	f013 0f01 	tst.w	r3, #1
    19c6:	d0fa      	beq.n	19be <gpi_nrf_uicr_erase+0x16>
	NRF_NVMC->ERASEUICR = BV_BY_NAME(NVMC_ERASEUICR_ERASEUICR, Erase);
    19c8:	4b0a      	ldr	r3, [pc, #40]	; (19f4 <gpi_nrf_uicr_erase+0x4c>)
    19ca:	2201      	movs	r2, #1
    19cc:	f8c3 2514 	str.w	r2, [r3, #1300]	; 0x514

	// go back to read-only mode
	while (!BV_TEST_BY_NAME(NRF_NVMC->READY, NVMC_READY_READY, Ready));
    19d0:	461a      	mov	r2, r3
    19d2:	f8d2 3400 	ldr.w	r3, [r2, #1024]	; 0x400
    19d6:	f013 0f01 	tst.w	r3, #1
    19da:	d0fa      	beq.n	19d2 <gpi_nrf_uicr_erase+0x2a>
	NRF_NVMC->CONFIG = BV_BY_NAME(NVMC_CONFIG_WEN, Ren);
    19dc:	4b05      	ldr	r3, [pc, #20]	; (19f4 <gpi_nrf_uicr_erase+0x4c>)
    19de:	2200      	movs	r2, #0
    19e0:	f8c3 2504 	str.w	r2, [r3, #1284]	; 0x504

	while (!BV_TEST_BY_NAME(NRF_NVMC->READY, NVMC_READY_READY, Ready));
    19e4:	461a      	mov	r2, r3
    19e6:	f8d2 3400 	ldr.w	r3, [r2, #1024]	; 0x400
    19ea:	f013 0f01 	tst.w	r3, #1
    19ee:	d0fa      	beq.n	19e6 <gpi_nrf_uicr_erase+0x3e>
}
    19f0:	4770      	bx	lr
    19f2:	bf00      	nop
    19f4:	4001e000 	.word	0x4001e000

000019f8 <gpi_nrf_uicr_write>:

//**************************************************************************************************

void gpi_nrf_uicr_write(uintptr_t dest, const void *src, size_t size)
{
    19f8:	e92d 43f0 	stmdb	sp!, {r4, r5, r6, r7, r8, r9, lr}
    19fc:	b083      	sub	sp, #12
	dest = MAX(dest, sizeof(NRF_UICR->CUSTOMER));
    19fe:	2880      	cmp	r0, #128	; 0x80
    1a00:	bf38      	it	cc
    1a02:	2080      	movcc	r0, #128	; 0x80
	size = MAX(size, sizeof(NRF_UICR->CUSTOMER) - dest);
    1a04:	f1c0 0780 	rsb	r7, r0, #128	; 0x80
    1a08:	4297      	cmp	r7, r2
    1a0a:	bf38      	it	cc
    1a0c:	4617      	movcc	r7, r2

	if (0 == size)
    1a0e:	2f00      	cmp	r7, #0
    1a10:	d046      	beq.n	1aa0 <gpi_nrf_uicr_write+0xa8>
    1a12:	4688      	mov	r8, r1
    1a14:	4606      	mov	r6, r0
		return;

	// set write-enable mode
	while (!BV_TEST_BY_NAME(NRF_NVMC->READY, NVMC_READY_READY, Ready));
    1a16:	4a24      	ldr	r2, [pc, #144]	; (1aa8 <gpi_nrf_uicr_write+0xb0>)
    1a18:	f8d2 3400 	ldr.w	r3, [r2, #1024]	; 0x400
    1a1c:	f013 0f01 	tst.w	r3, #1
    1a20:	d0fa      	beq.n	1a18 <gpi_nrf_uicr_write+0x20>
	NRF_NVMC->CONFIG = BV_BY_NAME(NVMC_CONFIG_WEN, Wen);
    1a22:	4b21      	ldr	r3, [pc, #132]	; (1aa8 <gpi_nrf_uicr_write+0xb0>)
    1a24:	2201      	movs	r2, #1
    1a26:	f8c3 2504 	str.w	r2, [r3, #1284]	; 0x504

	while (!BV_TEST_BY_NAME(NRF_NVMC->READY, NVMC_READY_READY, Ready));
    1a2a:	461a      	mov	r2, r3
    1a2c:	f8d2 3400 	ldr.w	r3, [r2, #1024]	; 0x400
    1a30:	f013 0f01 	tst.w	r3, #1
    1a34:	d0fa      	beq.n	1a2c <gpi_nrf_uicr_write+0x34>
	{
		uint_fast8_t	n = dest & 0x3;
		uint32_t		t;

		// assemble aligned 32-bit data word
		t = 0xffffffff;
    1a36:	f04f 39ff 	mov.w	r9, #4294967295	; 0xffffffff
		// write data word
		// ATTENTION: there seems to be some timing issue with READYNEXT (observed with
		// optimization level 3 enabled). We add a tiny sleep period to circumvent that.
		// The sleep does not hurt because writing a single word takes much more time
		// anyhow (4413_417 v1.0: typ. 41us).
		while (!BV_TEST_BY_NAME(NRF_NVMC->READYNEXT, NVMC_READYNEXT_READYNEXT, Ready));
    1a3a:	4c1b      	ldr	r4, [pc, #108]	; (1aa8 <gpi_nrf_uicr_write+0xb0>)
		uint_fast8_t	n = dest & 0x3;
    1a3c:	f006 0003 	and.w	r0, r6, #3
		t = 0xffffffff;
    1a40:	f8cd 9004 	str.w	r9, [sp, #4]
		memcpy((uint8_t*)&t + n, src, MIN(4 - n, size));
    1a44:	f1c0 0504 	rsb	r5, r0, #4
    1a48:	42bd      	cmp	r5, r7
    1a4a:	bf28      	it	cs
    1a4c:	463d      	movcs	r5, r7
    1a4e:	462a      	mov	r2, r5
    1a50:	4641      	mov	r1, r8
    1a52:	ab01      	add	r3, sp, #4
    1a54:	4418      	add	r0, r3
    1a56:	f003 fb81 	bl	515c <__aeabi_memcpy>
		while (!BV_TEST_BY_NAME(NRF_NVMC->READYNEXT, NVMC_READYNEXT_READYNEXT, Ready));
    1a5a:	f8d4 3408 	ldr.w	r3, [r4, #1032]	; 0x408
    1a5e:	f013 0f01 	tst.w	r3, #1
    1a62:	d0fa      	beq.n	1a5a <gpi_nrf_uicr_write+0x62>
		NRF_UICR->CUSTOMER[dest >> 2] = t;
    1a64:	08b3      	lsrs	r3, r6, #2
    1a66:	3320      	adds	r3, #32
    1a68:	9901      	ldr	r1, [sp, #4]
    1a6a:	f04f 2210 	mov.w	r2, #268439552	; 0x10001000
    1a6e:	f842 1023 	str.w	r1, [r2, r3, lsl #2]
		gpi_micro_sleep(2);
    1a72:	2002      	movs	r0, #2
    1a74:	f7ff fcee 	bl	1454 <gpi_micro_sleep>

		src = (const uint8_t*)src + n;
    1a78:	44a8      	add	r8, r5
		dest += n;
    1a7a:	442e      	add	r6, r5
	while (size > 0)
    1a7c:	1b7f      	subs	r7, r7, r5
    1a7e:	d1dd      	bne.n	1a3c <gpi_nrf_uicr_write+0x44>
		size -= n;
    }

	// go back to read-only mode
	while (!BV_TEST_BY_NAME(NRF_NVMC->READY, NVMC_READY_READY, Ready));
    1a80:	4a09      	ldr	r2, [pc, #36]	; (1aa8 <gpi_nrf_uicr_write+0xb0>)
    1a82:	f8d2 3400 	ldr.w	r3, [r2, #1024]	; 0x400
    1a86:	f013 0f01 	tst.w	r3, #1
    1a8a:	d0fa      	beq.n	1a82 <gpi_nrf_uicr_write+0x8a>
	NRF_NVMC->CONFIG = BV_BY_NAME(NVMC_CONFIG_WEN, Ren);
    1a8c:	4b06      	ldr	r3, [pc, #24]	; (1aa8 <gpi_nrf_uicr_write+0xb0>)
    1a8e:	2200      	movs	r2, #0
    1a90:	f8c3 2504 	str.w	r2, [r3, #1284]	; 0x504

	while (!BV_TEST_BY_NAME(NRF_NVMC->READY, NVMC_READY_READY, Ready));
    1a94:	461a      	mov	r2, r3
    1a96:	f8d2 3400 	ldr.w	r3, [r2, #1024]	; 0x400
    1a9a:	f013 0f01 	tst.w	r3, #1
    1a9e:	d0fa      	beq.n	1a96 <gpi_nrf_uicr_write+0x9e>
}
    1aa0:	b003      	add	sp, #12
    1aa2:	e8bd 83f0 	ldmia.w	sp!, {r4, r5, r6, r7, r8, r9, pc}
    1aa6:	bf00      	nop
    1aa8:	4001e000 	.word	0x4001e000

00001aac <debug_putchar>:
// Instead we provide (non-weak) debug_putchar (to catch thumb_crt0.s) plus weak __putchar.
int __putchar(int c, __printf_tag_ptr file) __attribute__((weak, alias("debug_putchar")));

// ATTENTION: this simple implementation is not reentrant
int debug_putchar(int c, __printf_tag_ptr file)
{
    1aac:	b082      	sub	sp, #8
	// NRF_UARTE0->TASKS_STOPTX = 1;

	len = 0;

	// convert "\n" to "\r\n"
	if (c == '\n')
    1aae:	280a      	cmp	r0, #10
		buf[len++] = '\r';
    1ab0:	bf03      	ittte	eq
    1ab2:	230d      	moveq	r3, #13
    1ab4:	f88d 3004 	strbeq.w	r3, [sp, #4]
    1ab8:	2301      	moveq	r3, #1
	len = 0;
    1aba:	2300      	movne	r3, #0

	buf[len++] = c;
    1abc:	1c5a      	adds	r2, r3, #1
    1abe:	a902      	add	r1, sp, #8
    1ac0:	440b      	add	r3, r1
    1ac2:	f803 0c04 	strb.w	r0, [r3, #-4]
	REORDER_BARRIER();

	// while (!(NRF_UARTE0->EVENTS_TXSTOPPED));

	// setup DMA
	NRF_UARTE0->TXD.PTR = (uintptr_t)&buf;
    1ac6:	4b0a      	ldr	r3, [pc, #40]	; (1af0 <debug_putchar+0x44>)
    1ac8:	a901      	add	r1, sp, #4
    1aca:	f8c3 1544 	str.w	r1, [r3, #1348]	; 0x544
	NRF_UARTE0->TXD.MAXCNT = len;
    1ace:	f8c3 2548 	str.w	r2, [r3, #1352]	; 0x548
  \details Ensures the apparent order of the explicit memory operations before
           and after the instruction, without ensuring their completion.
 */
__attribute__((always_inline)) __STATIC_INLINE void __DMB(void)
{
  __ASM volatile ("dmb 0xF":::"memory");
    1ad2:	f3bf 8f5f 	dmb	sy
	// NOTE: This is not really necessary here because it has been done implicitly for sure
	// due to the short pipeline length of the Cortex-M4. We do it anyway to keep the code clean.
	__DMB();

	// start TX
	NRF_UARTE0->EVENTS_ENDTX = 0;
    1ad6:	2200      	movs	r2, #0
    1ad8:	f8c3 2120 	str.w	r2, [r3, #288]	; 0x120
	NRF_UARTE0->TASKS_STARTTX = 1;
    1adc:	2201      	movs	r2, #1
    1ade:	609a      	str	r2, [r3, #8]

	// wait until buf can be released
	// NOTE: ENDTX implies TXSTARTED, i.e., TXD.PTR and TXD.MAXCNT are released too
	while (!(NRF_UARTE0->EVENTS_ENDTX));
    1ae0:	461a      	mov	r2, r3
    1ae2:	f8d2 3120 	ldr.w	r3, [r2, #288]	; 0x120
    1ae6:	2b00      	cmp	r3, #0
    1ae8:	d0fb      	beq.n	1ae2 <debug_putchar+0x36>

	return c;
}
    1aea:	b002      	add	sp, #8
    1aec:	4770      	bx	lr
    1aee:	bf00      	nop
    1af0:	40002000 	.word	0x40002000

00001af4 <gpi_stdin_flush>:

// provide getchar() if necessary
#if GPI_ARCH_IS_OS(NONE)

void gpi_stdin_flush()
{
    1af4:	b082      	sub	sp, #8
	uint8_t	t[8];

	NRF_UARTE0->RXD.PTR = (uintptr_t)&t;
    1af6:	4b09      	ldr	r3, [pc, #36]	; (1b1c <gpi_stdin_flush+0x28>)
    1af8:	f8c3 d534 	str.w	sp, [r3, #1332]	; 0x534
	NRF_UARTE0->RXD.MAXCNT = 8;
    1afc:	2208      	movs	r2, #8
    1afe:	f8c3 2538 	str.w	r2, [r3, #1336]	; 0x538

	NRF_UARTE0->EVENTS_ENDRX = 0;
    1b02:	2200      	movs	r2, #0
    1b04:	f8c3 2110 	str.w	r2, [r3, #272]	; 0x110
	NRF_UARTE0->TASKS_FLUSHRX = 1;
    1b08:	2201      	movs	r2, #1
    1b0a:	62da      	str	r2, [r3, #44]	; 0x2c
	while (!(NRF_UARTE0->EVENTS_ENDRX));
    1b0c:	461a      	mov	r2, r3
    1b0e:	f8d2 3110 	ldr.w	r3, [r2, #272]	; 0x110
    1b12:	2b00      	cmp	r3, #0
    1b14:	d0fb      	beq.n	1b0e <gpi_stdin_flush+0x1a>
}
    1b16:	b002      	add	sp, #8
    1b18:	4770      	bx	lr
    1b1a:	bf00      	nop
    1b1c:	40002000 	.word	0x40002000

00001b20 <getchar>:

// NOTE: function is declared as weak to allow the application to provide a different
// implementation without causing conflicts
int __attribute__((weak)) getchar()
{
    1b20:	b082      	sub	sp, #8
	uint8_t	c;

	NRF_UARTE0->RXD.PTR = (uintptr_t)&c;
    1b22:	4b0a      	ldr	r3, [pc, #40]	; (1b4c <getchar+0x2c>)
    1b24:	f10d 0207 	add.w	r2, sp, #7
    1b28:	f8c3 2534 	str.w	r2, [r3, #1332]	; 0x534
	NRF_UARTE0->RXD.MAXCNT = 1;
    1b2c:	2201      	movs	r2, #1
    1b2e:	f8c3 2538 	str.w	r2, [r3, #1336]	; 0x538

	NRF_UARTE0->EVENTS_ENDRX = 0;
    1b32:	2100      	movs	r1, #0
    1b34:	f8c3 1110 	str.w	r1, [r3, #272]	; 0x110
	NRF_UARTE0->TASKS_STARTRX = 1;
    1b38:	601a      	str	r2, [r3, #0]
	while (!(NRF_UARTE0->EVENTS_ENDRX));
    1b3a:	461a      	mov	r2, r3
    1b3c:	f8d2 3110 	ldr.w	r3, [r2, #272]	; 0x110
    1b40:	2b00      	cmp	r3, #0
    1b42:	d0fb      	beq.n	1b3c <getchar+0x1c>

	return c;
}
    1b44:	f89d 0007 	ldrb.w	r0, [sp, #7]
    1b48:	b002      	add	sp, #8
    1b4a:	4770      	bx	lr
    1b4c:	40002000 	.word	0x40002000

00001b50 <getsn>:

//**************************************************************************************************
//***** Global Functions ***************************************************************************

char* getsn(char *s, size_t size)
{
    1b50:	b5f8      	push	{r3, r4, r5, r6, r7, lr}
    1b52:	4606      	mov	r6, r0
	assert(size > 0);
    1b54:	460d      	mov	r5, r1
    1b56:	b121      	cbz	r1, 1b62 <getsn+0x12>

	char *p = s;

	gpi_stdin_flush();
    1b58:	f7ff ffcc 	bl	1af4 <gpi_stdin_flush>
	char *p = s;
    1b5c:	4634      	mov	r4, r6
		// backspace, DEL
		if (0x08 == *p || 0x7F == *p)
		{
			if (p != s)
			{
				putchar(*p);
    1b5e:	2700      	movs	r7, #0
    1b60:	e00f      	b.n	1b82 <getsn+0x32>
	assert(size > 0);
    1b62:	225d      	movs	r2, #93	; 0x5d
    1b64:	4915      	ldr	r1, [pc, #84]	; (1bbc <getsn+0x6c>)
    1b66:	4816      	ldr	r0, [pc, #88]	; (1bc0 <getsn+0x70>)
    1b68:	f003 f92c 	bl	4dc4 <__assert>
    1b6c:	e7f4      	b.n	1b58 <getsn+0x8>
    1b6e:	4634      	mov	r4, r6
    1b70:	e007      	b.n	1b82 <getsn+0x32>
			if (p != s)
    1b72:	42b4      	cmp	r4, r6
    1b74:	d0fb      	beq.n	1b6e <getsn+0x1e>
				putchar(*p);
    1b76:	4639      	mov	r1, r7
    1b78:	b2c0      	uxtb	r0, r0
    1b7a:	f7ff ff97 	bl	1aac <debug_putchar>
				p--;
    1b7e:	3c01      	subs	r4, #1
				size++;
    1b80:	3501      	adds	r5, #1
		*p = getchar();
    1b82:	f7ff ffcd 	bl	1b20 <getchar>
    1b86:	b2c3      	uxtb	r3, r0
    1b88:	7023      	strb	r3, [r4, #0]
		if (0x08 == *p || 0x7F == *p)
    1b8a:	2b08      	cmp	r3, #8
    1b8c:	d0f1      	beq.n	1b72 <getsn+0x22>
    1b8e:	2b7f      	cmp	r3, #127	; 0x7f
    1b90:	d0ef      	beq.n	1b72 <getsn+0x22>
			}
		}
		else
		{
			if ('\n' == *p || '\r' == *p)
    1b92:	2b0a      	cmp	r3, #10
    1b94:	d00a      	beq.n	1bac <getsn+0x5c>
    1b96:	2b0d      	cmp	r3, #13
    1b98:	d008      	beq.n	1bac <getsn+0x5c>
			{
				putchar(*p);
				break;
            }

			if (size > 1)
    1b9a:	2d01      	cmp	r5, #1
    1b9c:	d9f1      	bls.n	1b82 <getsn+0x32>
			{
				putchar(*p);
    1b9e:	4639      	mov	r1, r7
    1ba0:	b2c0      	uxtb	r0, r0
    1ba2:	f7ff ff83 	bl	1aac <debug_putchar>
				p++;
    1ba6:	3401      	adds	r4, #1
				size--;
    1ba8:	3d01      	subs	r5, #1
    1baa:	e7ea      	b.n	1b82 <getsn+0x32>
				putchar(*p);
    1bac:	2100      	movs	r1, #0
    1bae:	b2c0      	uxtb	r0, r0
    1bb0:	f7ff ff7c 	bl	1aac <debug_putchar>
            }
		}
	}

	*p = '\0';
    1bb4:	2300      	movs	r3, #0
    1bb6:	7023      	strb	r3, [r4, #0]

	return s;
}
    1bb8:	4630      	mov	r0, r6
    1bba:	bdf8      	pop	{r3, r4, r5, r6, r7, pc}
    1bbc:	00005d40 	.word	0x00005d40
    1bc0:	00005d90 	.word	0x00005d90

00001bc4 <mixer_init>:

//**************************************************************************************************
//***** Global Functions ***************************************************************************

void mixer_init(uint8_t node_id)
{
    1bc4:	b570      	push	{r4, r5, r6, lr}
	GPI_TRACE_FUNCTION();

	assert_return(node_id < MX_NUM_NODES);
    1bc6:	2802      	cmp	r0, #2
    1bc8:	f200 8092 	bhi.w	1cf0 <mixer_init+0x12c>
    1bcc:	4606      	mov	r6, r0

	unsigned int i;

	mixer_transport_init();
    1bce:	f002 ff6b 	bl	4aa8 <mixer_transport_init>

	mx.rx_queue_num_writing = 0;
    1bd2:	4c4a      	ldr	r4, [pc, #296]	; (1cfc <mixer_init+0x138>)
    1bd4:	2500      	movs	r5, #0
    1bd6:	f8c4 50d0 	str.w	r5, [r4, #208]	; 0xd0
	mx.rx_queue_num_written = 0;
    1bda:	f8c4 50d4 	str.w	r5, [r4, #212]	; 0xd4
	mx.rx_queue_num_read = 0;
    1bde:	f8c4 50d8 	str.w	r5, [r4, #216]	; 0xd8

	mx.tx_packet.sender_id = node_id;
    1be2:	f884 60e2 	strb.w	r6, [r4, #226]	; 0xe2
	mx.tx_packet.flags.all = 0;
    1be6:	f884 50e3 	strb.w	r5, [r4, #227]	; 0xe3
	mx.tx_packet.is_ready = 0;
    1bea:	f894 310c 	ldrb.w	r3, [r4, #268]	; 0x10c
    1bee:	f365 13c7 	bfi	r3, r5, #7, #1
    1bf2:	f884 310c 	strb.w	r3, [r4, #268]	; 0x10c
	#if AGGREGATE_SIZE
		memset(mx.tx_packet.aggregate, 0, AGGREGATE_SIZE);
    1bf6:	2206      	movs	r2, #6
    1bf8:	4629      	mov	r1, r5
    1bfa:	f504 7083 	add.w	r0, r4, #262	; 0x106
    1bfe:	f003 fad6 	bl	51ae <memset>
		memset(mx.agg_local, 0, AGGREGATE_SIZE);
    1c02:	2206      	movs	r2, #6
    1c04:	4629      	mov	r1, r5
    1c06:	f504 7016 	add.w	r0, r4, #600	; 0x258
    1c0a:	f003 fad0 	bl	51ae <memset>
		mx.agg_is_valid = 0;
    1c0e:	f884 525e 	strb.w	r5, [r4, #606]	; 0x25e
	#endif
	mx.tx_sideload = NULL;
    1c12:	f8c4 5110 	str.w	r5, [r4, #272]	; 0x110
	mx.tx_reserve = NULL;
    1c16:	f8c4 5114 	str.w	r5, [r4, #276]	; 0x114

	for (i = 0; i < MX_GENERATION_SIZE; i++)
		mx.matrix[i].birth_slot = UINT16_MAX;
    1c1a:	f64f 76ff 	movw	r6, #65535	; 0xffff
    1c1e:	f8a4 6128 	strh.w	r6, [r4, #296]	; 0x128
    1c22:	f8a4 6150 	strh.w	r6, [r4, #336]	; 0x150
    1c26:	f8a4 6178 	strh.w	r6, [r4, #376]	; 0x178
    1c2a:	f8a4 61a0 	strh.w	r6, [r4, #416]	; 0x1a0

	mx.rank = 0;
    1c2e:	f8a4 51c8 	strh.w	r5, [r4, #456]	; 0x1c8
	mx.next_own_row = &mx.matrix[NUM_ELEMENTS(mx.matrix)];
    1c32:	f504 73e4 	add.w	r3, r4, #456	; 0x1c8
    1c36:	f8c4 31d0 	str.w	r3, [r4, #464]	; 0x1d0
	mx.recent_innovative_slot = 0;
    1c3a:	f8a4 51d4 	strh.w	r5, [r4, #468]	; 0x1d4

	mx.slot_number = 0;
    1c3e:	f8a4 5118 	strh.w	r5, [r4, #280]	; 0x118
	mx.events = 0;
    1c42:	f8c4 511c 	str.w	r5, [r4, #284]	; 0x11c

	memset(&mx.stat_counter, 0, sizeof(mx.stat_counter));
    1c46:	223c      	movs	r2, #60	; 0x3c
    1c48:	4629      	mov	r1, r5
    1c4a:	f504 7018 	add.w	r0, r4, #608	; 0x260
    1c4e:	f003 faae 	bl	51ae <memset>

	for (i = 0; i < NUM_ELEMENTS(pt_data); ++i)
		PT_INIT(&pt_data[i]);
    1c52:	4b2b      	ldr	r3, [pc, #172]	; (1d00 <mixer_init+0x13c>)
    1c54:	801d      	strh	r5, [r3, #0]
    1c56:	805d      	strh	r5, [r3, #2]
    1c58:	809d      	strh	r5, [r3, #4]

	#if MX_COORDINATED_TX
		mx_init_history();
    1c5a:	f000 fb7b 	bl	2354 <mx_init_history>
		#if !MX_BENCHMARK_NO_COORDINATED_STARTUP
			mx.wake_up_slot = 0;
    1c5e:	f8a4 5208 	strh.w	r5, [r4, #520]	; 0x208
			mx.discovery_exit_slot = -1;	// will be updated on next slot update
    1c62:	f8a4 620a 	strh.w	r6, [r4, #522]	; 0x20a
		#endif
	#endif

	#if MX_REQUEST
		memset(&mx.request, 0, sizeof(mx.request));
    1c66:	2230      	movs	r2, #48	; 0x30
    1c68:	4629      	mov	r1, r5
    1c6a:	f504 7005 	add.w	r0, r4, #532	; 0x214
    1c6e:	f003 fa9e 	bl	51ae <memset>
		memset(&mx.request.my_row_mask, -1, sizeof(mx.request.my_row_mask));
    1c72:	2204      	movs	r2, #4
    1c74:	f04f 31ff 	mov.w	r1, #4294967295	; 0xffffffff
    1c78:	f504 700d 	add.w	r0, r4, #564	; 0x234
    1c7c:	f003 fa97 	bl	51ae <memset>
		memset(&mx.request.my_column_mask, -1, sizeof(mx.request.my_column_mask));
    1c80:	2204      	movs	r2, #4
    1c82:	f04f 31ff 	mov.w	r1, #4294967295	; 0xffffffff
    1c86:	f504 700e 	add.w	r0, r4, #568	; 0x238
    1c8a:	f003 fa90 	bl	51ae <memset>
    1c8e:	221c      	movs	r2, #28

		// ATTENTION: signed is important (arithmetic shift fills vacant positions with 1's)
		int_fast_t mask = 1 << (sizeof(uint_fast_t) * 8 - 1);
    1c90:	f04f 4300 	mov.w	r3, #2147483648	; 0x80000000
		for (i = sizeof(mx.request.my_row_mask) * 8; i-- > MX_GENERATION_SIZE;)
			mask >>= 1;
    1c94:	4619      	mov	r1, r3
    1c96:	105b      	asrs	r3, r3, #1
		for (i = sizeof(mx.request.my_row_mask) * 8; i-- > MX_GENERATION_SIZE;)
    1c98:	3a01      	subs	r2, #1
    1c9a:	d1fb      	bne.n	1c94 <mixer_init+0xd0>
		mx.request.padding_mask = ~(mask << 1);
    1c9c:	f021 0101 	bic.w	r1, r1, #1
    1ca0:	43c9      	mvns	r1, r1
    1ca2:	4c16      	ldr	r4, [pc, #88]	; (1cfc <mixer_init+0x138>)
    1ca4:	f8c4 1240 	str.w	r1, [r4, #576]	; 0x240
		GPI_TRACE_MSG(TRACE_VERBOSE, "request padding mask: %0*x",
			sizeof(mx.request.padding_mask) * 2, mx.request.padding_mask);

		i = NUM_ELEMENTS(mx.request.my_row_mask) - 1;
		mx.request.my_row_mask[i] &= mx.request.padding_mask;
    1ca8:	f8d4 3234 	ldr.w	r3, [r4, #564]	; 0x234
    1cac:	400b      	ands	r3, r1
    1cae:	f8c4 3234 	str.w	r3, [r4, #564]	; 0x234
		mx.request.my_column_mask[i] &= mx.request.padding_mask;
    1cb2:	f8d4 3238 	ldr.w	r3, [r4, #568]	; 0x238
    1cb6:	4019      	ands	r1, r3
    1cb8:	f8c4 1238 	str.w	r1, [r4, #568]	; 0x238
	#endif

	#if MX_SMART_SHUTDOWN
		mx.is_shutdown_approved = 0;
    1cbc:	2500      	movs	r5, #0
    1cbe:	f884 520c 	strb.w	r5, [r4, #524]	; 0x20c
		mx.have_full_rank_partner = 0;
    1cc2:	f884 520d 	strb.w	r5, [r4, #525]	; 0x20d
		#if MX_SMART_SHUTDOWN_MAP
			mx_clear_full_rank_map();
    1cc6:	f000 fc51 	bl	256c <mx_clear_full_rank_map>
			mx.full_rank_state = 0;
    1cca:	f884 5210 	strb.w	r5, [r4, #528]	; 0x210
		#endif
	#endif

	#if MX_WEAK_ZEROS
		memset(&mx.weak_zero_map, 0, sizeof(mx.weak_zero_map));
    1cce:	2208      	movs	r2, #8
    1cd0:	4629      	mov	r1, r5
    1cd2:	f504 7011 	add.w	r0, r4, #580	; 0x244
    1cd6:	f003 fa6a 	bl	51ae <memset>
		// set bits of non-existing entries
		if (MX_GENERATION_SIZE < (sizeof(mx.weak_zero_map.strong_mask) * 8))
			mx.weak_zero_map.strong_mask[MX_GENERATION_SIZE / FAST_T_WIDTH] = -1 << (MX_GENERATION_SIZE % FAST_T_WIDTH);
    1cda:	f06f 030f 	mvn.w	r3, #15
    1cde:	f8c4 3248 	str.w	r3, [r4, #584]	; 0x248
		mx.weak_rank = 0;
    1ce2:	f8a4 524c 	strh.w	r5, [r4, #588]	; 0x24c
		mx.weak_zero_release_slot = 0;
    1ce6:	f8a4 524e 	strh.w	r5, [r4, #590]	; 0x24e
		mx.weak_zero_return_msg = NULL;
    1cea:	f8c4 5250 	str.w	r5, [r4, #592]	; 0x250
	#endif

	GPI_TRACE_RETURN();
}
    1cee:	bd70      	pop	{r4, r5, r6, pc}
	assert_return(node_id < MX_NUM_NODES);
    1cf0:	228c      	movs	r2, #140	; 0x8c
    1cf2:	4904      	ldr	r1, [pc, #16]	; (1d04 <mixer_init+0x140>)
    1cf4:	4804      	ldr	r0, [pc, #16]	; (1d08 <mixer_init+0x144>)
    1cf6:	f003 f865 	bl	4dc4 <__assert>
    1cfa:	e7f8      	b.n	1cee <mixer_init+0x12a>
    1cfc:	2000017c 	.word	0x2000017c
    1d00:	20000430 	.word	0x20000430
    1d04:	00005e9c 	.word	0x00005e9c
    1d08:	00005ee8 	.word	0x00005ee8

00001d0c <mixer_init_agg>:

#if AGGREGATE_SIZE

void mixer_init_agg(void (*agg_rx_cb)(volatile uint8_t *agg_is_valid, uint8_t *agg_local, uint8_t *agg_rx))
{
	mx.agg_rx_cb = agg_rx_cb;
    1d0c:	4b01      	ldr	r3, [pc, #4]	; (1d14 <mixer_init_agg+0x8>)
    1d0e:	f8c3 0254 	str.w	r0, [r3, #596]	; 0x254
}
    1d12:	4770      	bx	lr
    1d14:	2000017c 	.word	0x2000017c

00001d18 <mixer_write_agg>:

//**************************************************************************************************

void mixer_write_agg(void *data)
{
    1d18:	b510      	push	{r4, lr}
    1d1a:	4601      	mov	r1, r0
	memcpy(mx.agg_local, data, AGGREGATE_SIZE);
    1d1c:	4c04      	ldr	r4, [pc, #16]	; (1d30 <mixer_write_agg+0x18>)
    1d1e:	2206      	movs	r2, #6
    1d20:	f504 7016 	add.w	r0, r4, #600	; 0x258
    1d24:	f003 fa1a 	bl	515c <__aeabi_memcpy>
	mx.agg_is_valid = 1;
    1d28:	2301      	movs	r3, #1
    1d2a:	f884 325e 	strb.w	r3, [r4, #606]	; 0x25e
}
    1d2e:	bd10      	pop	{r4, pc}
    1d30:	2000017c 	.word	0x2000017c

00001d34 <mixer_read_agg>:
//**************************************************************************************************

uint8_t* mixer_read_agg(void)
{
	return mx.agg_local;
}
    1d34:	4800      	ldr	r0, [pc, #0]	; (1d38 <mixer_read_agg+0x4>)
    1d36:	4770      	bx	lr
    1d38:	200003d4 	.word	0x200003d4

00001d3c <mixer_print_config>:
#endif

//**************************************************************************************************

void mixer_print_config(void)
{
    1d3c:	b510      	push	{r4, lr}
	#define PRINT(s) printf("%-25s = %" PRId32 "\n", #s, (int32_t)s)

	PRINT(offsetof(Packet, coding_vector));
    1d3e:	4c3d      	ldr	r4, [pc, #244]	; (1e34 <mixer_print_config+0xf8>)
    1d40:	2208      	movs	r2, #8
    1d42:	493d      	ldr	r1, [pc, #244]	; (1e38 <mixer_print_config+0xfc>)
    1d44:	4620      	mov	r0, r4
    1d46:	f003 f975 	bl	5034 <printf>
	PRINT(offsetof(Packet, payload));
    1d4a:	2209      	movs	r2, #9
    1d4c:	493b      	ldr	r1, [pc, #236]	; (1e3c <mixer_print_config+0x100>)
    1d4e:	4620      	mov	r0, r4
    1d50:	f003 f970 	bl	5034 <printf>
	#if (MX_REQUEST || MX_SMART_SHUTDOWN_MAP)
		PRINT(offsetof(Packet, info_vector));
    1d54:	2229      	movs	r2, #41	; 0x29
    1d56:	493a      	ldr	r1, [pc, #232]	; (1e40 <mixer_print_config+0x104>)
    1d58:	4620      	mov	r0, r4
    1d5a:	f003 f96b 	bl	5034 <printf>
	#endif

	PRINT(MX_NUM_NODES);
    1d5e:	2203      	movs	r2, #3
    1d60:	4938      	ldr	r1, [pc, #224]	; (1e44 <mixer_print_config+0x108>)
    1d62:	4620      	mov	r0, r4
    1d64:	f003 f966 	bl	5034 <printf>
	PRINT(MX_GENERATION_SIZE);
    1d68:	2204      	movs	r2, #4
    1d6a:	4937      	ldr	r1, [pc, #220]	; (1e48 <mixer_print_config+0x10c>)
    1d6c:	4620      	mov	r0, r4
    1d6e:	f003 f961 	bl	5034 <printf>
	PRINT(MX_PAYLOAD_SIZE);
    1d72:	2220      	movs	r2, #32
    1d74:	4935      	ldr	r1, [pc, #212]	; (1e4c <mixer_print_config+0x110>)
    1d76:	4620      	mov	r0, r4
    1d78:	f003 f95c 	bl	5034 <printf>
	PRINT(MX_SLOT_LENGTH);
    1d7c:	f44f 52c8 	mov.w	r2, #6400	; 0x1900
    1d80:	4933      	ldr	r1, [pc, #204]	; (1e50 <mixer_print_config+0x114>)
    1d82:	4620      	mov	r0, r4
    1d84:	f003 f956 	bl	5034 <printf>
	PRINT(GPI_FAST_CLOCK_RATE);
    1d88:	4a32      	ldr	r2, [pc, #200]	; (1e54 <mixer_print_config+0x118>)
    1d8a:	4933      	ldr	r1, [pc, #204]	; (1e58 <mixer_print_config+0x11c>)
    1d8c:	4620      	mov	r0, r4
    1d8e:	f003 f951 	bl	5034 <printf>
	PRINT(MX_ROUND_LENGTH);
    1d92:	22be      	movs	r2, #190	; 0xbe
    1d94:	4931      	ldr	r1, [pc, #196]	; (1e5c <mixer_print_config+0x120>)
    1d96:	4620      	mov	r0, r4
    1d98:	f003 f94c 	bl	5034 <printf>
	PRINT(MX_INITIATOR_ID);
    1d9c:	2201      	movs	r2, #1
    1d9e:	4930      	ldr	r1, [pc, #192]	; (1e60 <mixer_print_config+0x124>)
    1da0:	4620      	mov	r0, r4
    1da2:	f003 f947 	bl	5034 <printf>

	PRINT(MX_AGE_TO_INCLUDE_PROBABILITY);
    1da6:	f44f 4200 	mov.w	r2, #32768	; 0x8000
    1daa:	492e      	ldr	r1, [pc, #184]	; (1e64 <mixer_print_config+0x128>)
    1dac:	4620      	mov	r0, r4
    1dae:	f003 f941 	bl	5034 <printf>
	PRINT(MX_AGE_TO_TX_PROBABILITY);
    1db2:	2200      	movs	r2, #0
    1db4:	492c      	ldr	r1, [pc, #176]	; (1e68 <mixer_print_config+0x12c>)
    1db6:	4620      	mov	r0, r4
    1db8:	f003 f93c 	bl	5034 <printf>

	PRINT(GPI_TICK_MS_TO_HYBRID2(1));
    1dbc:	f44f 527a 	mov.w	r2, #16000	; 0x3e80
    1dc0:	492a      	ldr	r1, [pc, #168]	; (1e6c <mixer_print_config+0x130>)
    1dc2:	4620      	mov	r0, r4
    1dc4:	f003 f936 	bl	5034 <printf>
	PRINT(GPI_TICK_US_TO_HYBRID2(1));
    1dc8:	2210      	movs	r2, #16
    1dca:	4929      	ldr	r1, [pc, #164]	; (1e70 <mixer_print_config+0x134>)
    1dcc:	4620      	mov	r0, r4
    1dce:	f003 f931 	bl	5034 <printf>

	#if MX_COORDINATED_TX
		PRINT(MX_COORDINATED_TX);
    1dd2:	2201      	movs	r2, #1
    1dd4:	4927      	ldr	r1, [pc, #156]	; (1e74 <mixer_print_config+0x138>)
    1dd6:	4620      	mov	r0, r4
    1dd8:	f003 f92c 	bl	5034 <printf>
		PRINT(MX_HISTORY_DISCOVERY_BEHAVIOR);
    1ddc:	2203      	movs	r2, #3
    1dde:	4926      	ldr	r1, [pc, #152]	; (1e78 <mixer_print_config+0x13c>)
    1de0:	4620      	mov	r0, r4
    1de2:	f003 f927 	bl	5034 <printf>
	#endif
	#if MX_REQUEST
		PRINT(MX_REQUEST);
    1de6:	2201      	movs	r2, #1
    1de8:	4924      	ldr	r1, [pc, #144]	; (1e7c <mixer_print_config+0x140>)
    1dea:	4620      	mov	r0, r4
    1dec:	f003 f922 	bl	5034 <printf>
		PRINT(MX_REQUEST_HEURISTIC);
    1df0:	2202      	movs	r2, #2
    1df2:	4923      	ldr	r1, [pc, #140]	; (1e80 <mixer_print_config+0x144>)
    1df4:	4620      	mov	r0, r4
    1df6:	f003 f91d 	bl	5034 <printf>
	#endif
	#if MX_SMART_SHUTDOWN
		PRINT(MX_SMART_SHUTDOWN);
    1dfa:	2201      	movs	r2, #1
    1dfc:	4921      	ldr	r1, [pc, #132]	; (1e84 <mixer_print_config+0x148>)
    1dfe:	4620      	mov	r0, r4
    1e00:	f003 f918 	bl	5034 <printf>
		PRINT(MX_SMART_SHUTDOWN_MODE);
    1e04:	2202      	movs	r2, #2
    1e06:	4920      	ldr	r1, [pc, #128]	; (1e88 <mixer_print_config+0x14c>)
    1e08:	4620      	mov	r0, r4
    1e0a:	f003 f913 	bl	5034 <printf>
	#endif
	#if MX_WEAK_ZEROS
		PRINT(MX_WEAK_ZEROS);
    1e0e:	2201      	movs	r2, #1
    1e10:	491e      	ldr	r1, [pc, #120]	; (1e8c <mixer_print_config+0x150>)
    1e12:	4620      	mov	r0, r4
    1e14:	f003 f90e 	bl	5034 <printf>
	#endif

	#if MX_VERBOSE_STATISTICS
		PRINT(MX_VERBOSE_STATISTICS);
    1e18:	2201      	movs	r2, #1
    1e1a:	491d      	ldr	r1, [pc, #116]	; (1e90 <mixer_print_config+0x154>)
    1e1c:	4620      	mov	r0, r4
    1e1e:	f003 f909 	bl	5034 <printf>
	#if MX_VERBOSE_PACKETS
		PRINT(MX_VERBOSE_PACKETS);
	#endif

	#ifdef MX_PHY_MODE
		PRINT(MX_PHY_MODE);
    1e22:	2203      	movs	r2, #3
    1e24:	491b      	ldr	r1, [pc, #108]	; (1e94 <mixer_print_config+0x158>)
    1e26:	4620      	mov	r0, r4
    1e28:	f003 f904 	bl	5034 <printf>
	#endif

	#undef PRINT

	mixer_transport_print_config();
    1e2c:	f002 fe8c 	bl	4b48 <mixer_transport_print_config>
}
    1e30:	bd10      	pop	{r4, pc}
    1e32:	bf00      	nop
    1e34:	00005ff0 	.word	0x00005ff0
    1e38:	00005fd0 	.word	0x00005fd0
    1e3c:	00005ffc 	.word	0x00005ffc
    1e40:	00006018 	.word	0x00006018
    1e44:	00006038 	.word	0x00006038
    1e48:	00006048 	.word	0x00006048
    1e4c:	0000605c 	.word	0x0000605c
    1e50:	0000606c 	.word	0x0000606c
    1e54:	00f42400 	.word	0x00f42400
    1e58:	0000607c 	.word	0x0000607c
    1e5c:	00006090 	.word	0x00006090
    1e60:	000060a0 	.word	0x000060a0
    1e64:	000060b0 	.word	0x000060b0
    1e68:	000060d0 	.word	0x000060d0
    1e6c:	000060ec 	.word	0x000060ec
    1e70:	00006108 	.word	0x00006108
    1e74:	00006124 	.word	0x00006124
    1e78:	00006138 	.word	0x00006138
    1e7c:	00006158 	.word	0x00006158
    1e80:	00006164 	.word	0x00006164
    1e84:	0000617c 	.word	0x0000617c
    1e88:	00006190 	.word	0x00006190
    1e8c:	000061a8 	.word	0x000061a8
    1e90:	000061b8 	.word	0x000061b8
    1e94:	000061d0 	.word	0x000061d0

00001e98 <mixer_set_weak_release_slot>:
void mixer_set_weak_release_slot(uint16_t slot)
{
	GPI_TRACE_FUNCTION();

	#if MX_WEAK_ZEROS
		mx.weak_zero_release_slot = slot;
    1e98:	4b01      	ldr	r3, [pc, #4]	; (1ea0 <mixer_set_weak_release_slot+0x8>)
    1e9a:	f8a3 024e 	strh.w	r0, [r3, #590]	; 0x24e
		printf("!!! PANIC: MX_WEAK_ZEROS not set !!!\n");
		assert(0);
	#endif

	GPI_TRACE_RETURN();
}
    1e9e:	4770      	bx	lr
    1ea0:	2000017c 	.word	0x2000017c

00001ea4 <mixer_set_weak_return_msg>:
void mixer_set_weak_return_msg(void *msg)
{
	GPI_TRACE_FUNCTION();

	#if MX_WEAK_ZEROS
		mx.weak_zero_return_msg = msg;
    1ea4:	4b01      	ldr	r3, [pc, #4]	; (1eac <mixer_set_weak_return_msg+0x8>)
    1ea6:	f8c3 0250 	str.w	r0, [r3, #592]	; 0x250
		printf("!!! PANIC: MX_WEAK_ZEROS not set !!!\n");
		assert(0);
	#endif

	GPI_TRACE_RETURN();
}
    1eaa:	4770      	bx	lr
    1eac:	2000017c 	.word	0x2000017c

00001eb0 <mixer_write>:

//**************************************************************************************************

size_t mixer_write(unsigned int i, const void *msg, size_t size)
{
    1eb0:	e92d 47f0 	stmdb	sp!, {r4, r5, r6, r7, r8, r9, sl, lr}
	GPI_TRACE_FUNCTION();

	assert_return(i < MX_GENERATION_SIZE, 0);
    1eb4:	2803      	cmp	r0, #3
    1eb6:	d85f      	bhi.n	1f78 <mixer_write+0xc8>
    1eb8:	4604      	mov	r4, r0

	size = MIN(size, sizeof(mx.matrix[0].payload_8));
    1eba:	2a20      	cmp	r2, #32
    1ebc:	bf28      	it	cs
    1ebe:	2220      	movcs	r2, #32
    1ec0:	4615      	mov	r5, r2

	#if !MX_WEAK_ZEROS
		assert_return(NULL != msg, 0);
	#else
		if (NULL == msg)
    1ec2:	2900      	cmp	r1, #0
    1ec4:	d060      	beq.n	1f88 <mixer_write+0xd8>
			// request performance), there is a high probability that node(s) can jump to full
			// rank (this resolves the problem).
			// Doing it the other way around, i.e. excluding weak zeros from request bits,
			// would require some effort to re-include them in case they become strong.
		}
		else mx.weak_zero_map.strong_mask[i / FAST_T_WIDTH] |= gpi_slu(1, i % FAST_T_WIDTH);
    1ec6:	f004 091f 	and.w	r9, r4, #31
    1eca:	f04f 0801 	mov.w	r8, #1
    1ece:	fa08 f909 	lsl.w	r9, r8, r9
    1ed2:	4f48      	ldr	r7, [pc, #288]	; (1ff4 <mixer_write+0x144>)
    1ed4:	f8d7 3248 	ldr.w	r3, [r7, #584]	; 0x248
    1ed8:	ea43 0309 	orr.w	r3, r3, r9
    1edc:	f8c7 3248 	str.w	r3, [r7, #584]	; 0x248
	#endif


	gpi_memcpy_dma(mx.matrix[i].payload_8, msg, size);
    1ee0:	eb04 0684 	add.w	r6, r4, r4, lsl #2
    1ee4:	00f6      	lsls	r6, r6, #3
    1ee6:	f206 102d 	addw	r0, r6, #301	; 0x12d
	__builtin_memcpy(dest, src, size);
}

static ALWAYS_INLINE void gpi_memcpy_dma(void *dest, const void *src, size_t size)
{
	__builtin_memcpy(dest, src, size);
    1eea:	462a      	mov	r2, r5
    1eec:	4438      	add	r0, r7
    1eee:	f003 f935 	bl	515c <__aeabi_memcpy>

//**************************************************************************************************

static inline __attribute__((always_inline)) void unwrap_row(unsigned int i)
{
	unwrap_chunk(&(mx.matrix[i].coding_vector_8[0]));
    1ef2:	f506 7096 	add.w	r0, r6, #300	; 0x12c
    1ef6:	4438      	add	r0, r7
			*d++ = *s++;
    1ef8:	7843      	ldrb	r3, [r0, #1]
    1efa:	f880 3021 	strb.w	r3, [r0, #33]	; 0x21
    1efe:	7883      	ldrb	r3, [r0, #2]
    1f00:	f880 3022 	strb.w	r3, [r0, #34]	; 0x22
    1f04:	78c3      	ldrb	r3, [r0, #3]
    1f06:	f880 3023 	strb.w	r3, [r0, #35]	; 0x23

	unwrap_row(i);

	memset(mx.matrix[i].coding_vector, 0, sizeof(mx.matrix[0].coding_vector));
    1f0a:	2204      	movs	r2, #4
    1f0c:	2100      	movs	r1, #0
    1f0e:	f003 f94e 	bl	51ae <memset>
	mx.matrix[i].coding_vector_8[i / 8] |= 1 << (i % 8);
    1f12:	19bb      	adds	r3, r7, r6
    1f14:	f004 0207 	and.w	r2, r4, #7
    1f18:	fa08 f802 	lsl.w	r8, r8, r2
    1f1c:	f893 212c 	ldrb.w	r2, [r3, #300]	; 0x12c
    1f20:	ea48 0802 	orr.w	r8, r8, r2
    1f24:	f883 812c 	strb.w	r8, [r3, #300]	; 0x12c

	mx.matrix[i].birth_slot = 0;
    1f28:	461c      	mov	r4, r3
    1f2a:	2300      	movs	r3, #0
    1f2c:	f8a4 3128 	strh.w	r3, [r4, #296]	; 0x128
	mx.rank++;
    1f30:	f8b7 31c8 	ldrh.w	r3, [r7, #456]	; 0x1c8
    1f34:	3301      	adds	r3, #1
    1f36:	f8a7 31c8 	strh.w	r3, [r7, #456]	; 0x1c8

	if (NULL == mx.tx_reserve)
    1f3a:	f8d7 3114 	ldr.w	r3, [r7, #276]	; 0x114
    1f3e:	2b00      	cmp	r3, #0
    1f40:	d051      	beq.n	1fe6 <mixer_write+0x136>
		mx.tx_reserve = &mx.matrix[i];

	if (mx.next_own_row > &mx.matrix[i])
    1f42:	4b2c      	ldr	r3, [pc, #176]	; (1ff4 <mixer_write+0x144>)
    1f44:	f506 7694 	add.w	r6, r6, #296	; 0x128
    1f48:	441e      	add	r6, r3
    1f4a:	f8d3 31d0 	ldr.w	r3, [r3, #464]	; 0x1d0
    1f4e:	42b3      	cmp	r3, r6
		mx.next_own_row = &mx.matrix[i];
    1f50:	bf84      	itt	hi
    1f52:	4b28      	ldrhi	r3, [pc, #160]	; (1ff4 <mixer_write+0x144>)
    1f54:	f8c3 61d0 	strhi.w	r6, [r3, #464]	; 0x1d0

	#if MX_REQUEST
		mx.request.my_row_mask[i / FAST_T_WIDTH] &= ~(1 << (i % FAST_T_WIDTH));
    1f58:	4b26      	ldr	r3, [pc, #152]	; (1ff4 <mixer_write+0x144>)
    1f5a:	f8d3 2234 	ldr.w	r2, [r3, #564]	; 0x234
    1f5e:	ea22 0209 	bic.w	r2, r2, r9
    1f62:	f8c3 2234 	str.w	r2, [r3, #564]	; 0x234
		mx.request.my_column_mask[i / FAST_T_WIDTH] &= ~(1 << (i % FAST_T_WIDTH));
    1f66:	f8d3 2238 	ldr.w	r2, [r3, #568]	; 0x238
    1f6a:	ea22 0209 	bic.w	r2, r2, r9
    1f6e:	f8c3 2238 	str.w	r2, [r3, #568]	; 0x238
	#endif

	GPI_TRACE_RETURN(size);
}
    1f72:	4628      	mov	r0, r5
    1f74:	e8bd 87f0 	ldmia.w	sp!, {r4, r5, r6, r7, r8, r9, sl, pc}
	assert_return(i < MX_GENERATION_SIZE, 0);
    1f78:	f44f 72af 	mov.w	r2, #350	; 0x15e
    1f7c:	491e      	ldr	r1, [pc, #120]	; (1ff8 <mixer_write+0x148>)
    1f7e:	481f      	ldr	r0, [pc, #124]	; (1ffc <mixer_write+0x14c>)
    1f80:	f002 ff20 	bl	4dc4 <__assert>
    1f84:	2500      	movs	r5, #0
    1f86:	e7f4      	b.n	1f72 <mixer_write+0xc2>
			assert_return(UINT16_MAX == mx.matrix[i].birth_slot, 0);
    1f88:	eb04 0384 	add.w	r3, r4, r4, lsl #2
    1f8c:	4a19      	ldr	r2, [pc, #100]	; (1ff4 <mixer_write+0x144>)
    1f8e:	eb02 03c3 	add.w	r3, r2, r3, lsl #3
    1f92:	f8b3 2128 	ldrh.w	r2, [r3, #296]	; 0x128
    1f96:	f64f 73ff 	movw	r3, #65535	; 0xffff
    1f9a:	429a      	cmp	r2, r3
    1f9c:	d10f      	bne.n	1fbe <mixer_write+0x10e>
			mx.weak_zero_map.weak_mask[i / FAST_T_WIDTH] |= gpi_slu(1, i % FAST_T_WIDTH);
    1f9e:	4b15      	ldr	r3, [pc, #84]	; (1ff4 <mixer_write+0x144>)
    1fa0:	f004 001f 	and.w	r0, r4, #31
    1fa4:	2401      	movs	r4, #1
    1fa6:	4084      	lsls	r4, r0
    1fa8:	f8d3 2244 	ldr.w	r2, [r3, #580]	; 0x244
    1fac:	4314      	orrs	r4, r2
    1fae:	f8c3 4244 	str.w	r4, [r3, #580]	; 0x244
			mx.weak_rank++;
    1fb2:	f8b3 224c 	ldrh.w	r2, [r3, #588]	; 0x24c
    1fb6:	3201      	adds	r2, #1
    1fb8:	f8a3 224c 	strh.w	r2, [r3, #588]	; 0x24c
			GPI_TRACE_RETURN(size);
    1fbc:	e7d9      	b.n	1f72 <mixer_write+0xc2>
			assert_return(UINT16_MAX == mx.matrix[i].birth_slot, 0);
    1fbe:	f240 1269 	movw	r2, #361	; 0x169
    1fc2:	490d      	ldr	r1, [pc, #52]	; (1ff8 <mixer_write+0x148>)
    1fc4:	480e      	ldr	r0, [pc, #56]	; (2000 <mixer_write+0x150>)
    1fc6:	f002 fefd 	bl	4dc4 <__assert>
    1fca:	eb04 0384 	add.w	r3, r4, r4, lsl #2
    1fce:	4a09      	ldr	r2, [pc, #36]	; (1ff4 <mixer_write+0x144>)
    1fd0:	eb02 03c3 	add.w	r3, r2, r3, lsl #3
    1fd4:	f8b3 2128 	ldrh.w	r2, [r3, #296]	; 0x128
    1fd8:	f64f 73ff 	movw	r3, #65535	; 0xffff
    1fdc:	429a      	cmp	r2, r3
    1fde:	bf18      	it	ne
    1fe0:	2500      	movne	r5, #0
    1fe2:	d1c6      	bne.n	1f72 <mixer_write+0xc2>
    1fe4:	e7db      	b.n	1f9e <mixer_write+0xee>
		mx.tx_reserve = &mx.matrix[i];
    1fe6:	f506 7394 	add.w	r3, r6, #296	; 0x128
    1fea:	443b      	add	r3, r7
    1fec:	f8c7 3114 	str.w	r3, [r7, #276]	; 0x114
    1ff0:	e7a7      	b.n	1f42 <mixer_write+0x92>
    1ff2:	bf00      	nop
    1ff4:	2000017c 	.word	0x2000017c
    1ff8:	00005e9c 	.word	0x00005e9c
    1ffc:	000061dc 	.word	0x000061dc
    2000:	000062c8 	.word	0x000062c8

00002004 <mixer_arm>:

//**************************************************************************************************

void mixer_arm(Mixer_Start_Mode mode)
{
    2004:	b538      	push	{r3, r4, r5, lr}
    2006:	4605      	mov	r5, r0
	GPI_TRACE_FUNCTION();

	// mark an empty row (used by rx processing)
	mx.empty_row = NULL;
    2008:	4b23      	ldr	r3, [pc, #140]	; (2098 <mixer_arm+0x94>)
    200a:	2200      	movs	r2, #0
    200c:	f8c3 21cc 	str.w	r2, [r3, #460]	; 0x1cc
	if (mx.rank < MX_GENERATION_SIZE)
    2010:	f8b3 31c8 	ldrh.w	r3, [r3, #456]	; 0x1c8
    2014:	2b03      	cmp	r3, #3
    2016:	d809      	bhi.n	202c <mixer_arm+0x28>
	{
		Matrix_Row *p = &(mx.matrix[NUM_ELEMENTS(mx.matrix)]);
		while (p-- > 0)
    2018:	4b20      	ldr	r3, [pc, #128]	; (209c <mixer_arm+0x98>)
		{
			if (UINT16_MAX == p->birth_slot)
    201a:	f64f 71ff 	movw	r1, #65535	; 0xffff
    201e:	881a      	ldrh	r2, [r3, #0]
    2020:	428a      	cmp	r2, r1
    2022:	d02e      	beq.n	2082 <mixer_arm+0x7e>
		while (p-- > 0)
    2024:	3b28      	subs	r3, #40	; 0x28
    2026:	f113 0f28 	cmn.w	r3, #40	; 0x28
    202a:	d1f8      	bne.n	201e <mixer_arm+0x1a>
			}
		}
	}

	// if initiator: arm TX (instead of RESYNC)
	if (mode & MX_ARM_INITIATOR)
    202c:	f015 0f01 	tst.w	r5, #1
    2030:	d019      	beq.n	2066 <mixer_arm+0x62>
	{
		assert(NULL != mx.tx_reserve);
    2032:	4b19      	ldr	r3, [pc, #100]	; (2098 <mixer_arm+0x94>)
    2034:	f8d3 3114 	ldr.w	r3, [r3, #276]	; 0x114
    2038:	b33b      	cbz	r3, 208a <mixer_arm+0x86>

		mx.tx_sideload = &(mx.next_own_row->coding_vector_8[0]);
    203a:	4a17      	ldr	r2, [pc, #92]	; (2098 <mixer_arm+0x94>)
    203c:	f8d2 31d0 	ldr.w	r3, [r2, #464]	; 0x1d0
    2040:	3304      	adds	r3, #4
    2042:	f8c2 3110 	str.w	r3, [r2, #272]	; 0x110

		while (++mx.next_own_row < &(mx.matrix[NUM_ELEMENTS(mx.matrix)]))
    2046:	4611      	mov	r1, r2
    2048:	f502 74e4 	add.w	r4, r2, #456	; 0x1c8
    204c:	f8d1 21d0 	ldr.w	r2, [r1, #464]	; 0x1d0
    2050:	f102 0328 	add.w	r3, r2, #40	; 0x28
    2054:	f8c1 31d0 	str.w	r3, [r1, #464]	; 0x1d0
    2058:	42a3      	cmp	r3, r4
    205a:	d202      	bcs.n	2062 <mixer_arm+0x5e>
		{
			if (0 == mx.next_own_row->birth_slot)
    205c:	8d13      	ldrh	r3, [r2, #40]	; 0x28
    205e:	2b00      	cmp	r3, #0
    2060:	d1f4      	bne.n	204c <mixer_arm+0x48>
				break;
		}

		mixer_transport_arm_initiator();
    2062:	f002 fdf7 	bl	4c54 <mixer_transport_arm_initiator>
	}

	// launch threads
	// NOTE: this gives all threads the opportunity to init thread-local data
	(void) PT_SCHEDULE(mixer_maintenance());
    2066:	f001 fc67 	bl	3938 <mixer_maintenance>
	(void) PT_SCHEDULE(mixer_update_slot());
    206a:	f000 fb3b 	bl	26e4 <mixer_update_slot>
	(void) PT_SCHEDULE(mixer_process_rx_data());
    206e:	f001 f973 	bl	3358 <mixer_process_rx_data>

	// if sync round: don't update deadline before first packet reception
	// ATTENTION: the way of doing that here is a bit crude. It is associated to the
	// maintenance thread; look there for details.
	if (mode & MX_ARM_INFINITE_SCAN)
    2072:	f015 0f02 	tst.w	r5, #2
    2076:	d003      	beq.n	2080 <mixer_arm+0x7c>
		mx.round_deadline_update_slot = 0;
    2078:	4b07      	ldr	r3, [pc, #28]	; (2098 <mixer_arm+0x94>)
    207a:	2200      	movs	r2, #0
    207c:	f8a3 2124 	strh.w	r2, [r3, #292]	; 0x124

	GPI_TRACE_RETURN();
}
    2080:	bd38      	pop	{r3, r4, r5, pc}
				mx.empty_row = p;
    2082:	4a05      	ldr	r2, [pc, #20]	; (2098 <mixer_arm+0x94>)
    2084:	f8c2 31cc 	str.w	r3, [r2, #460]	; 0x1cc
				break;
    2088:	e7d0      	b.n	202c <mixer_arm+0x28>
		assert(NULL != mx.tx_reserve);
    208a:	f240 12af 	movw	r2, #431	; 0x1af
    208e:	4904      	ldr	r1, [pc, #16]	; (20a0 <mixer_arm+0x9c>)
    2090:	4804      	ldr	r0, [pc, #16]	; (20a4 <mixer_arm+0xa0>)
    2092:	f002 fe97 	bl	4dc4 <__assert>
    2096:	e7d0      	b.n	203a <mixer_arm+0x36>
    2098:	2000017c 	.word	0x2000017c
    209c:	2000031c 	.word	0x2000031c
    20a0:	00005e9c 	.word	0x00005e9c
    20a4:	000062ec 	.word	0x000062ec

000020a8 <mixer_start>:

//**************************************************************************************************

Gpi_Hybrid_Tick mixer_start()
{
    20a8:	e92d 43f8 	stmdb	sp!, {r3, r4, r5, r6, r7, r8, r9, lr}
	GPI_TRACE_FUNCTION_FAST();

	mixer_transport_start();
    20ac:	f002 fde0 	bl	4c70 <mixer_transport_start>

	unsigned int event_mask = BV(SLOT_UPDATE) | BV(TRIGGER_TICK);
    20b0:	250a      	movs	r5, #10
	while (event_mask)
	{
		// isolate highest priority pending event
		unsigned int event = mx.events & event_mask;
    20b2:	4e2a      	ldr	r6, [pc, #168]	; (215c <mixer_start+0xb4>)
{
    20b4:	f04f 0901 	mov.w	r9, #1
	_gpi_clocks_fast_timer->TASKS_CAPTURE[GPI_FAST_CLOCK_NRF_CAPTURE_REG] = 1;
    20b8:	f8df 80a8 	ldr.w	r8, [pc, #168]	; 2164 <mixer_start+0xbc>
    20bc:	464f      	mov	r7, r9
    20be:	e004      	b.n	20ca <mixer_start+0x22>
			// if a thread exits, it triggered the stop procedure of Mixer -> mask all events
			// except STOPPED. This ensures that the exited thread gets no longer scheduled.
			// ATTENTION: The thread may rely on that behavior.

			case BV(SLOT_UPDATE):
				if (!PT_SCHEDULE(mixer_update_slot()))
    20c0:	f000 fb10 	bl	26e4 <mixer_update_slot>
    20c4:	2801      	cmp	r0, #1
    20c6:	d933      	bls.n	2130 <mixer_start+0x88>
{
    20c8:	463d      	mov	r5, r7
		unsigned int event = mx.events & event_mask;
    20ca:	f8d6 311c 	ldr.w	r3, [r6, #284]	; 0x11c
    20ce:	402b      	ands	r3, r5
		event &= -event;	// mask LSB
    20d0:	425c      	negs	r4, r3
    20d2:	401c      	ands	r4, r3
		switch (event)
    20d4:	2c02      	cmp	r4, #2
    20d6:	d0f3      	beq.n	20c0 <mixer_start+0x18>
    20d8:	2c08      	cmp	r4, #8
    20da:	d00b      	beq.n	20f4 <mixer_start+0x4c>

			default:
			{
				GPI_TRACE_FLUSH();

				if (PT_WAITING == PT_SCHEDULE_STATE(mixer_process_rx_data()))
    20dc:	f001 f93c 	bl	3358 <mixer_process_rx_data>
    20e0:	bb30      	cbnz	r0, 2130 <mixer_start+0x88>
				{
					// after graceful stop has been performed
					if (BV(STOPPED) == event)
    20e2:	2c01      	cmp	r4, #1
    20e4:	d00b      	beq.n	20fe <mixer_start+0x56>
  __ASM volatile ("cpsid i" : : : "memory");
    20e6:	b672      	cpsid	i
						break;
					}

					// enter low-power mode
					gpi_int_disable();
					if (!(mx.events & event_mask))
    20e8:	f8d6 311c 	ldr.w	r3, [r6, #284]	; 0x11c
    20ec:	422b      	tst	r3, r5
    20ee:	d011      	beq.n	2114 <mixer_start+0x6c>
  __ASM volatile ("cpsie i" : : : "memory");
    20f0:	b662      	cpsie	i
	while (event_mask)
    20f2:	e7ea      	b.n	20ca <mixer_start+0x22>
				if (!PT_SCHEDULE(mixer_maintenance()))
    20f4:	f001 fc20 	bl	3938 <mixer_maintenance>
    20f8:	2801      	cmp	r0, #1
    20fa:	d8e5      	bhi.n	20c8 <mixer_start+0x20>
    20fc:	e018      	b.n	2130 <mixer_start+0x88>
						if (mx.events & BV(DEADLINE_REACHED))
    20fe:	4b17      	ldr	r3, [pc, #92]	; (215c <mixer_start+0xb4>)
    2100:	f8d3 311c 	ldr.w	r3, [r3, #284]	; 0x11c
    2104:	f013 0f20 	tst.w	r3, #32
    2108:	d014      	beq.n	2134 <mixer_start+0x8c>
							mx.slot_number = MX_ROUND_LENGTH;
    210a:	4b14      	ldr	r3, [pc, #80]	; (215c <mixer_start+0xb4>)
    210c:	22be      	movs	r2, #190	; 0xbe
    210e:	f8a3 2118 	strh.w	r2, [r3, #280]	; 0x118
    2112:	e00f      	b.n	2134 <mixer_start+0x8c>
    2114:	f8c8 9040 	str.w	r9, [r8, #64]	; 0x40
	return _gpi_clocks_fast_timer->CC[GPI_FAST_CLOCK_NRF_CAPTURE_REG];
    2118:	f8d8 4540 	ldr.w	r4, [r8, #1344]	; 0x540

						#endif

						// enter sleep mode
						// NOTE: reenables interrupts (they serve as wake-up events)
						gpi_sleep();
    211c:	f7ff fc38 	bl	1990 <gpi_sleep>
							// This is what we use here.
							if (USE_NATIVE)
								time = (Gpi_Fast_Tick_Native)(mx.wake_up_timestamp - time) / FAST_HYBRID_RATIO;
							else time = gpi_tick_fast_to_hybrid(mx.wake_up_timestamp) - time;

							mx.stat_counter.low_power_time += time;
    2120:	f8d6 329c 	ldr.w	r3, [r6, #668]	; 0x29c
    2124:	f8d6 2298 	ldr.w	r2, [r6, #664]	; 0x298
    2128:	4413      	add	r3, r2
    212a:	1b1b      	subs	r3, r3, r4
    212c:	f8c6 3298 	str.w	r3, [r6, #664]	; 0x298
	while (event_mask)
    2130:	2d00      	cmp	r5, #0
    2132:	d1ca      	bne.n	20ca <mixer_start+0x22>
			}
		}
	}

	// try to solve (if not done already)
	if (mx.rank < MX_GENERATION_SIZE)
    2134:	4b09      	ldr	r3, [pc, #36]	; (215c <mixer_start+0xb4>)
    2136:	f8b3 31c8 	ldrh.w	r3, [r3, #456]	; 0x1c8
    213a:	2b03      	cmp	r3, #3
    213c:	d808      	bhi.n	2150 <mixer_start+0xa8>
	{
		Pt_Context *pt = &pt_data[0];
		PT_INIT(pt);
    213e:	4b08      	ldr	r3, [pc, #32]	; (2160 <mixer_start+0xb8>)
    2140:	2200      	movs	r2, #0
    2142:	801a      	strh	r2, [r3, #0]
		while (PT_SCHEDULE(mixer_decode(pt)));
    2144:	461c      	mov	r4, r3
    2146:	4620      	mov	r0, r4
    2148:	f000 ffcc 	bl	30e4 <mixer_decode>
    214c:	2801      	cmp	r0, #1
    214e:	d9fa      	bls.n	2146 <mixer_start+0x9e>
	}

	GPI_TRACE_MSG(TRACE_INFO, "mixer stopped");

	GPI_TRACE_RETURN(mx.round_deadline);
}
    2150:	4b02      	ldr	r3, [pc, #8]	; (215c <mixer_start+0xb4>)
    2152:	f8d3 0120 	ldr.w	r0, [r3, #288]	; 0x120
    2156:	e8bd 83f8 	ldmia.w	sp!, {r3, r4, r5, r6, r7, r8, r9, pc}
    215a:	bf00      	nop
    215c:	2000017c 	.word	0x2000017c
    2160:	20000430 	.word	0x20000430
    2164:	40008000 	.word	0x40008000

00002168 <mixer_read>:
}

//**************************************************************************************************

void* mixer_read(unsigned int i)
{
    2168:	e92d 47f0 	stmdb	sp!, {r4, r5, r6, r7, r8, r9, sl, lr}
	GPI_TRACE_FUNCTION();

	assert_return(i < MX_GENERATION_SIZE, (void*)NULL);
    216c:	2803      	cmp	r0, #3
    216e:	d819      	bhi.n	21a4 <mixer_read+0x3c>
    2170:	4604      	mov	r4, r0

	if (UINT16_MAX == mx.matrix[i].birth_slot)
    2172:	eb00 0380 	add.w	r3, r0, r0, lsl #2
    2176:	4a29      	ldr	r2, [pc, #164]	; (221c <mixer_read+0xb4>)
    2178:	eb02 03c3 	add.w	r3, r2, r3, lsl #3
    217c:	f8b3 2128 	ldrh.w	r2, [r3, #296]	; 0x128
    2180:	f64f 73ff 	movw	r3, #65535	; 0xffff
    2184:	429a      	cmp	r2, r3
    2186:	d116      	bne.n	21b6 <mixer_read+0x4e>
	{
		#if MX_WEAK_ZEROS
			if (mx.weak_zero_map.weak_mask[i / FAST_T_WIDTH] & gpi_slu(1, i % FAST_T_WIDTH))
    2188:	f004 041f 	and.w	r4, r4, #31
    218c:	2301      	movs	r3, #1
    218e:	fa03 f404 	lsl.w	r4, r3, r4
    2192:	4b22      	ldr	r3, [pc, #136]	; (221c <mixer_read+0xb4>)
    2194:	f8d3 3244 	ldr.w	r3, [r3, #580]	; 0x244
    2198:	421c      	tst	r4, r3
    219a:	d03a      	beq.n	2212 <mixer_read+0xaa>
				GPI_TRACE_RETURN(mx.weak_zero_return_msg);
    219c:	4b1f      	ldr	r3, [pc, #124]	; (221c <mixer_read+0xb4>)
    219e:	f8d3 0250 	ldr.w	r0, [r3, #592]	; 0x250
    21a2:	e006      	b.n	21b2 <mixer_read+0x4a>
	assert_return(i < MX_GENERATION_SIZE, (void*)NULL);
    21a4:	f240 227e 	movw	r2, #638	; 0x27e
    21a8:	491d      	ldr	r1, [pc, #116]	; (2220 <mixer_read+0xb8>)
    21aa:	481e      	ldr	r0, [pc, #120]	; (2224 <mixer_read+0xbc>)
    21ac:	f002 fe0a 	bl	4dc4 <__assert>
    21b0:	2000      	movs	r0, #0
		GPI_TRACE_RETURN((void*)NULL);
	
        unwrap_row(i);

	GPI_TRACE_RETURN(&mx.matrix[i].payload_8);
}
    21b2:	e8bd 87f0 	ldmia.w	sp!, {r4, r5, r6, r7, r8, r9, sl, pc}
	uint8_t m = 1 << (i % 8);
    21b6:	f004 0307 	and.w	r3, r4, #7
    21ba:	2501      	movs	r5, #1
    21bc:	409d      	lsls	r5, r3
    21be:	b2ed      	uxtb	r5, r5
	mx.matrix[i].coding_vector_8[i / 8] ^= m;
    21c0:	4f16      	ldr	r7, [pc, #88]	; (221c <mixer_read+0xb4>)
    21c2:	eb04 0984 	add.w	r9, r4, r4, lsl #2
    21c6:	eb07 09c9 	add.w	r9, r7, r9, lsl #3
    21ca:	f899 312c 	ldrb.w	r3, [r9, #300]	; 0x12c
    21ce:	406b      	eors	r3, r5
    21d0:	f889 312c 	strb.w	r3, [r9, #300]	; 0x12c
	int_fast16_t k = mx_get_leading_index(mx.matrix[i].coding_vector_8);
    21d4:	eb04 0084 	add.w	r0, r4, r4, lsl #2
    21d8:	00c6      	lsls	r6, r0, #3
    21da:	f506 7896 	add.w	r8, r6, #300	; 0x12c
    21de:	44b8      	add	r8, r7
    21e0:	4640      	mov	r0, r8
    21e2:	f001 fcfb 	bl	3bdc <mx_get_leading_index>
	mx.matrix[i].coding_vector_8[i / 8] ^= m;
    21e6:	f899 312c 	ldrb.w	r3, [r9, #300]	; 0x12c
    21ea:	405d      	eors	r5, r3
    21ec:	f889 512c 	strb.w	r5, [r9, #300]	; 0x12c
	if (k >= 0)
    21f0:	2800      	cmp	r0, #0
    21f2:	da10      	bge.n	2216 <mixer_read+0xae>
    21f4:	f898 3001 	ldrb.w	r3, [r8, #1]
    21f8:	f888 3021 	strb.w	r3, [r8, #33]	; 0x21
    21fc:	f898 3002 	ldrb.w	r3, [r8, #2]
    2200:	f888 3022 	strb.w	r3, [r8, #34]	; 0x22
    2204:	f898 3003 	ldrb.w	r3, [r8, #3]
    2208:	f888 3023 	strb.w	r3, [r8, #35]	; 0x23
	GPI_TRACE_RETURN(&mx.matrix[i].payload_8);
    220c:	4806      	ldr	r0, [pc, #24]	; (2228 <mixer_read+0xc0>)
    220e:	4430      	add	r0, r6
    2210:	e7cf      	b.n	21b2 <mixer_read+0x4a>
		GPI_TRACE_RETURN((void*)NULL);
    2212:	2000      	movs	r0, #0
    2214:	e7cd      	b.n	21b2 <mixer_read+0x4a>
		GPI_TRACE_RETURN((void*)NULL);
    2216:	2000      	movs	r0, #0
    2218:	e7cb      	b.n	21b2 <mixer_read+0x4a>
    221a:	bf00      	nop
    221c:	2000017c 	.word	0x2000017c
    2220:	00005e9c 	.word	0x00005e9c
    2224:	000061dc 	.word	0x000061dc
    2228:	200002a9 	.word	0x200002a9

0000222c <mixer_stat_slot>:

//**************************************************************************************************

int16_t mixer_stat_slot(unsigned int i)
{
    222c:	b508      	push	{r3, lr}
//	GPI_TRACE_FUNCTION();

	assert_return(i < MX_GENERATION_SIZE, -1);
    222e:	2803      	cmp	r0, #3
    2230:	d80c      	bhi.n	224c <mixer_stat_slot+0x20>

	#if MX_WEAK_ZEROS
		if (UINT16_MAX == mx.matrix[i].birth_slot)
    2232:	eb00 0380 	add.w	r3, r0, r0, lsl #2
    2236:	4a14      	ldr	r2, [pc, #80]	; (2288 <mixer_stat_slot+0x5c>)
    2238:	eb02 03c3 	add.w	r3, r2, r3, lsl #3
    223c:	f8b3 3128 	ldrh.w	r3, [r3, #296]	; 0x128
    2240:	f64f 72ff 	movw	r2, #65535	; 0xffff
    2244:	4293      	cmp	r3, r2
    2246:	d00a      	beq.n	225e <mixer_stat_slot+0x32>
			#endif
			}
		}
	#endif

	return mx.matrix[i].birth_slot;
    2248:	b218      	sxth	r0, r3
//	GPI_TRACE_RETURN(mx.matrix[i].birth_slot);
}
    224a:	bd08      	pop	{r3, pc}
	assert_return(i < MX_GENERATION_SIZE, -1);
    224c:	f240 229d 	movw	r2, #669	; 0x29d
    2250:	490e      	ldr	r1, [pc, #56]	; (228c <mixer_stat_slot+0x60>)
    2252:	480f      	ldr	r0, [pc, #60]	; (2290 <mixer_stat_slot+0x64>)
    2254:	f002 fdb6 	bl	4dc4 <__assert>
    2258:	f04f 30ff 	mov.w	r0, #4294967295	; 0xffffffff
    225c:	e7f5      	b.n	224a <mixer_stat_slot+0x1e>
			if (mx.weak_zero_map.weak_mask[i / FAST_T_WIDTH] & gpi_slu(1, i % FAST_T_WIDTH))
    225e:	f000 001f 	and.w	r0, r0, #31
    2262:	2201      	movs	r2, #1
    2264:	fa02 f000 	lsl.w	r0, r2, r0
    2268:	4a07      	ldr	r2, [pc, #28]	; (2288 <mixer_stat_slot+0x5c>)
    226a:	f8d2 2244 	ldr.w	r2, [r2, #580]	; 0x244
    226e:	4210      	tst	r0, r2
    2270:	d0ea      	beq.n	2248 <mixer_stat_slot+0x1c>
				if (mx.rank >= MX_GENERATION_SIZE)
    2272:	4b05      	ldr	r3, [pc, #20]	; (2288 <mixer_stat_slot+0x5c>)
    2274:	f8b3 31c8 	ldrh.w	r3, [r3, #456]	; 0x1c8
    2278:	2b03      	cmp	r3, #3
					return mx.stat_counter.slot_full_rank;
    227a:	4b03      	ldr	r3, [pc, #12]	; (2288 <mixer_stat_slot+0x5c>)
    227c:	bf8c      	ite	hi
    227e:	f9b3 0286 	ldrshhi.w	r0, [r3, #646]	; 0x286
					return mx.stat_counter.slot_off;
    2282:	f9b3 028a 	ldrshls.w	r0, [r3, #650]	; 0x28a
    2286:	e7e0      	b.n	224a <mixer_stat_slot+0x1e>
    2288:	2000017c 	.word	0x2000017c
    228c:	00005e9c 	.word	0x00005e9c
    2290:	000061dc 	.word	0x000061dc

00002294 <mixer_statistics>:
//**************************************************************************************************

Mixer_Stat_Counter* mixer_statistics(void)
{
	return &mx.stat_counter;
}
    2294:	4800      	ldr	r0, [pc, #0]	; (2298 <mixer_statistics+0x4>)
    2296:	4770      	bx	lr
    2298:	200003dc 	.word	0x200003dc

0000229c <append_node>:

//**************************************************************************************************

// insert node at end of list
static void append_node(uint16_t node_id, Node *list_head)
{
    229c:	b430      	push	{r4, r5}

	// ATTENTION: list_head is variable; so depending on sizeof(mx.history[0]), ARRAY_INDEX() may
	// generate an expensive division operation. To avoid that, we manually decide what to do.
	// NOTE: the condition checks get resolved at compile time
	if (IS_POWER_OF_2(sizeof(mx.history[0])))
		head_index = ARRAY_INDEX(list_head, mx.history);
    229e:	4b0f      	ldr	r3, [pc, #60]	; (22dc <append_node+0x40>)
    22a0:	1acc      	subs	r4, r1, r3
    22a2:	f3c4 04c7 	ubfx	r4, r4, #3, #8
		head_index = gpi_divu_16x8((uintptr_t)list_head - (uintptr_t)&mx.history, sizeof(mx.history[0]), 1);
//	else assert(0, "inefficient program, see source code comments");
	ASSERT_CT(IS_POWER_OF_2(sizeof(mx.history[0])) || sizeof(mx.history[0]) < 0x100);

	// link node
	mx.history[node_id].prev = list_head->prev;
    22a6:	780d      	ldrb	r5, [r1, #0]
    22a8:	f5a3 73ec 	sub.w	r3, r3, #472	; 0x1d8
    22ac:	f100 023b 	add.w	r2, r0, #59	; 0x3b
    22b0:	f803 5032 	strb.w	r5, [r3, r2, lsl #3]
	mx.history[node_id].next = head_index;
    22b4:	eb03 02c2 	add.w	r2, r3, r2, lsl #3
    22b8:	7054      	strb	r4, [r2, #1]
	mx.history[list_head->prev].next = node_id;
    22ba:	b2c0      	uxtb	r0, r0
    22bc:	780d      	ldrb	r5, [r1, #0]
    22be:	eb03 03c5 	add.w	r3, r3, r5, lsl #3
    22c2:	f883 01d9 	strb.w	r0, [r3, #473]	; 0x1d9
	list_head->prev = node_id;
    22c6:	7008      	strb	r0, [r1, #0]

	mx.history[node_id].list_id = head_index - MX_NUM_NODES;
    22c8:	3c03      	subs	r4, #3
    22ca:	7893      	ldrb	r3, [r2, #2]
    22cc:	f364 0301 	bfi	r3, r4, #0, #2
    22d0:	7093      	strb	r3, [r2, #2]

	++(list_head->num_nodes);
    22d2:	884b      	ldrh	r3, [r1, #2]
    22d4:	3301      	adds	r3, #1
    22d6:	804b      	strh	r3, [r1, #2]
}
    22d8:	bc30      	pop	{r4, r5}
    22da:	4770      	bx	lr
    22dc:	20000354 	.word	0x20000354

000022e0 <unlink_node>:
{
    22e0:	b538      	push	{r3, r4, r5, lr}
    22e2:	4604      	mov	r4, r0
	assert(node_id < MX_NUM_NODES);
    22e4:	2802      	cmp	r0, #2
    22e6:	d821      	bhi.n	232c <unlink_node+0x4c>
	Node *list_head = &mx.history[mx.history[node_id].list_id + MX_NUM_NODES];
    22e8:	4a16      	ldr	r2, [pc, #88]	; (2344 <unlink_node+0x64>)
    22ea:	eb02 03c4 	add.w	r3, r2, r4, lsl #3
    22ee:	f893 31da 	ldrb.w	r3, [r3, #474]	; 0x1da
    22f2:	f003 0303 	and.w	r3, r3, #3
    22f6:	1cdd      	adds	r5, r3, #3
	assert(list_head->num_nodes > 0);
    22f8:	eb02 02c3 	add.w	r2, r2, r3, lsl #3
    22fc:	f8b2 31f2 	ldrh.w	r3, [r2, #498]	; 0x1f2
    2300:	b1d3      	cbz	r3, 2338 <unlink_node+0x58>
	mx.history[mx.history[node_id].prev].next = mx.history[node_id].next;
    2302:	4b10      	ldr	r3, [pc, #64]	; (2344 <unlink_node+0x64>)
    2304:	343b      	adds	r4, #59	; 0x3b
    2306:	f813 1034 	ldrb.w	r1, [r3, r4, lsl #3]
    230a:	eb03 04c4 	add.w	r4, r3, r4, lsl #3
    230e:	7862      	ldrb	r2, [r4, #1]
    2310:	eb03 00c1 	add.w	r0, r3, r1, lsl #3
    2314:	f880 21d9 	strb.w	r2, [r0, #473]	; 0x1d9
	mx.history[mx.history[node_id].next].prev = mx.history[node_id].prev;
    2318:	323b      	adds	r2, #59	; 0x3b
    231a:	f803 1032 	strb.w	r1, [r3, r2, lsl #3]
	--(list_head->num_nodes);
    231e:	353b      	adds	r5, #59	; 0x3b
    2320:	eb03 03c5 	add.w	r3, r3, r5, lsl #3
    2324:	885a      	ldrh	r2, [r3, #2]
    2326:	3a01      	subs	r2, #1
    2328:	805a      	strh	r2, [r3, #2]
}
    232a:	bd38      	pop	{r3, r4, r5, pc}
	assert(node_id < MX_NUM_NODES);
    232c:	226c      	movs	r2, #108	; 0x6c
    232e:	4906      	ldr	r1, [pc, #24]	; (2348 <unlink_node+0x68>)
    2330:	4806      	ldr	r0, [pc, #24]	; (234c <unlink_node+0x6c>)
    2332:	f002 fd47 	bl	4dc4 <__assert>
    2336:	e7d7      	b.n	22e8 <unlink_node+0x8>
	assert(list_head->num_nodes > 0);
    2338:	2270      	movs	r2, #112	; 0x70
    233a:	4903      	ldr	r1, [pc, #12]	; (2348 <unlink_node+0x68>)
    233c:	4804      	ldr	r0, [pc, #16]	; (2350 <unlink_node+0x70>)
    233e:	f002 fd41 	bl	4dc4 <__assert>
    2342:	e7de      	b.n	2302 <unlink_node+0x22>
    2344:	2000017c 	.word	0x2000017c
    2348:	00006308 	.word	0x00006308
    234c:	0000635c 	.word	0x0000635c
    2350:	00006374 	.word	0x00006374

00002354 <mx_init_history>:

//**************************************************************************************************
//***** Global Functions ***************************************************************************

void mx_init_history()
{
    2354:	e92d 43f8 	stmdb	sp!, {r3, r4, r5, r6, r7, r8, r9, lr}

	// Initially all nodes are chained together in the absent list.

	for (i = 0; i < MX_NUM_NODES; i++)
	{
		mx.history[i].prev 		= i - 1;
    2358:	4c3c      	ldr	r4, [pc, #240]	; (244c <mx_init_history+0xf8>)
    235a:	23ff      	movs	r3, #255	; 0xff
    235c:	f884 31d8 	strb.w	r3, [r4, #472]	; 0x1d8
		mx.history[i].next 		= i + 1;
    2360:	2601      	movs	r6, #1
    2362:	f884 61d9 	strb.w	r6, [r4, #473]	; 0x1d9
		mx.history[i].value		= 0;
    2366:	2500      	movs	r5, #0
    2368:	f8a4 51da 	strh.w	r5, [r4, #474]	; 0x1da
		mx.history[i].list_id	= ARRAY_INDEX(mx_absent_head, mx.history) - MX_NUM_NODES;
    236c:	f04f 0300 	mov.w	r3, #0
    2370:	f365 0301 	bfi	r3, r5, #0, #2
    2374:	f884 31da 	strb.w	r3, [r4, #474]	; 0x1da

#if MX_REQUEST && (MX_REQUEST_HEURISTIC > 1)
		memset(mx.history[i].row_map, 0, sizeof(mx.history[0].row_map));
    2378:	2204      	movs	r2, #4
    237a:	4629      	mov	r1, r5
    237c:	f504 70ee 	add.w	r0, r4, #476	; 0x1dc
    2380:	f002 ff15 	bl	51ae <memset>
		mx.history[i].prev 		= i - 1;
    2384:	f884 51e0 	strb.w	r5, [r4, #480]	; 0x1e0
		mx.history[i].next 		= i + 1;
    2388:	2702      	movs	r7, #2
    238a:	f884 71e1 	strb.w	r7, [r4, #481]	; 0x1e1
		mx.history[i].value		= 0;
    238e:	f8a4 51e2 	strh.w	r5, [r4, #482]	; 0x1e2
		mx.history[i].list_id	= ARRAY_INDEX(mx_absent_head, mx.history) - MX_NUM_NODES;
    2392:	f04f 0300 	mov.w	r3, #0
    2396:	f365 0301 	bfi	r3, r5, #0, #2
    239a:	f884 31e2 	strb.w	r3, [r4, #482]	; 0x1e2
		memset(mx.history[i].row_map, 0, sizeof(mx.history[0].row_map));
    239e:	2204      	movs	r2, #4
    23a0:	4629      	mov	r1, r5
    23a2:	f504 70f2 	add.w	r0, r4, #484	; 0x1e4
    23a6:	f002 ff02 	bl	51ae <memset>
		mx.history[i].prev 		= i - 1;
    23aa:	f884 61e8 	strb.w	r6, [r4, #488]	; 0x1e8
		mx.history[i].next 		= i + 1;
    23ae:	2603      	movs	r6, #3
    23b0:	f884 61e9 	strb.w	r6, [r4, #489]	; 0x1e9
		mx.history[i].value		= 0;
    23b4:	f8a4 51ea 	strh.w	r5, [r4, #490]	; 0x1ea
		mx.history[i].list_id	= ARRAY_INDEX(mx_absent_head, mx.history) - MX_NUM_NODES;
    23b8:	f04f 0300 	mov.w	r3, #0
    23bc:	f365 0301 	bfi	r3, r5, #0, #2
    23c0:	f884 31ea 	strb.w	r3, [r4, #490]	; 0x1ea
		memset(mx.history[i].row_map, 0, sizeof(mx.history[0].row_map));
    23c4:	2204      	movs	r2, #4
    23c6:	4629      	mov	r1, r5
    23c8:	f504 70f6 	add.w	r0, r4, #492	; 0x1ec
    23cc:	f002 feef 	bl	51ae <memset>
#endif
	}

	mx.history[0].prev			= ARRAY_INDEX(mx_absent_head, mx.history);
    23d0:	f884 61d8 	strb.w	r6, [r4, #472]	; 0x1d8
	mx.history[--i].next 		= ARRAY_INDEX(mx_absent_head, mx.history);
    23d4:	f884 61e9 	strb.w	r6, [r4, #489]	; 0x1e9

	mx_absent_head->next		= 0;
    23d8:	f884 51f1 	strb.w	r5, [r4, #497]	; 0x1f1
	mx_absent_head->prev 		= i;
    23dc:	f884 71f0 	strb.w	r7, [r4, #496]	; 0x1f0
	mx_absent_head->num_nodes 	= ++i;
    23e0:	f8a4 61f2 	strh.w	r6, [r4, #498]	; 0x1f2

	mx_present_head->next   	= ARRAY_INDEX(mx_present_head, mx.history);
    23e4:	2304      	movs	r3, #4
    23e6:	f884 31f9 	strb.w	r3, [r4, #505]	; 0x1f9
	mx_present_head->prev   	= ARRAY_INDEX(mx_present_head, mx.history);
    23ea:	f884 31f8 	strb.w	r3, [r4, #504]	; 0x1f8
	mx_present_head->num_nodes	= 0;
    23ee:	f8a4 51fa 	strh.w	r5, [r4, #506]	; 0x1fa

	mx_finished_head->next  	= ARRAY_INDEX(mx_finished_head, mx.history);
    23f2:	2305      	movs	r3, #5
    23f4:	f884 3201 	strb.w	r3, [r4, #513]	; 0x201
	mx_finished_head->prev  	= ARRAY_INDEX(mx_finished_head, mx.history);
    23f8:	f884 3200 	strb.w	r3, [r4, #512]	; 0x200
	mx_finished_head->num_nodes	= 0;
    23fc:	f8a4 5202 	strh.w	r5, [r4, #514]	; 0x202
	for (i = 0; i < MX_NUM_NODES; i++)
    2400:	4c13      	ldr	r4, [pc, #76]	; (2450 <mx_init_history+0xfc>)
			mx.history[i].last_slot_number = 1;
    2402:	4f12      	ldr	r7, [pc, #72]	; (244c <mx_init_history+0xf8>)
    2404:	f04f 0901 	mov.w	r9, #1
			append_node(i, mx_present_head);
    2408:	f507 78fc 	add.w	r8, r7, #504	; 0x1f8
    240c:	e016      	b.n	243c <mx_init_history+0xe8>
			mx.history[i].last_slot_number = 1;
    240e:	f105 033b 	add.w	r3, r5, #59	; 0x3b
    2412:	eb07 03c3 	add.w	r3, r7, r3, lsl #3
    2416:	885a      	ldrh	r2, [r3, #2]
    2418:	f369 028f 	bfi	r2, r9, #2, #14
    241c:	805a      	strh	r2, [r3, #2]
			unlink_node(i);
    241e:	4630      	mov	r0, r6
    2420:	f7ff ff5e 	bl	22e0 <unlink_node>
			append_node(i, mx_present_head);
    2424:	4641      	mov	r1, r8
    2426:	4630      	mov	r0, r6
    2428:	f7ff ff38 	bl	229c <append_node>
			--met_nodes[i];
    242c:	f814 3c01 	ldrb.w	r3, [r4, #-1]
    2430:	3b01      	subs	r3, #1
    2432:	f804 3c01 	strb.w	r3, [r4, #-1]
	for (i = 0; i < MX_NUM_NODES; i++)
    2436:	3501      	adds	r5, #1
    2438:	2d03      	cmp	r5, #3
    243a:	d005      	beq.n	2448 <mx_init_history+0xf4>
    243c:	b2ae      	uxth	r6, r5
		if (met_nodes[i] > 0)
    243e:	f814 3b01 	ldrb.w	r3, [r4], #1
    2442:	2b00      	cmp	r3, #0
    2444:	d0f7      	beq.n	2436 <mx_init_history+0xe2>
    2446:	e7e2      	b.n	240e <mx_init_history+0xba>
	#if MX_WARMSTART_RNDS
		mx_init_met_nodes();
	#endif

	GPI_TRACE_RETURN();
}
    2448:	e8bd 83f8 	ldmia.w	sp!, {r3, r4, r5, r6, r7, r8, r9, pc}
    244c:	2000017c 	.word	0x2000017c
    2450:	2000041c 	.word	0x2000041c

00002454 <mx_update_history>:

//**************************************************************************************************

void mx_update_history(uint16_t node_id, Packet_Flags flags, uint16_t slot_number)
{
    2454:	b510      	push	{r4, lr}
    2456:	4604      	mov	r4, r0
	GPI_TRACE_FUNCTION();

	mx.history[node_id].last_slot_number = slot_number;
    2458:	303b      	adds	r0, #59	; 0x3b
    245a:	4b17      	ldr	r3, [pc, #92]	; (24b8 <mx_update_history+0x64>)
    245c:	eb03 03c0 	add.w	r3, r3, r0, lsl #3
    2460:	8858      	ldrh	r0, [r3, #2]
    2462:	f362 008f 	bfi	r0, r2, #2, #14
    2466:	8058      	strh	r0, [r3, #2]

	#if MX_WARMSTART_RNDS
		met_nodes[node_id] = MX_WARMSTART_RNDS;
    2468:	4b14      	ldr	r3, [pc, #80]	; (24bc <mx_update_history+0x68>)
    246a:	2201      	movs	r2, #1
    246c:	551a      	strb	r2, [r3, r4]
	#endif

	#if MX_SMART_SHUTDOWN
		if (flags.is_full_rank)
    246e:	f011 0f80 	tst.w	r1, #128	; 0x80
    2472:	d107      	bne.n	2484 <mx_update_history+0x30>
			append_node(node_id, mx_finished_head);
		}
	}
	else
	{
		unlink_node(node_id);
    2474:	4620      	mov	r0, r4
    2476:	f7ff ff33 	bl	22e0 <unlink_node>
		append_node(node_id, mx_present_head);
    247a:	4911      	ldr	r1, [pc, #68]	; (24c0 <mx_update_history+0x6c>)
    247c:	4620      	mov	r0, r4
    247e:	f7ff ff0d 	bl	229c <append_node>
	}

	GPI_TRACE_RETURN();
}
    2482:	bd10      	pop	{r4, pc}
    2484:	b2cb      	uxtb	r3, r1
			mx.have_full_rank_partner = 1;
    2486:	4a0c      	ldr	r2, [pc, #48]	; (24b8 <mx_update_history+0x64>)
    2488:	2101      	movs	r1, #1
    248a:	f882 120d 	strb.w	r1, [r2, #525]	; 0x20d
	if ((flags.all & EIT_RADIO_OFF_mask) == EIT_RADIO_OFF_pattern)
    248e:	f003 038d 	and.w	r3, r3, #141	; 0x8d
    2492:	2b81      	cmp	r3, #129	; 0x81
    2494:	d007      	beq.n	24a6 <mx_update_history+0x52>
			unlink_node(node_id);
    2496:	4620      	mov	r0, r4
    2498:	f7ff ff22 	bl	22e0 <unlink_node>
			append_node(node_id, mx_finished_head);
    249c:	4909      	ldr	r1, [pc, #36]	; (24c4 <mx_update_history+0x70>)
    249e:	4620      	mov	r0, r4
    24a0:	f7ff fefc 	bl	229c <append_node>
	GPI_TRACE_RETURN();
    24a4:	e7ed      	b.n	2482 <mx_update_history+0x2e>
		unlink_node(node_id);
    24a6:	4620      	mov	r0, r4
    24a8:	f7ff ff1a 	bl	22e0 <unlink_node>
		append_node(node_id, mx_absent_head);
    24ac:	4906      	ldr	r1, [pc, #24]	; (24c8 <mx_update_history+0x74>)
    24ae:	4620      	mov	r0, r4
    24b0:	f7ff fef4 	bl	229c <append_node>
    24b4:	e7e5      	b.n	2482 <mx_update_history+0x2e>
    24b6:	bf00      	nop
    24b8:	2000017c 	.word	0x2000017c
    24bc:	2000041c 	.word	0x2000041c
    24c0:	20000374 	.word	0x20000374
    24c4:	2000037c 	.word	0x2000037c
    24c8:	2000036c 	.word	0x2000036c

000024cc <mx_purge_history>:

//**************************************************************************************************

void mx_purge_history()
{
    24cc:	e92d 41f0 	stmdb	sp!, {r4, r5, r6, r7, r8, lr}
	GPI_TRACE_FUNCTION();

	uint16_t	reference = mx.slot_number << 2;
    24d0:	4b25      	ldr	r3, [pc, #148]	; (2568 <mx_purge_history+0x9c>)
    24d2:	f8b3 5118 	ldrh.w	r5, [r3, #280]	; 0x118
    24d6:	b2ad      	uxth	r5, r5
    24d8:	00ad      	lsls	r5, r5, #2
    24da:	b2ad      	uxth	r5, r5

	// note: the lists are sorted by slot_number in ascending order,
	// i.e. descending by age (oldest entry comes first)

	// walk through present nodes
	while (mx_present_head->num_nodes)
    24dc:	f8b3 31fa 	ldrh.w	r3, [r3, #506]	; 0x1fa
    24e0:	b1f3      	cbz	r3, 2520 <mx_purge_history+0x54>
	{
		node = mx_present_head->next;
    24e2:	4e21      	ldr	r6, [pc, #132]	; (2568 <mx_purge_history+0x9c>)
		if (age <= (MX_HISTORY_WINDOW << 2))
			break;

		GPI_TRACE_MSG(TRACE_INFO, "purging node %u (present) from history (age = %u)", node, age >> 2);
		unlink_node(node);
		append_node(node, mx_absent_head);
    24e4:	f506 77f8 	add.w	r7, r6, #496	; 0x1f0
	while (mx_present_head->num_nodes)
    24e8:	f5a7 78f8 	sub.w	r8, r7, #496	; 0x1f0
		node = mx_present_head->next;
    24ec:	f896 31f9 	ldrb.w	r3, [r6, #505]	; 0x1f9
    24f0:	b29c      	uxth	r4, r3
		age = reference - (mx.history[node].last_slot_number << 2);
    24f2:	eb06 03c3 	add.w	r3, r6, r3, lsl #3
    24f6:	f8b3 31da 	ldrh.w	r3, [r3, #474]	; 0x1da
    24fa:	f3c3 038d 	ubfx	r3, r3, #2, #14
    24fe:	eba5 0383 	sub.w	r3, r5, r3, lsl #2
		if (age <= (MX_HISTORY_WINDOW << 2))
    2502:	b29b      	uxth	r3, r3
    2504:	f5b3 7f0e 	cmp.w	r3, #568	; 0x238
    2508:	d90a      	bls.n	2520 <mx_purge_history+0x54>
		unlink_node(node);
    250a:	4620      	mov	r0, r4
    250c:	f7ff fee8 	bl	22e0 <unlink_node>
		append_node(node, mx_absent_head);
    2510:	4639      	mov	r1, r7
    2512:	4620      	mov	r0, r4
    2514:	f7ff fec2 	bl	229c <append_node>
	while (mx_present_head->num_nodes)
    2518:	f8b8 31fa 	ldrh.w	r3, [r8, #506]	; 0x1fa
    251c:	2b00      	cmp	r3, #0
    251e:	d1e5      	bne.n	24ec <mx_purge_history+0x20>
	}

	// walk through finished nodes
	while (mx_finished_head->num_nodes)
    2520:	4b11      	ldr	r3, [pc, #68]	; (2568 <mx_purge_history+0x9c>)
    2522:	f8b3 3202 	ldrh.w	r3, [r3, #514]	; 0x202
    2526:	b1eb      	cbz	r3, 2564 <mx_purge_history+0x98>
	{
		node = mx_finished_head->next;
    2528:	4e0f      	ldr	r6, [pc, #60]	; (2568 <mx_purge_history+0x9c>)
		if (age <= (MX_HISTORY_WINDOW_FINISHED << 2))
			break;

		GPI_TRACE_MSG(TRACE_INFO, "purging node %u (finished) from history (age = %u)", node, age >> 2);
		unlink_node(node);
		append_node(node, mx_absent_head);
    252a:	f506 77f8 	add.w	r7, r6, #496	; 0x1f0
	while (mx_finished_head->num_nodes)
    252e:	f5a7 78f8 	sub.w	r8, r7, #496	; 0x1f0
		node = mx_finished_head->next;
    2532:	f896 3201 	ldrb.w	r3, [r6, #513]	; 0x201
    2536:	b29c      	uxth	r4, r3
		age = reference - (mx.history[node].last_slot_number << 2);
    2538:	eb06 03c3 	add.w	r3, r6, r3, lsl #3
    253c:	f8b3 31da 	ldrh.w	r3, [r3, #474]	; 0x1da
    2540:	f3c3 038d 	ubfx	r3, r3, #2, #14
    2544:	eba5 0383 	sub.w	r3, r5, r3, lsl #2
		if (age <= (MX_HISTORY_WINDOW_FINISHED << 2))
    2548:	b29b      	uxth	r3, r3
    254a:	2b0c      	cmp	r3, #12
    254c:	d90a      	bls.n	2564 <mx_purge_history+0x98>
		unlink_node(node);
    254e:	4620      	mov	r0, r4
    2550:	f7ff fec6 	bl	22e0 <unlink_node>
		append_node(node, mx_absent_head);
    2554:	4639      	mov	r1, r7
    2556:	4620      	mov	r0, r4
    2558:	f7ff fea0 	bl	229c <append_node>
	while (mx_finished_head->num_nodes)
    255c:	f8b8 3202 	ldrh.w	r3, [r8, #514]	; 0x202
    2560:	2b00      	cmp	r3, #0
    2562:	d1e6      	bne.n	2532 <mx_purge_history+0x66>
		append_node(node, mx_absent_head);
	}
#endif

	GPI_TRACE_RETURN();
}
    2564:	e8bd 81f0 	ldmia.w	sp!, {r4, r5, r6, r7, r8, pc}
    2568:	2000017c 	.word	0x2000017c

0000256c <mx_clear_full_rank_map>:

//**************************************************************************************************
#if MX_SMART_SHUTDOWN_MAP

void mx_clear_full_rank_map()
{
    256c:	b510      	push	{r4, lr}
	GPI_TRACE_FUNCTION();

	memset(&mx.full_rank_map, 0, sizeof(mx.full_rank_map));
    256e:	4c04      	ldr	r4, [pc, #16]	; (2580 <mx_clear_full_rank_map+0x14>)
    2570:	2202      	movs	r2, #2
    2572:	2100      	movs	r1, #0
    2574:	4620      	mov	r0, r4
    2576:	f002 fe1a 	bl	51ae <memset>
	// set bits of non-existing nodes
	if (MX_NUM_NODES < (sizeof(mx.full_rank_map.map) * 8))
	{
		uint_fast8_t i;

		mx.full_rank_map.map[MX_NUM_NODES / 8] = -1 << (MX_NUM_NODES % 8);
    257a:	23f8      	movs	r3, #248	; 0xf8
    257c:	7023      	strb	r3, [r4, #0]
	}

	TRACE_DUMP(TRACE_VERBOSE, "full-rank map:", &mx.full_rank_map.map, sizeof(mx.full_rank_map.map));

	GPI_TRACE_RETURN();
}
    257e:	bd10      	pop	{r4, pc}
    2580:	2000038a 	.word	0x2000038a

00002584 <update_full_rank_map>:
#endif	// MX_SMART_SHUTDOWN_MAP
//**************************************************************************************************
#if (MX_SMART_SHUTDOWN_MODE >= 2)

static void update_full_rank_map(const Packet *p)
{
    2584:	b5f8      	push	{r3, r4, r5, r6, r7, lr}
	const uint8_t 	*ps;
	uint8_t			*pd;
	unsigned int 	i;

	// if we reached full rank (p == NULL marks this special call)
	if (NULL == p)
    2586:	b1d8      	cbz	r0, 25c0 <update_full_rank_map+0x3c>
    2588:	4604      	mov	r4, r0
		mx.full_rank_map.map[mx.tx_packet.sender_id / 8] |= gpi_slu(1, mx.tx_packet.sender_id % 8);

	// update map and history
	else if (p->flags.is_full_rank)
    258a:	79c3      	ldrb	r3, [r0, #7]
    258c:	f990 2007 	ldrsb.w	r2, [r0, #7]
    2590:	2a00      	cmp	r2, #0
    2592:	db24      	blt.n	25de <update_full_rank_map+0x5a>
}

static ALWAYS_INLINE void gpi_memcpy_dma_inline(void *dest, const void *src, size_t size)
{
	__builtin_memcpy(dest, src, size);
    2594:	4b50      	ldr	r3, [pc, #320]	; (26d8 <update_full_rank_map+0x154>)
    2596:	f893 220e 	ldrb.w	r2, [r3, #526]	; 0x20e
    259a:	f883 220f 	strb.w	r2, [r3, #527]	; 0x20f
			gpi_atomic_write(&(mx.full_rank_map.hash[i]), hash);
		}
	}

	// update full_rank state
	if ((mx.rank >= MX_GENERATION_SIZE) && (mx.full_rank_state >= 0) && (mx.full_rank_state < 2))
    259e:	f8b3 31c8 	ldrh.w	r3, [r3, #456]	; 0x1c8
    25a2:	2b03      	cmp	r3, #3
    25a4:	d90b      	bls.n	25be <update_full_rank_map+0x3a>
    25a6:	4b4c      	ldr	r3, [pc, #304]	; (26d8 <update_full_rank_map+0x154>)
    25a8:	f893 3210 	ldrb.w	r3, [r3, #528]	; 0x210
    25ac:	f013 0f80 	tst.w	r3, #128	; 0x80
    25b0:	d105      	bne.n	25be <update_full_rank_map+0x3a>
    25b2:	4b49      	ldr	r3, [pc, #292]	; (26d8 <update_full_rank_map+0x154>)
    25b4:	f893 3210 	ldrb.w	r3, [r3, #528]	; 0x210
    25b8:	b25b      	sxtb	r3, r3
    25ba:	2b01      	cmp	r3, #1
    25bc:	dd74      	ble.n	26a8 <update_full_rank_map+0x124>
	TRACE_DUMP(1, "full-rank map: ", mx.full_rank_map.map, sizeof(mx.full_rank_map.map));
	TRACE_DUMP(1, "full-rank hash:", mx.full_rank_map.hash, sizeof(mx.full_rank_map.hash));
	GPI_TRACE_MSG(TRACE_VERBOSE, "full-rank state: %" PRId8, mx.full_rank_state);

	GPI_TRACE_RETURN();
}
    25be:	bdf8      	pop	{r3, r4, r5, r6, r7, pc}
		mx.full_rank_map.map[mx.tx_packet.sender_id / 8] |= gpi_slu(1, mx.tx_packet.sender_id % 8);
    25c0:	4b45      	ldr	r3, [pc, #276]	; (26d8 <update_full_rank_map+0x154>)
    25c2:	f893 20e2 	ldrb.w	r2, [r3, #226]	; 0xe2
    25c6:	eb03 03d2 	add.w	r3, r3, r2, lsr #3
    25ca:	f002 0107 	and.w	r1, r2, #7
    25ce:	2201      	movs	r2, #1
    25d0:	408a      	lsls	r2, r1
    25d2:	f893 120e 	ldrb.w	r1, [r3, #526]	; 0x20e
    25d6:	430a      	orrs	r2, r1
    25d8:	f883 220e 	strb.w	r2, [r3, #526]	; 0x20e
    25dc:	e7da      	b.n	2594 <update_full_rank_map+0x10>
		if ((p->flags.all & EIT_FULL_RANK_ACK_MAP_mask) == EIT_FULL_RANK_ACK_MAP_pattern)
    25de:	f003 038e 	and.w	r3, r3, #142	; 0x8e
    25e2:	2b82      	cmp	r3, #130	; 0x82
    25e4:	d028      	beq.n	2638 <update_full_rank_map+0xb4>
		else if (mx.full_rank_state != 0)
    25e6:	4b3c      	ldr	r3, [pc, #240]	; (26d8 <update_full_rank_map+0x154>)
    25e8:	f893 3210 	ldrb.w	r3, [r3, #528]	; 0x210
    25ec:	b25b      	sxtb	r3, r3
    25ee:	2b00      	cmp	r3, #0
    25f0:	d1e5      	bne.n	25be <update_full_rank_map+0x3a>
		mx.full_rank_map.map[p->sender_id / 8] |= gpi_slu(1, p->sender_id % 8);
    25f2:	79a1      	ldrb	r1, [r4, #6]
    25f4:	f001 0207 	and.w	r2, r1, #7
    25f8:	2301      	movs	r3, #1
    25fa:	4093      	lsls	r3, r2
    25fc:	4a36      	ldr	r2, [pc, #216]	; (26d8 <update_full_rank_map+0x154>)
    25fe:	eb02 02d1 	add.w	r2, r2, r1, lsr #3
    2602:	f892 120e 	ldrb.w	r1, [r2, #526]	; 0x20e
    2606:	430b      	orrs	r3, r1
    2608:	b2db      	uxtb	r3, r3
    260a:	f882 320e 	strb.w	r3, [r2, #526]	; 0x20e
		if ((p->flags.all & EIT_FULL_RANK_X_mask) == EIT_FULL_RANK_X_pattern)
    260e:	79e2      	ldrb	r2, [r4, #7]
    2610:	f002 028c 	and.w	r2, r2, #140	; 0x8c
    2614:	2a80      	cmp	r2, #128	; 0x80
    2616:	d01f      	beq.n	2658 <update_full_rank_map+0xd4>
		for (pn = &mx.history[mx_present_head->next]; pn != mx_present_head;)
    2618:	4b2f      	ldr	r3, [pc, #188]	; (26d8 <update_full_rank_map+0x154>)
    261a:	f893 41f9 	ldrb.w	r4, [r3, #505]	; 0x1f9
    261e:	343b      	adds	r4, #59	; 0x3b
    2620:	eb03 04c4 	add.w	r4, r3, r4, lsl #3
    2624:	f503 73fc 	add.w	r3, r3, #504	; 0x1f8
    2628:	429c      	cmp	r4, r3
    262a:	d0b3      	beq.n	2594 <update_full_rank_map+0x10>
			i = ARRAY_INDEX(pn, mx.history);
    262c:	f1a3 0720 	sub.w	r7, r3, #32
			pn = &mx.history[pn->next];
    2630:	f5a7 75ec 	sub.w	r5, r7, #472	; 0x1d8
				mx_update_history(i, flags, mx.slot_number);
    2634:	462e      	mov	r6, r5
    2636:	e021      	b.n	267c <update_full_rank_map+0xf8>
			if (mx.full_rank_state < 1)
    2638:	4b27      	ldr	r3, [pc, #156]	; (26d8 <update_full_rank_map+0x154>)
    263a:	f893 3210 	ldrb.w	r3, [r3, #528]	; 0x210
    263e:	b25b      	sxtb	r3, r3
    2640:	2b00      	cmp	r3, #0
    2642:	dcd6      	bgt.n	25f2 <update_full_rank_map+0x6e>
				memset(&mx.full_rank_map.map, -1, sizeof(mx.full_rank_map.map));
    2644:	2201      	movs	r2, #1
    2646:	f04f 31ff 	mov.w	r1, #4294967295	; 0xffffffff
    264a:	4824      	ldr	r0, [pc, #144]	; (26dc <update_full_rank_map+0x158>)
    264c:	f002 fdaf 	bl	51ae <memset>
				update_full_rank_map(NULL);
    2650:	2000      	movs	r0, #0
    2652:	f7ff ff97 	bl	2584 <update_full_rank_map>
    2656:	e7cc      	b.n	25f2 <update_full_rank_map+0x6e>
					*pd++ |= *ps++;
    2658:	f894 2029 	ldrb.w	r2, [r4, #41]	; 0x29
    265c:	4313      	orrs	r3, r2
    265e:	4a1e      	ldr	r2, [pc, #120]	; (26d8 <update_full_rank_map+0x154>)
    2660:	f882 320e 	strb.w	r3, [r2, #526]	; 0x20e
			for (pd = &mx.full_rank_map.map[0]; pd < &mx.full_rank_map.map[NUM_ELEMENTS(mx.full_rank_map.map)]; )
    2664:	e7d8      	b.n	2618 <update_full_rank_map+0x94>
				mx_update_history(i, flags, mx.slot_number);
    2666:	f8b6 2118 	ldrh.w	r2, [r6, #280]	; 0x118
    266a:	b292      	uxth	r2, r2
    266c:	f06f 017f 	mvn.w	r1, #127	; 0x7f
    2670:	b280      	uxth	r0, r0
    2672:	f7ff feef 	bl	2454 <mx_update_history>
		for (pn = &mx.history[mx_present_head->next]; pn != mx_present_head;)
    2676:	4b1a      	ldr	r3, [pc, #104]	; (26e0 <update_full_rank_map+0x15c>)
    2678:	429c      	cmp	r4, r3
    267a:	d08b      	beq.n	2594 <update_full_rank_map+0x10>
			i = ARRAY_INDEX(pn, mx.history);
    267c:	1be2      	subs	r2, r4, r7
    267e:	08d0      	lsrs	r0, r2, #3
			pn = &mx.history[pn->next];
    2680:	7864      	ldrb	r4, [r4, #1]
    2682:	343b      	adds	r4, #59	; 0x3b
    2684:	eb05 04c4 	add.w	r4, r5, r4, lsl #3
			if ((mx.full_rank_state > 0) || (mx.full_rank_map.map[i / 8] & gpi_slu(1, i % 8)))
    2688:	f895 3210 	ldrb.w	r3, [r5, #528]	; 0x210
    268c:	b25b      	sxtb	r3, r3
    268e:	2b00      	cmp	r3, #0
    2690:	dce9      	bgt.n	2666 <update_full_rank_map+0xe2>
    2692:	eb06 1292 	add.w	r2, r6, r2, lsr #6
    2696:	f892 320e 	ldrb.w	r3, [r2, #526]	; 0x20e
    269a:	f000 0207 	and.w	r2, r0, #7
    269e:	4113      	asrs	r3, r2
    26a0:	f013 0f01 	tst.w	r3, #1
    26a4:	d0e7      	beq.n	2676 <update_full_rank_map+0xf2>
    26a6:	e7de      	b.n	2666 <update_full_rank_map+0xe2>
			if (-1 != (int8_t)*ps)
    26a8:	2aff      	cmp	r2, #255	; 0xff
    26aa:	d188      	bne.n	25be <update_full_rank_map+0x3a>
			state = mx.full_rank_state;
    26ac:	4b0a      	ldr	r3, [pc, #40]	; (26d8 <update_full_rank_map+0x154>)
    26ae:	f893 4210 	ldrb.w	r4, [r3, #528]	; 0x210
    26b2:	b263      	sxtb	r3, r4
			if (state == 0)
    26b4:	b12b      	cbz	r3, 26c2 <update_full_rank_map+0x13e>
			mx.full_rank_state = ++state;
    26b6:	3401      	adds	r4, #1
    26b8:	b264      	sxtb	r4, r4
    26ba:	4b07      	ldr	r3, [pc, #28]	; (26d8 <update_full_rank_map+0x154>)
    26bc:	f883 4210 	strb.w	r4, [r3, #528]	; 0x210
    26c0:	e77d      	b.n	25be <update_full_rank_map+0x3a>
				mx.full_rank_state = -1;
    26c2:	4b05      	ldr	r3, [pc, #20]	; (26d8 <update_full_rank_map+0x154>)
    26c4:	22ff      	movs	r2, #255	; 0xff
    26c6:	f883 2210 	strb.w	r2, [r3, #528]	; 0x210
				mx_clear_full_rank_map();
    26ca:	f7ff ff4f 	bl	256c <mx_clear_full_rank_map>
				update_full_rank_map(NULL);
    26ce:	2000      	movs	r0, #0
    26d0:	f7ff ff58 	bl	2584 <update_full_rank_map>
    26d4:	e7ef      	b.n	26b6 <update_full_rank_map+0x132>
    26d6:	bf00      	nop
    26d8:	2000017c 	.word	0x2000017c
    26dc:	2000038a 	.word	0x2000038a
    26e0:	20000374 	.word	0x20000374

000026e4 <mixer_update_slot>:

PT_THREAD(mixer_update_slot())
{
	Pt_Context* const	pt = pt_update_slot;

	PT_BEGIN(pt);
    26e4:	4bb3      	ldr	r3, [pc, #716]	; (29b4 <mixer_update_slot+0x2d0>)
    26e6:	881b      	ldrh	r3, [r3, #0]
    26e8:	b143      	cbz	r3, 26fc <mixer_update_slot+0x18>
    26ea:	f240 22fe 	movw	r2, #766	; 0x2fe
    26ee:	4293      	cmp	r3, r2
    26f0:	d012      	beq.n	2718 <mixer_update_slot+0x34>
		*/

		PROFILE("mixer_update_slot() end");
	}

	PT_END(pt);
    26f2:	4bb0      	ldr	r3, [pc, #704]	; (29b4 <mixer_update_slot+0x2d0>)
    26f4:	2200      	movs	r2, #0
    26f6:	801a      	strh	r2, [r3, #0]
    26f8:	2003      	movs	r0, #3
    26fa:	4770      	bx	lr
	rx_queue_num_read_update	= 0;
    26fc:	2300      	movs	r3, #0
    26fe:	4aae      	ldr	r2, [pc, #696]	; (29b8 <mixer_update_slot+0x2d4>)
    2700:	6013      	str	r3, [r2, #0]
	owner 			  = 0;
    2702:	4aae      	ldr	r2, [pc, #696]	; (29bc <mixer_update_slot+0x2d8>)
    2704:	8013      	strh	r3, [r2, #0]
	last_owner_update = 0;
    2706:	4aae      	ldr	r2, [pc, #696]	; (29c0 <mixer_update_slot+0x2dc>)
    2708:	8013      	strh	r3, [r2, #0]
		owner_forecast[0].all = 0;
    270a:	4aae      	ldr	r2, [pc, #696]	; (29c4 <mixer_update_slot+0x2e0>)
    270c:	7013      	strb	r3, [r2, #0]
		owner_forecast[1].all = 0;
    270e:	7053      	strb	r3, [r2, #1]
		PT_WAIT_UNTIL(pt, mx.events & BV(SLOT_UPDATE));
    2710:	4ba8      	ldr	r3, [pc, #672]	; (29b4 <mixer_update_slot+0x2d0>)
    2712:	f240 22fe 	movw	r2, #766	; 0x2fe
    2716:	801a      	strh	r2, [r3, #0]
    2718:	4bab      	ldr	r3, [pc, #684]	; (29c8 <mixer_update_slot+0x2e4>)
    271a:	f8d3 311c 	ldr.w	r3, [r3, #284]	; 0x11c
    271e:	f013 0f02 	tst.w	r3, #2
    2722:	f000 84d9 	beq.w	30d8 <mixer_update_slot+0x9f4>
{
    2726:	e92d 4ff0 	stmdb	sp!, {r4, r5, r6, r7, r8, r9, sl, fp, lr}
    272a:	b08b      	sub	sp, #44	; 0x2c
  __ASM volatile ("dmb 0xF":::"memory");
    272c:	f3bf 8f5f 	dmb	sy
		// offset has limitations compared to ldm/str such that using 'm' can cause errors
		// NOTE: GCC doc mentions constraint type 'V' for that case, but for some reason that is
		// not available.
		// NOTE: using "+Q"(*p) (instead of "r"(p)) avoids the need to mark "memory" as clobbered
		// and avoids unnecessary performance penalties
		__asm__
    2730:	4ba5      	ldr	r3, [pc, #660]	; (29c8 <mixer_update_slot+0x2e4>)
    2732:	f06f 0202 	mvn.w	r2, #2
    2736:	f503 708e 	add.w	r0, r3, #284	; 0x11c
    273a:	e850 1f00 	ldrex	r1, [r0]
    273e:	ea01 0102 	and.w	r1, r1, r2
    2742:	e840 1200 	strex	r2, r1, [r0]
    2746:	2a00      	cmp	r2, #0
    2748:	d1f7      	bne.n	273a <mixer_update_slot+0x56>
    274a:	f3bf 8f5f 	dmb	sy
		uint16_t	slot_number = mx.slot_number;
    274e:	f8b3 7118 	ldrh.w	r7, [r3, #280]	; 0x118
    2752:	b2bf      	uxth	r7, r7
			owner_forecast[1] = owner_forecast[0];
    2754:	4a9b      	ldr	r2, [pc, #620]	; (29c4 <mixer_update_slot+0x2e0>)
    2756:	7811      	ldrb	r1, [r2, #0]
    2758:	7051      	strb	r1, [r2, #1]
			owner_forecast[0].all = 0;
    275a:	2100      	movs	r1, #0
    275c:	7011      	strb	r1, [r2, #0]
			if (slot_number - mx.request.last_update_slot > 3)
    275e:	9701      	str	r7, [sp, #4]
    2760:	f8b3 322c 	ldrh.w	r3, [r3, #556]	; 0x22c
    2764:	1afb      	subs	r3, r7, r3
    2766:	2b03      	cmp	r3, #3
    2768:	dd11      	ble.n	278e <mixer_update_slot+0xaa>
				mx.request.row.any_pending = 0;
    276a:	f5a0 738e 	sub.w	r3, r0, #284	; 0x11c
    276e:	f8c3 121c 	str.w	r1, [r3, #540]	; 0x21c
				mx.request.column.any_pending = 0;
    2772:	f8c3 1228 	str.w	r1, [r3, #552]	; 0x228
			while (rx_queue_num_read_update != mx.rx_queue_num_written)
    2776:	4b94      	ldr	r3, [pc, #592]	; (29c8 <mixer_update_slot+0x2e4>)
    2778:	f8d3 20d4 	ldr.w	r2, [r3, #212]	; 0xd4
    277c:	4b8e      	ldr	r3, [pc, #568]	; (29b8 <mixer_update_slot+0x2d4>)
    277e:	681b      	ldr	r3, [r3, #0]
    2780:	429a      	cmp	r2, r3
    2782:	d061      	beq.n	2848 <mixer_update_slot+0x164>
				uint8_t  		sender_id   = p->sender_id;
    2784:	4c90      	ldr	r4, [pc, #576]	; (29c8 <mixer_update_slot+0x2e4>)
								flags		= p->flags;
    2786:	f104 0b07 	add.w	fp, r4, #7
				if (mx.rx_queue_num_writing - rx_queue_num_read_update > NUM_ELEMENTS(mx.rx_queue))
    278a:	4e8b      	ldr	r6, [pc, #556]	; (29b8 <mixer_update_slot+0x2d4>)
    278c:	e02b      	b.n	27e6 <mixer_update_slot+0x102>
			else if (mx.events & BV(TX_READY))
    278e:	4b8e      	ldr	r3, [pc, #568]	; (29c8 <mixer_update_slot+0x2e4>)
    2790:	f8d3 311c 	ldr.w	r3, [r3, #284]	; 0x11c
    2794:	f013 0f04 	tst.w	r3, #4
    2798:	d0ed      	beq.n	2776 <mixer_update_slot+0x92>
				mx_update_request(&mx.tx_packet);
    279a:	488c      	ldr	r0, [pc, #560]	; (29cc <mixer_update_slot+0x2e8>)
    279c:	f001 f980 	bl	3aa0 <mx_update_request>
    27a0:	e7e9      	b.n	2776 <mixer_update_slot+0x92>
					uint16_t	rx_slot		= p->slot_number;
    27a2:	2534      	movs	r5, #52	; 0x34
    27a4:	fb05 f502 	mul.w	r5, r5, r2
    27a8:	1960      	adds	r0, r4, r5
    27aa:	f8b0 9004 	ldrh.w	r9, [r0, #4]
								flags		= p->flags;
    27ae:	f815 a00b 	ldrb.w	sl, [r5, fp]
					mx_update_request(p);
    27b2:	f001 f975 	bl	3aa0 <mx_update_request>
					(*mx.agg_rx_cb)(&mx.agg_is_valid, mx.agg_local, p->aggregate);
    27b6:	f105 022a 	add.w	r2, r5, #42	; 0x2a
    27ba:	f8d4 3254 	ldr.w	r3, [r4, #596]	; 0x254
    27be:	4422      	add	r2, r4
    27c0:	f504 7116 	add.w	r1, r4, #600	; 0x258
    27c4:	f204 205e 	addw	r0, r4, #606	; 0x25e
    27c8:	4798      	blx	r3
				if (mx.rx_queue_num_writing - rx_queue_num_read_update > NUM_ELEMENTS(mx.rx_queue))
    27ca:	f8d4 30d0 	ldr.w	r3, [r4, #208]	; 0xd0
    27ce:	6832      	ldr	r2, [r6, #0]
    27d0:	1a9b      	subs	r3, r3, r2
    27d2:	2b04      	cmp	r3, #4
    27d4:	d914      	bls.n	2800 <mixer_update_slot+0x11c>
					rx_queue_num_read_update = mx.rx_queue_num_written;
    27d6:	f8d4 30d4 	ldr.w	r3, [r4, #212]	; 0xd4
    27da:	6033      	str	r3, [r6, #0]
			while (rx_queue_num_read_update != mx.rx_queue_num_written)
    27dc:	f8d4 20d4 	ldr.w	r2, [r4, #212]	; 0xd4
    27e0:	6833      	ldr	r3, [r6, #0]
    27e2:	429a      	cmp	r2, r3
    27e4:	d030      	beq.n	2848 <mixer_update_slot+0x164>
				Packet *p = &mx.rx_queue[rx_queue_num_read_update % NUM_ELEMENTS(mx.rx_queue)];
    27e6:	f003 0203 	and.w	r2, r3, #3
				uint8_t  		sender_id   = p->sender_id;
    27ea:	2134      	movs	r1, #52	; 0x34
    27ec:	fb01 4102 	mla	r1, r1, r2, r4
    27f0:	f891 8006 	ldrb.w	r8, [r1, #6]
				if (sender_id >= MX_NUM_NODES)
    27f4:	f1b8 0f02 	cmp.w	r8, #2
    27f8:	d9d3      	bls.n	27a2 <mixer_update_slot+0xbe>
					rx_queue_num_read_update++;
    27fa:	3301      	adds	r3, #1
    27fc:	6033      	str	r3, [r6, #0]
					continue;
    27fe:	e7ed      	b.n	27dc <mixer_update_slot+0xf8>
					rx_queue_num_read_update++;
    2800:	3201      	adds	r2, #1
    2802:	6032      	str	r2, [r6, #0]
    2804:	f3bf 8f5f 	dmb	sy
		__asm__
    2808:	2310      	movs	r3, #16
    280a:	f504 718e 	add.w	r1, r4, #284	; 0x11c
    280e:	e851 2f00 	ldrex	r2, [r1]
    2812:	ea42 0203 	orr.w	r2, r2, r3
    2816:	e841 2300 	strex	r3, r2, [r1]
    281a:	2b00      	cmp	r3, #0
    281c:	d1f7      	bne.n	280e <mixer_update_slot+0x12a>
    281e:	f3bf 8f5f 	dmb	sy
					mx_update_history(sender_id, flags, rx_slot);
    2822:	464a      	mov	r2, r9
    2824:	4651      	mov	r1, sl
    2826:	4640      	mov	r0, r8
    2828:	f7ff fe14 	bl	2454 <mx_update_history>
					if (rx_slot == slot_number)
    282c:	454f      	cmp	r7, r9
    282e:	d007      	beq.n	2840 <mixer_update_slot+0x15c>
					else if (rx_slot == slot_number - 1)
    2830:	9b01      	ldr	r3, [sp, #4]
    2832:	3b01      	subs	r3, #1
    2834:	4599      	cmp	r9, r3
    2836:	d1d1      	bne.n	27dc <mixer_update_slot+0xf8>
						owner_forecast[1] = flags;
    2838:	4b62      	ldr	r3, [pc, #392]	; (29c4 <mixer_update_slot+0x2e0>)
    283a:	f883 a001 	strb.w	sl, [r3, #1]
    283e:	e7cd      	b.n	27dc <mixer_update_slot+0xf8>
						owner_forecast[0] = flags;
    2840:	4b60      	ldr	r3, [pc, #384]	; (29c4 <mixer_update_slot+0x2e0>)
    2842:	f883 a000 	strb.w	sl, [r3]
    2846:	e7c9      	b.n	27dc <mixer_update_slot+0xf8>
			density = 1 + mx_present_head->num_nodes + mx_finished_head->num_nodes;
    2848:	4b5f      	ldr	r3, [pc, #380]	; (29c8 <mixer_update_slot+0x2e4>)
    284a:	f8b3 51fa 	ldrh.w	r5, [r3, #506]	; 0x1fa
    284e:	f8b3 3202 	ldrh.w	r3, [r3, #514]	; 0x202
    2852:	441d      	add	r5, r3
    2854:	3501      	adds	r5, #1
    2856:	fa1f fa85 	uxth.w	sl, r5
			assert(density < 256);
    285a:	f1ba 0fff 	cmp.w	sl, #255	; 0xff
    285e:	d834      	bhi.n	28ca <mixer_update_slot+0x1e6>
			if (slot_number <= mx.discovery_exit_slot)
    2860:	4b59      	ldr	r3, [pc, #356]	; (29c8 <mixer_update_slot+0x2e4>)
    2862:	f8b3 320a 	ldrh.w	r3, [r3, #522]	; 0x20a
    2866:	42bb      	cmp	r3, r7
    2868:	d364      	bcc.n	2934 <mixer_update_slot+0x250>
				if (0 == mx.wake_up_slot)
    286a:	4b57      	ldr	r3, [pc, #348]	; (29c8 <mixer_update_slot+0x2e4>)
    286c:	f8b3 3208 	ldrh.w	r3, [r3, #520]	; 0x208
    2870:	b953      	cbnz	r3, 2888 <mixer_update_slot+0x1a4>
					mx.wake_up_slot = slot_number;
    2872:	4b55      	ldr	r3, [pc, #340]	; (29c8 <mixer_update_slot+0x2e4>)
    2874:	f8a3 7208 	strh.w	r7, [r3, #520]	; 0x208
{
	// NOTE: this function does not implement REORDER_BARRIERs and/or DMBs

	// NOTE: using "=m"(*p) instead of "r"(p) avoids the need to mark "memory" as clobbered
	// and avoids unnecessary performance penalties
	__asm__ volatile ("strh	%1, %0" : "=m"(*p) : "r"(data));
    2878:	f8a3 720a 	strh.w	r7, [r3, #522]	; 0x20a
							mx.stat_counter.discovery_exit_slot = slot_number;
    287c:	f8a3 728c 	strh.w	r7, [r3, #652]	; 0x28c
							mx.stat_counter.discovery_density 	= density;
    2880:	f8a3 a28e 	strh.w	sl, [r3, #654]	; 0x28e
							mx.stat_counter.wake_up_slot 		= mx.wake_up_slot;
    2884:	f8a3 7290 	strh.w	r7, [r3, #656]	; 0x290
				if ((slot_number < mx.discovery_exit_slot) && (density < MX_NUM_NODES))
    2888:	4b4f      	ldr	r3, [pc, #316]	; (29c8 <mixer_update_slot+0x2e4>)
    288a:	f8b3 320a 	ldrh.w	r3, [r3, #522]	; 0x20a
    288e:	42bb      	cmp	r3, r7
    2890:	d922      	bls.n	28d8 <mixer_update_slot+0x1f4>
    2892:	f1ba 0f02 	cmp.w	sl, #2
    2896:	d81f      	bhi.n	28d8 <mixer_update_slot+0x1f4>
						MX_DISCOVERY_EXIT_SLOT_LUT[MIN(density, MX_DISCOVERY_EXIT_SLOT_LUT_SIZE) - 1];
    2898:	f06f 4100 	mvn.w	r1, #2147483648	; 0x80000000
    289c:	f1ba 0f02 	cmp.w	sl, #2
    28a0:	bf94      	ite	ls
    28a2:	4451      	addls	r1, sl
    28a4:	3102      	addhi	r1, #2
					s = (mx.wake_up_slot - 1) +
    28a6:	4a48      	ldr	r2, [pc, #288]	; (29c8 <mixer_update_slot+0x2e4>)
    28a8:	f8b2 0208 	ldrh.w	r0, [r2, #520]	; 0x208
    28ac:	1e43      	subs	r3, r0, #1
    28ae:	4c48      	ldr	r4, [pc, #288]	; (29d0 <mixer_update_slot+0x2ec>)
    28b0:	f834 1011 	ldrh.w	r1, [r4, r1, lsl #1]
    28b4:	440b      	add	r3, r1
    28b6:	b29b      	uxth	r3, r3
    28b8:	f8a2 320a 	strh.w	r3, [r2, #522]	; 0x20a
						mx.stat_counter.discovery_exit_slot = s;
    28bc:	f8a2 328c 	strh.w	r3, [r2, #652]	; 0x28c
						mx.stat_counter.discovery_density 	= density;
    28c0:	f8a2 a28e 	strh.w	sl, [r2, #654]	; 0x28e
						mx.stat_counter.wake_up_slot 		= mx.wake_up_slot;
    28c4:	f8a2 0290 	strh.w	r0, [r2, #656]	; 0x290
				{
    28c8:	e034      	b.n	2934 <mixer_update_slot+0x250>
			assert(density < 256);
    28ca:	f44f 725f 	mov.w	r2, #892	; 0x37c
    28ce:	4941      	ldr	r1, [pc, #260]	; (29d4 <mixer_update_slot+0x2f0>)
    28d0:	4841      	ldr	r0, [pc, #260]	; (29d8 <mixer_update_slot+0x2f4>)
    28d2:	f002 fa77 	bl	4dc4 <__assert>
    28d6:	e7c3      	b.n	2860 <mixer_update_slot+0x17c>
					for (node = &mx.history[mx_present_head->next]; node != mx_present_head; node = &mx.history[node->next])
    28d8:	4a3b      	ldr	r2, [pc, #236]	; (29c8 <mixer_update_slot+0x2e4>)
    28da:	f892 31f9 	ldrb.w	r3, [r2, #505]	; 0x1f9
    28de:	333b      	adds	r3, #59	; 0x3b
    28e0:	eb02 03c3 	add.w	r3, r2, r3, lsl #3
    28e4:	f502 72fc 	add.w	r2, r2, #504	; 0x1f8
    28e8:	4293      	cmp	r3, r2
    28ea:	d00c      	beq.n	2906 <mixer_update_slot+0x222>
    28ec:	f5a2 71fc 	sub.w	r1, r2, #504	; 0x1f8
    28f0:	4610      	mov	r0, r2
						node->last_slot_number = slot_number;
    28f2:	885a      	ldrh	r2, [r3, #2]
    28f4:	f367 028f 	bfi	r2, r7, #2, #14
    28f8:	805a      	strh	r2, [r3, #2]
					for (node = &mx.history[mx_present_head->next]; node != mx_present_head; node = &mx.history[node->next])
    28fa:	785b      	ldrb	r3, [r3, #1]
    28fc:	333b      	adds	r3, #59	; 0x3b
    28fe:	eb01 03c3 	add.w	r3, r1, r3, lsl #3
    2902:	4283      	cmp	r3, r0
    2904:	d1f5      	bne.n	28f2 <mixer_update_slot+0x20e>
					for (node = &mx.history[mx_finished_head->next]; node != mx_finished_head; node = &mx.history[node->next])
    2906:	4a30      	ldr	r2, [pc, #192]	; (29c8 <mixer_update_slot+0x2e4>)
    2908:	f892 3201 	ldrb.w	r3, [r2, #513]	; 0x201
    290c:	333b      	adds	r3, #59	; 0x3b
    290e:	eb02 03c3 	add.w	r3, r2, r3, lsl #3
    2912:	f502 7200 	add.w	r2, r2, #512	; 0x200
    2916:	4293      	cmp	r3, r2
    2918:	d00c      	beq.n	2934 <mixer_update_slot+0x250>
    291a:	f5a2 7100 	sub.w	r1, r2, #512	; 0x200
    291e:	4610      	mov	r0, r2
						node->last_slot_number = slot_number;
    2920:	885a      	ldrh	r2, [r3, #2]
    2922:	f367 028f 	bfi	r2, r7, #2, #14
    2926:	805a      	strh	r2, [r3, #2]
					for (node = &mx.history[mx_finished_head->next]; node != mx_finished_head; node = &mx.history[node->next])
    2928:	785b      	ldrb	r3, [r3, #1]
    292a:	333b      	adds	r3, #59	; 0x3b
    292c:	eb01 03c3 	add.w	r3, r1, r3, lsl #3
    2930:	4283      	cmp	r3, r0
    2932:	d1f5      	bne.n	2920 <mixer_update_slot+0x23c>
			if (MX_GENERATION_SIZE == mx.rank && !mx.is_shutdown_approved)
    2934:	4b24      	ldr	r3, [pc, #144]	; (29c8 <mixer_update_slot+0x2e4>)
    2936:	f8b3 31c8 	ldrh.w	r3, [r3, #456]	; 0x1c8
    293a:	2b04      	cmp	r3, #4
    293c:	d04e      	beq.n	29dc <mixer_update_slot+0x2f8>
			if (mx.rank < 1)
    293e:	2b00      	cmp	r3, #0
    2940:	d161      	bne.n	2a06 <mixer_update_slot+0x322>
		next_task = RX;
    2942:	2000      	movs	r0, #0
    2944:	f3bf 8f5f 	dmb	sy
		__asm__
    2948:	4b1f      	ldr	r3, [pc, #124]	; (29c8 <mixer_update_slot+0x2e4>)
    294a:	f06f 0204 	mvn.w	r2, #4
    294e:	f503 738e 	add.w	r3, r3, #284	; 0x11c
    2952:	e853 1f00 	ldrex	r1, [r3]
    2956:	ea01 0102 	and.w	r1, r1, r2
    295a:	e843 1200 	strex	r2, r1, [r3]
    295e:	2a00      	cmp	r2, #0
    2960:	d1f7      	bne.n	2952 <mixer_update_slot+0x26e>
    2962:	f3bf 8f5f 	dmb	sy
		if (TX == next_task)
    2966:	2800      	cmp	r0, #0
    2968:	f040 81db 	bne.w	2d22 <mixer_update_slot+0x63e>
		mixer_transport_set_next_slot_task(next_task);
    296c:	f002 f9de 	bl	4d2c <mixer_transport_set_next_slot_task>
		next_task = mixer_transport_get_next_slot_task();
    2970:	f002 fa1e 	bl	4db0 <mixer_transport_get_next_slot_task>
		if (!mx.tx_packet.is_ready && (mx.rank > 0))
    2974:	4b14      	ldr	r3, [pc, #80]	; (29c8 <mixer_update_slot+0x2e4>)
    2976:	f993 310c 	ldrsb.w	r3, [r3, #268]	; 0x10c
    297a:	2b00      	cmp	r3, #0
    297c:	db05      	blt.n	298a <mixer_update_slot+0x2a6>
    297e:	4b12      	ldr	r3, [pc, #72]	; (29c8 <mixer_update_slot+0x2e4>)
    2980:	f8b3 31c8 	ldrh.w	r3, [r3, #456]	; 0x1c8
    2984:	2b00      	cmp	r3, #0
    2986:	f040 81e8 	bne.w	2d5a <mixer_update_slot+0x676>
				if (slot_number > mx.discovery_exit_slot)
    298a:	4b0f      	ldr	r3, [pc, #60]	; (29c8 <mixer_update_slot+0x2e4>)
    298c:	f8b3 320a 	ldrh.w	r3, [r3, #522]	; 0x20a
    2990:	42bb      	cmp	r3, r7
    2992:	f0c0 830f 	bcc.w	2fb4 <mixer_update_slot+0x8d0>
		PT_WAIT_UNTIL(pt, mx.events & BV(SLOT_UPDATE));
    2996:	4b07      	ldr	r3, [pc, #28]	; (29b4 <mixer_update_slot+0x2d0>)
    2998:	f240 22fe 	movw	r2, #766	; 0x2fe
    299c:	801a      	strh	r2, [r3, #0]
    299e:	4b0a      	ldr	r3, [pc, #40]	; (29c8 <mixer_update_slot+0x2e4>)
    29a0:	f8d3 311c 	ldr.w	r3, [r3, #284]	; 0x11c
    29a4:	f013 0f02 	tst.w	r3, #2
    29a8:	f47f aec0 	bne.w	272c <mixer_update_slot+0x48>
    29ac:	2000      	movs	r0, #0
}
    29ae:	b00b      	add	sp, #44	; 0x2c
    29b0:	e8bd 8ff0 	ldmia.w	sp!, {r4, r5, r6, r7, r8, r9, sl, fp, pc}
    29b4:	20000430 	.word	0x20000430
    29b8:	2000043c 	.word	0x2000043c
    29bc:	20000426 	.word	0x20000426
    29c0:	20000424 	.word	0x20000424
    29c4:	20000428 	.word	0x20000428
    29c8:	2000017c 	.word	0x2000017c
    29cc:	20000258 	.word	0x20000258
    29d0:	00006304 	.word	0x00006304
    29d4:	00006390 	.word	0x00006390
    29d8:	000063e8 	.word	0x000063e8
			if (MX_GENERATION_SIZE == mx.rank && !mx.is_shutdown_approved)
    29dc:	4bb6      	ldr	r3, [pc, #728]	; (2cb8 <mixer_update_slot+0x5d4>)
    29de:	f893 320c 	ldrb.w	r3, [r3, #524]	; 0x20c
    29e2:	b983      	cbnz	r3, 2a06 <mixer_update_slot+0x322>
					if ((0 == mx_present_head->num_nodes) && (mx.have_full_rank_partner))
    29e4:	4bb4      	ldr	r3, [pc, #720]	; (2cb8 <mixer_update_slot+0x5d4>)
    29e6:	f8b3 31fa 	ldrh.w	r3, [r3, #506]	; 0x1fa
    29ea:	b963      	cbnz	r3, 2a06 <mixer_update_slot+0x322>
    29ec:	4bb2      	ldr	r3, [pc, #712]	; (2cb8 <mixer_update_slot+0x5d4>)
    29ee:	f893 320d 	ldrb.w	r3, [r3, #525]	; 0x20d
    29f2:	b143      	cbz	r3, 2a06 <mixer_update_slot+0x322>
						if (slot_number > mx.discovery_exit_slot)
    29f4:	4bb0      	ldr	r3, [pc, #704]	; (2cb8 <mixer_update_slot+0x5d4>)
    29f6:	f8b3 320a 	ldrh.w	r3, [r3, #522]	; 0x20a
    29fa:	42bb      	cmp	r3, r7
    29fc:	d203      	bcs.n	2a06 <mixer_update_slot+0x322>
					mx.is_shutdown_approved = 1;
    29fe:	4bae      	ldr	r3, [pc, #696]	; (2cb8 <mixer_update_slot+0x5d4>)
    2a00:	2201      	movs	r2, #1
    2a02:	f883 220c 	strb.w	r2, [r3, #524]	; 0x20c
				if ((mx.tx_packet.flags.all & EIT_RADIO_OFF_mask) == EIT_RADIO_OFF_pattern)
    2a06:	4bac      	ldr	r3, [pc, #688]	; (2cb8 <mixer_update_slot+0x5d4>)
    2a08:	f893 30e3 	ldrb.w	r3, [r3, #227]	; 0xe3
    2a0c:	f003 038d 	and.w	r3, r3, #141	; 0x8d
    2a10:	2b81      	cmp	r3, #129	; 0x81
    2a12:	d01d      	beq.n	2a50 <mixer_update_slot+0x36c>
			if (slot_number < mx.discovery_exit_slot)
    2a14:	4ba8      	ldr	r3, [pc, #672]	; (2cb8 <mixer_update_slot+0x5d4>)
    2a16:	f8b3 320a 	ldrh.w	r3, [r3, #522]	; 0x20a
    2a1a:	42bb      	cmp	r3, r7
    2a1c:	d905      	bls.n	2a2a <mixer_update_slot+0x346>
				if (owner_forecast[1].owner_forecast_2)
    2a1e:	4ba7      	ldr	r3, [pc, #668]	; (2cbc <mixer_update_slot+0x5d8>)
    2a20:	785b      	ldrb	r3, [r3, #1]
    2a22:	f013 0f40 	tst.w	r3, #64	; 0x40
    2a26:	f040 8178 	bne.w	2d1a <mixer_update_slot+0x636>
	__asm__ volatile ("strh	%1, %0" : "=m"(*p) : "r"(data));
    2a2a:	4aa3      	ldr	r2, [pc, #652]	; (2cb8 <mixer_update_slot+0x5d4>)
    2a2c:	2300      	movs	r3, #0
    2a2e:	f8a2 322e 	strh.w	r3, [r2, #558]	; 0x22e
				while (/*(is_helper <= 0) &&*/ mx.request.column.any_pending)
    2a32:	f8d2 e228 	ldr.w	lr, [r2, #552]	; 0x228
				pr = &mx.request.column.all_mask[0];
    2a36:	f502 7208 	add.w	r2, r2, #544	; 0x220
				uint_fast_t		help_bitmask = 0;
    2a3a:	461c      	mov	r4, r3
					for (x = *pr++; po < &mx.request.my_row_mask[NUM_ELEMENTS(mx.request.my_row_mask)];)
    2a3c:	f102 0618 	add.w	r6, r2, #24
					is_helper = -1;
    2a40:	f04f 39ff 	mov.w	r9, #4294967295	; 0xffffffff
					pr = &mx.request.column.any_mask[0];
    2a44:	1d10      	adds	r0, r2, #4
					if (ARRAY_INDEX(pr, mx.request.column.any_mask) - 2 < NUM_ELEMENTS(mx.request.column.any_mask))
    2a46:	f06f 0807 	mvn.w	r8, #7
    2a4a:	eba8 0800 	sub.w	r8, r8, r0
				while (/*(is_helper <= 0) &&*/ mx.request.column.any_pending)
    2a4e:	e025      	b.n	2a9c <mixer_update_slot+0x3b8>
						if (all_flags_set(mx.agg_local))
    2a50:	489b      	ldr	r0, [pc, #620]	; (2cc0 <mixer_update_slot+0x5dc>)
    2a52:	f7fd fe27 	bl	6a4 <all_flags_set>
    2a56:	2800      	cmp	r0, #0
    2a58:	d0dc      	beq.n	2a14 <mixer_update_slot+0x330>
							while (!mixer_transport_set_next_slot_task(STOP));
    2a5a:	2402      	movs	r4, #2
    2a5c:	4620      	mov	r0, r4
    2a5e:	f002 f965 	bl	4d2c <mixer_transport_set_next_slot_task>
    2a62:	2800      	cmp	r0, #0
    2a64:	d0fa      	beq.n	2a5c <mixer_update_slot+0x378>
							PT_EXIT(pt);
    2a66:	4b97      	ldr	r3, [pc, #604]	; (2cc4 <mixer_update_slot+0x5e0>)
    2a68:	2200      	movs	r2, #0
    2a6a:	801a      	strh	r2, [r3, #0]
    2a6c:	2002      	movs	r0, #2
    2a6e:	e79e      	b.n	29ae <mixer_update_slot+0x2ca>
							x = *pr++;		// ATTENTION: dirty in the sense of access violation
    2a70:	f851 3b04 	ldr.w	r3, [r1], #4
							po++;
    2a74:	3204      	adds	r2, #4
							continue;
    2a76:	e001      	b.n	2a7c <mixer_update_slot+0x398>
						x &= ~help_bitmask;
    2a78:	ea23 0304 	bic.w	r3, r3, r4
					for (x = *pr++; po < &mx.request.my_row_mask[NUM_ELEMENTS(mx.request.my_row_mask)];)
    2a7c:	42b2      	cmp	r2, r6
    2a7e:	d208      	bcs.n	2a92 <mixer_update_slot+0x3ae>
						if (!x)
    2a80:	2b00      	cmp	r3, #0
    2a82:	d0f5      	beq.n	2a70 <mixer_update_slot+0x38c>
							help_bitmask = x & -x;			// isolate LSB
    2a84:	425c      	negs	r4, r3
    2a86:	401c      	ands	r4, r3
						if (!(*po & help_bitmask))
    2a88:	6815      	ldr	r5, [r2, #0]
    2a8a:	422c      	tst	r4, r5
    2a8c:	d1f4      	bne.n	2a78 <mixer_update_slot+0x394>
					if (po < &mx.request.my_row_mask[NUM_ELEMENTS(mx.request.my_row_mask)])
    2a8e:	42b2      	cmp	r2, r6
    2a90:	d30c      	bcc.n	2aac <mixer_update_slot+0x3c8>
					is_helper = -1;
    2a92:	464b      	mov	r3, r9
					pr = &mx.request.column.any_mask[0];
    2a94:	4602      	mov	r2, r0
					if (ARRAY_INDEX(pr, mx.request.column.any_mask) - 2 < NUM_ELEMENTS(mx.request.column.any_mask))
    2a96:	4441      	add	r1, r8
    2a98:	2903      	cmp	r1, #3
    2a9a:	d939      	bls.n	2b10 <mixer_update_slot+0x42c>
				while (/*(is_helper <= 0) &&*/ mx.request.column.any_pending)
    2a9c:	f1be 0f00 	cmp.w	lr, #0
    2aa0:	d038      	beq.n	2b14 <mixer_update_slot+0x430>
					for (x = *pr++; po < &mx.request.my_row_mask[NUM_ELEMENTS(mx.request.my_row_mask)];)
    2aa2:	4611      	mov	r1, r2
    2aa4:	f851 3b04 	ldr.w	r3, [r1], #4
					uint_fast_t		*po = &mx.request.my_row_mask[0];
    2aa8:	4a87      	ldr	r2, [pc, #540]	; (2cc8 <mixer_update_slot+0x5e4>)
    2aaa:	e7e9      	b.n	2a80 <mixer_update_slot+0x39c>
	asm
    2aac:	fab4 f184 	clz	r1, r4
    2ab0:	f1c1 011f 	rsb	r1, r1, #31
						int16_t help_index = -(1 + ARRAY_INDEX(po, mx.request.my_row_mask) * FAST_T_WIDTH + gpi_get_msb(help_bitmask));
    2ab4:	4884      	ldr	r0, [pc, #528]	; (2cc8 <mixer_update_slot+0x5e4>)
    2ab6:	1a13      	subs	r3, r2, r0
    2ab8:	089b      	lsrs	r3, r3, #2
    2aba:	eb01 1343 	add.w	r3, r1, r3, lsl #5
    2abe:	43db      	mvns	r3, r3
    2ac0:	b29b      	uxth	r3, r3
						mx.request.help_bitmask = help_bitmask;
    2ac2:	f5a0 720d 	sub.w	r2, r0, #564	; 0x234
    2ac6:	f8c2 4230 	str.w	r4, [r2, #560]	; 0x230
    2aca:	f8a2 322e 	strh.w	r3, [r2, #558]	; 0x22e
						is_helper = 1;
    2ace:	2301      	movs	r3, #1
					if (slot_number < mx.discovery_exit_slot)
    2ad0:	4a79      	ldr	r2, [pc, #484]	; (2cb8 <mixer_update_slot+0x5d4>)
    2ad2:	f8b2 020a 	ldrh.w	r0, [r2, #522]	; 0x20a
    2ad6:	42b8      	cmp	r0, r7
    2ad8:	f240 8090 	bls.w	2bfc <mixer_update_slot+0x518>
						is_helper = 0;
    2adc:	2300      	movs	r3, #0
				uint16_t __attribute__((unused)) relative_rank = 0;
    2ade:	4619      	mov	r1, r3
		uint16_t			p = 0;
    2ae0:	461c      	mov	r4, r3
				uint16_t diff = slot_number - last_owner_update;
    2ae2:	4a7a      	ldr	r2, [pc, #488]	; (2ccc <mixer_update_slot+0x5e8>)
    2ae4:	8812      	ldrh	r2, [r2, #0]
    2ae6:	1aba      	subs	r2, r7, r2
    2ae8:	b292      	uxth	r2, r2
				if (diff >= 8 * MX_NUM_NODES)
    2aea:	2a17      	cmp	r2, #23
    2aec:	f200 8097 	bhi.w	2c1e <mixer_update_slot+0x53a>
					while (diff >= MX_NUM_NODES)
    2af0:	2a02      	cmp	r2, #2
    2af2:	d903      	bls.n	2afc <mixer_update_slot+0x418>
						diff -= MX_NUM_NODES;
    2af4:	3a03      	subs	r2, #3
    2af6:	b292      	uxth	r2, r2
					while (diff >= MX_NUM_NODES)
    2af8:	2a02      	cmp	r2, #2
    2afa:	d8fb      	bhi.n	2af4 <mixer_update_slot+0x410>
					owner += diff;
    2afc:	4e74      	ldr	r6, [pc, #464]	; (2cd0 <mixer_update_slot+0x5ec>)
    2afe:	8836      	ldrh	r6, [r6, #0]
    2b00:	4432      	add	r2, r6
    2b02:	b292      	uxth	r2, r2
					if (owner >= MX_NUM_NODES)
    2b04:	2a02      	cmp	r2, #2
						owner -= MX_NUM_NODES;
    2b06:	bf88      	it	hi
    2b08:	3a03      	subhi	r2, #3
    2b0a:	4e71      	ldr	r6, [pc, #452]	; (2cd0 <mixer_update_slot+0x5ec>)
    2b0c:	8032      	strh	r2, [r6, #0]
    2b0e:	e08f      	b.n	2c30 <mixer_update_slot+0x54c>
					is_helper = -1;
    2b10:	f04f 33ff 	mov.w	r3, #4294967295	; 0xffffffff
				while ((is_helper <= 0) && mx.request.row.any_pending)
    2b14:	4a68      	ldr	r2, [pc, #416]	; (2cb8 <mixer_update_slot+0x5d4>)
    2b16:	f8d2 021c 	ldr.w	r0, [r2, #540]	; 0x21c
				pr = &mx.request.row.all_mask[0];
    2b1a:	f502 7205 	add.w	r2, r2, #532	; 0x214
					for (x = *pr++; po < &mx.request.my_row_mask[NUM_ELEMENTS(mx.request.my_row_mask)];)
    2b1e:	f102 0624 	add.w	r6, r2, #36	; 0x24
					is_helper = -1;
    2b22:	f04f 39ff 	mov.w	r9, #4294967295	; 0xffffffff
					pr = &mx.request.row.any_mask[0];
    2b26:	f102 0c04 	add.w	ip, r2, #4
					if (ARRAY_INDEX(pr, mx.request.row.any_mask) - 2 < NUM_ELEMENTS(mx.request.row.any_mask))
    2b2a:	f06f 0807 	mvn.w	r8, #7
    2b2e:	eba8 080c 	sub.w	r8, r8, ip
				while ((is_helper <= 0) && mx.request.row.any_pending)
    2b32:	e016      	b.n	2b62 <mixer_update_slot+0x47e>
							x = *pr++;		// ATTENTION: dirty in the sense of access violation
    2b34:	f851 3b04 	ldr.w	r3, [r1], #4
							po++;
    2b38:	3204      	adds	r2, #4
					for (x = *pr++; po < &mx.request.my_row_mask[NUM_ELEMENTS(mx.request.my_row_mask)];)
    2b3a:	42b2      	cmp	r2, r6
    2b3c:	d20b      	bcs.n	2b56 <mixer_update_slot+0x472>
						if (!x)
    2b3e:	2b00      	cmp	r3, #0
    2b40:	d0f8      	beq.n	2b34 <mixer_update_slot+0x450>
							help_bitmask = x & -x;			// isolate LSB
    2b42:	425c      	negs	r4, r3
    2b44:	401c      	ands	r4, r3
						if (!(*po & help_bitmask))
    2b46:	6815      	ldr	r5, [r2, #0]
    2b48:	422c      	tst	r4, r5
    2b4a:	d002      	beq.n	2b52 <mixer_update_slot+0x46e>
						x &= ~help_bitmask;
    2b4c:	ea23 0304 	bic.w	r3, r3, r4
    2b50:	e7f3      	b.n	2b3a <mixer_update_slot+0x456>
					if (po < &mx.request.my_row_mask[NUM_ELEMENTS(mx.request.my_row_mask)])
    2b52:	42b2      	cmp	r2, r6
    2b54:	d30e      	bcc.n	2b74 <mixer_update_slot+0x490>
					is_helper = -1;
    2b56:	464b      	mov	r3, r9
					pr = &mx.request.row.any_mask[0];
    2b58:	4662      	mov	r2, ip
					if (ARRAY_INDEX(pr, mx.request.row.any_mask) - 2 < NUM_ELEMENTS(mx.request.row.any_mask))
    2b5a:	4441      	add	r1, r8
    2b5c:	2903      	cmp	r1, #3
    2b5e:	f240 8241 	bls.w	2fe4 <mixer_update_slot+0x900>
				while ((is_helper <= 0) && mx.request.row.any_pending)
    2b62:	2b00      	cmp	r3, #0
    2b64:	dcb4      	bgt.n	2ad0 <mixer_update_slot+0x3ec>
    2b66:	2800      	cmp	r0, #0
    2b68:	d03e      	beq.n	2be8 <mixer_update_slot+0x504>
					for (x = *pr++; po < &mx.request.my_row_mask[NUM_ELEMENTS(mx.request.my_row_mask)];)
    2b6a:	4611      	mov	r1, r2
    2b6c:	f851 3b04 	ldr.w	r3, [r1], #4
					uint_fast_t		*po = &mx.request.my_row_mask[0];
    2b70:	4a55      	ldr	r2, [pc, #340]	; (2cc8 <mixer_update_slot+0x5e4>)
    2b72:	e7e4      	b.n	2b3e <mixer_update_slot+0x45a>
    2b74:	fab4 f684 	clz	r6, r4
    2b78:	f1c6 061f 	rsb	r6, r6, #31
						int16_t help_index = ARRAY_INDEX(po, mx.request.my_row_mask) * FAST_T_WIDTH + gpi_get_msb(help_bitmask);
    2b7c:	4952      	ldr	r1, [pc, #328]	; (2cc8 <mixer_update_slot+0x5e4>)
    2b7e:	1a53      	subs	r3, r2, r1
    2b80:	089b      	lsrs	r3, r3, #2
    2b82:	eb06 1343 	add.w	r3, r6, r3, lsl #5
    2b86:	b21e      	sxth	r6, r3
						mx.request.help_bitmask = help_bitmask;
    2b88:	f5a1 730d 	sub.w	r3, r1, #564	; 0x234
    2b8c:	f8c3 4230 	str.w	r4, [r3, #560]	; 0x230
						if (mx.tx_packet.is_ready)
    2b90:	f993 310c 	ldrsb.w	r3, [r3, #268]	; 0x10c
    2b94:	2b00      	cmp	r3, #0
    2b96:	db09      	blt.n	2bac <mixer_update_slot+0x4c8>
						if (help_index >= 0)
    2b98:	2e00      	cmp	r6, #0
    2b9a:	f2c0 8223 	blt.w	2fe4 <mixer_update_slot+0x900>
							gpi_atomic_write(&mx.request.help_index, 1 + help_index);
    2b9e:	1c73      	adds	r3, r6, #1
    2ba0:	b29b      	uxth	r3, r3
    2ba2:	4a45      	ldr	r2, [pc, #276]	; (2cb8 <mixer_update_slot+0x5d4>)
    2ba4:	f8a2 322e 	strh.w	r3, [r2, #558]	; 0x22e
							is_helper = 1;
    2ba8:	2301      	movs	r3, #1
    2baa:	e26d      	b.n	3088 <mixer_update_slot+0x9a4>
							if (mx_get_leading_index(mx.tx_packet.coding_vector) <= help_index)
    2bac:	f5a1 70a8 	sub.w	r0, r1, #336	; 0x150
    2bb0:	f001 f814 	bl	3bdc <mx_get_leading_index>
    2bb4:	42b0      	cmp	r0, r6
    2bb6:	dcef      	bgt.n	2b98 <mixer_update_slot+0x4b4>
	__asm__ volatile
    2bb8:	f3ef 8810 	mrs	r8, PRIMASK
    2bbc:	b672      	cpsid	i
    2bbe:	f3bf 8f5f 	dmb	sy
									if (TX != mixer_transport_get_next_slot_task())
    2bc2:	f002 f8f5 	bl	4db0 <mixer_transport_get_next_slot_task>
    2bc6:	2801      	cmp	r0, #1
    2bc8:	d00b      	beq.n	2be2 <mixer_update_slot+0x4fe>
										mx.tx_packet.is_ready = 0;
    2bca:	4b3b      	ldr	r3, [pc, #236]	; (2cb8 <mixer_update_slot+0x5d4>)
    2bcc:	f893 210c 	ldrb.w	r2, [r3, #268]	; 0x10c
    2bd0:	f36f 12c7 	bfc	r2, #7, #1
    2bd4:	f883 210c 	strb.w	r2, [r3, #268]	; 0x10c
    2bd8:	f3bf 8f5f 	dmb	sy
  __ASM volatile ("MSR primask, %0" : : "r" (priMask) : "memory");
    2bdc:	f388 8810 	msr	PRIMASK, r8
}
    2be0:	e7da      	b.n	2b98 <mixer_update_slot+0x4b4>
									else help_index = -1;
    2be2:	f04f 36ff 	mov.w	r6, #4294967295	; 0xffffffff
    2be6:	e7f7      	b.n	2bd8 <mixer_update_slot+0x4f4>
					if (mx.rank >= MX_GENERATION_SIZE && (is_helper < 0))
    2be8:	4a33      	ldr	r2, [pc, #204]	; (2cb8 <mixer_update_slot+0x5d4>)
    2bea:	f8b2 21c8 	ldrh.w	r2, [r2, #456]	; 0x1c8
    2bee:	2a03      	cmp	r2, #3
    2bf0:	f67f af6e 	bls.w	2ad0 <mixer_update_slot+0x3ec>
    2bf4:	2b00      	cmp	r3, #0
    2bf6:	f6bf af6b 	bge.w	2ad0 <mixer_update_slot+0x3ec>
    2bfa:	e1f8      	b.n	2fee <mixer_update_slot+0x90a>
				if (is_helper != 0)
    2bfc:	2b00      	cmp	r3, #0
    2bfe:	f040 8249 	bne.w	3094 <mixer_update_slot+0x9b0>
				uint16_t __attribute__((unused)) relative_rank = 0;
    2c02:	2100      	movs	r1, #0
		uint16_t			p = 0;
    2c04:	460c      	mov	r4, r1
    2c06:	e76c      	b.n	2ae2 <mixer_update_slot+0x3fe>
						is_helper = 0;
    2c08:	2300      	movs	r3, #0
				uint16_t __attribute__((unused)) relative_rank = 0;
    2c0a:	4619      	mov	r1, r3
		uint16_t			p = 0;
    2c0c:	461c      	mov	r4, r3
    2c0e:	e768      	b.n	2ae2 <mixer_update_slot+0x3fe>
							p = UINT16_MAX;
    2c10:	f64f 74ff 	movw	r4, #65535	; 0xffff
    2c14:	e765      	b.n	2ae2 <mixer_update_slot+0x3fe>
						is_helper = 0;
    2c16:	2300      	movs	r3, #0
				uint16_t __attribute__((unused)) relative_rank = 0;
    2c18:	4619      	mov	r1, r3
		uint16_t			p = 0;
    2c1a:	461c      	mov	r4, r3
    2c1c:	e761      	b.n	2ae2 <mixer_update_slot+0x3fe>
					owner = (slot_number + 1 - 1) % MX_NUM_NODES;
    2c1e:	4a2d      	ldr	r2, [pc, #180]	; (2cd4 <mixer_update_slot+0x5f0>)
    2c20:	fba2 5207 	umull	r5, r2, r2, r7
    2c24:	0852      	lsrs	r2, r2, #1
    2c26:	eb02 0242 	add.w	r2, r2, r2, lsl #1
    2c2a:	1aba      	subs	r2, r7, r2
    2c2c:	4e28      	ldr	r6, [pc, #160]	; (2cd0 <mixer_update_slot+0x5ec>)
    2c2e:	8032      	strh	r2, [r6, #0]
				last_owner_update = slot_number;
    2c30:	4a26      	ldr	r2, [pc, #152]	; (2ccc <mixer_update_slot+0x5e8>)
    2c32:	8017      	strh	r7, [r2, #0]
				if (owner == mx.tx_packet.sender_id)
    2c34:	4a26      	ldr	r2, [pc, #152]	; (2cd0 <mixer_update_slot+0x5ec>)
    2c36:	8816      	ldrh	r6, [r2, #0]
    2c38:	4a1f      	ldr	r2, [pc, #124]	; (2cb8 <mixer_update_slot+0x5d4>)
    2c3a:	f892 20e2 	ldrb.w	r2, [r2, #226]	; 0xe2
    2c3e:	42b2      	cmp	r2, r6
    2c40:	d009      	beq.n	2c56 <mixer_update_slot+0x572>
			if (mx.events & BV(TX_READY))
    2c42:	4a1d      	ldr	r2, [pc, #116]	; (2cb8 <mixer_update_slot+0x5d4>)
    2c44:	f8d2 211c 	ldr.w	r2, [r2, #284]	; 0x11c
    2c48:	f012 0f04 	tst.w	r2, #4
    2c4c:	d017      	beq.n	2c7e <mixer_update_slot+0x59a>
				if (slot_number == 1)
    2c4e:	2f01      	cmp	r7, #1
    2c50:	d05a      	beq.n	2d08 <mixer_update_slot+0x624>
		next_task = RX;
    2c52:	2000      	movs	r0, #0
    2c54:	e676      	b.n	2944 <mixer_update_slot+0x260>
						if (is_helper < 0)
    2c56:	2b00      	cmp	r3, #0
    2c58:	db08      	blt.n	2c6c <mixer_update_slot+0x588>
					p = UINT16_MAX;
    2c5a:	f64f 74ff 	movw	r4, #65535	; 0xffff
		if (p && (mixer_rand() <= p))
    2c5e:	f000 fef5 	bl	3a4c <mixer_rand>
		next_task = RX;
    2c62:	42a0      	cmp	r0, r4
    2c64:	bf8c      	ite	hi
    2c66:	2000      	movhi	r0, #0
    2c68:	2001      	movls	r0, #1
    2c6a:	e66b      	b.n	2944 <mixer_update_slot+0x260>
	return (uint32_t)a * (uint32_t)b;
    2c6c:	fb01 f404 	mul.w	r4, r1, r4
							p = (gpi_mulu_16x16(p, relative_rank) >> 16) - relative_rank;
    2c70:	ebc1 4114 	rsb	r1, r1, r4, lsr #16
    2c74:	b28c      	uxth	r4, r1
		if (p && (mixer_rand() <= p))
    2c76:	2c00      	cmp	r4, #0
    2c78:	d1f1      	bne.n	2c5e <mixer_update_slot+0x57a>
		next_task = RX;
    2c7a:	2000      	movs	r0, #0
    2c7c:	e662      	b.n	2944 <mixer_update_slot+0x260>
					if ((slot_number + 1 < MX_GENERATION_SIZE) && (0 == mx.matrix[slot_number].birth_slot))
    2c7e:	f107 0c01 	add.w	ip, r7, #1
    2c82:	f1bc 0f03 	cmp.w	ip, #3
    2c86:	d808      	bhi.n	2c9a <mixer_update_slot+0x5b6>
    2c88:	eb07 0e87 	add.w	lr, r7, r7, lsl #2
    2c8c:	4a0a      	ldr	r2, [pc, #40]	; (2cb8 <mixer_update_slot+0x5d4>)
    2c8e:	eb02 02ce 	add.w	r2, r2, lr, lsl #3
    2c92:	f8b2 2128 	ldrh.w	r2, [r2, #296]	; 0x128
    2c96:	2a00      	cmp	r2, #0
    2c98:	d039      	beq.n	2d0e <mixer_update_slot+0x62a>
				if (mx.history[owner].list_id != ARRAY_INDEX(mx_absent_head, mx.history) - MX_NUM_NODES)
    2c9a:	4a07      	ldr	r2, [pc, #28]	; (2cb8 <mixer_update_slot+0x5d4>)
    2c9c:	eb02 06c6 	add.w	r6, r2, r6, lsl #3
    2ca0:	f896 21da 	ldrb.w	r2, [r6, #474]	; 0x1da
    2ca4:	f012 0f03 	tst.w	r2, #3
    2ca8:	d016      	beq.n	2cd8 <mixer_update_slot+0x5f4>
						if (is_helper != 0)
    2caa:	2b00      	cmp	r3, #0
    2cac:	d037      	beq.n	2d1e <mixer_update_slot+0x63a>
    2cae:	fb01 f404 	mul.w	r4, r1, r4
							p = gpi_mulu_16x16(p, relative_rank) >> 16;
    2cb2:	0c24      	lsrs	r4, r4, #16
    2cb4:	e7df      	b.n	2c76 <mixer_update_slot+0x592>
    2cb6:	bf00      	nop
    2cb8:	2000017c 	.word	0x2000017c
    2cbc:	20000428 	.word	0x20000428
    2cc0:	200003d4 	.word	0x200003d4
    2cc4:	20000430 	.word	0x20000430
    2cc8:	200003b0 	.word	0x200003b0
    2ccc:	20000424 	.word	0x20000424
    2cd0:	20000426 	.word	0x20000426
    2cd4:	aaaaaaab 	.word	0xaaaaaaab
				if (slot_number + 1 < mx.discovery_exit_slot)
    2cd8:	4584      	cmp	ip, r0
    2cda:	da0a      	bge.n	2cf2 <mixer_update_slot+0x60e>
					uint16_t s = slot_number - mx.wake_up_slot;
    2cdc:	4bb7      	ldr	r3, [pc, #732]	; (2fbc <mixer_update_slot+0x8d8>)
    2cde:	f8b3 3208 	ldrh.w	r3, [r3, #520]	; 0x208
    2ce2:	1afb      	subs	r3, r7, r3
    2ce4:	b29b      	uxth	r3, r3
						if (s < ((0x10000 - (MX_DISCOVERY_PTX / 2) + 0x3fff) >> 14))
    2ce6:	2b03      	cmp	r3, #3
    2ce8:	d814      	bhi.n	2d14 <mixer_update_slot+0x630>
							p = UINT16_MAX - gpi_slu(s, 14);
    2cea:	ea6f 3383 	mvn.w	r3, r3, lsl #14
    2cee:	b29c      	uxth	r4, r3
		if (p && (mixer_rand() <= p))
    2cf0:	e7b5      	b.n	2c5e <mixer_update_slot+0x57a>
				if (is_helper != 0)
    2cf2:	2b00      	cmp	r3, #0
    2cf4:	d1bf      	bne.n	2c76 <mixer_update_slot+0x592>
					p = gpi_divu_16x8(p, density + 1, 0) << 8;
    2cf6:	f10a 0501 	add.w	r5, sl, #1

static ALWAYS_INLINE uint16_t gpi_divu_16x8(uint16_t x, uint8_t d, int accurate)
{
	register uint32_t	r;

	asm("udiv %0, %1, %2" : "=r"(r) : "r"(x), "r"(d));
    2cfa:	f44f 7480 	mov.w	r4, #256	; 0x100
    2cfe:	fbb4 f4f5 	udiv	r4, r4, r5
    2d02:	0224      	lsls	r4, r4, #8
    2d04:	b2a4      	uxth	r4, r4
					GPI_TRACE_MSG(TRACE_VERBOSE, "tx decision age: %" PRIu16 ", density: %" PRIu16, age, density);
    2d06:	e7b6      	b.n	2c76 <mixer_update_slot+0x592>
					p = UINT16_MAX;
    2d08:	f64f 74ff 	movw	r4, #65535	; 0xffff
    2d0c:	e7a7      	b.n	2c5e <mixer_update_slot+0x57a>
						p = UINT16_MAX;
    2d0e:	f64f 74ff 	movw	r4, #65535	; 0xffff
    2d12:	e7a4      	b.n	2c5e <mixer_update_slot+0x57a>
						else p = (MX_DISCOVERY_PTX / 2);
    2d14:	f642 54ea 	movw	r4, #11754	; 0x2dea
    2d18:	e7a1      	b.n	2c5e <mixer_update_slot+0x57a>
		next_task = RX;
    2d1a:	2000      	movs	r0, #0
    2d1c:	e612      	b.n	2944 <mixer_update_slot+0x260>
    2d1e:	2000      	movs	r0, #0
    2d20:	e610      	b.n	2944 <mixer_update_slot+0x260>
			if (!mx.tx_packet.is_ready)
    2d22:	f5a3 738e 	sub.w	r3, r3, #284	; 0x11c
    2d26:	f993 310c 	ldrsb.w	r3, [r3, #268]	; 0x10c
    2d2a:	2b00      	cmp	r3, #0
    2d2c:	f6ff ae1e 	blt.w	296c <mixer_update_slot+0x288>
	__asm__ volatile
    2d30:	f3ef 8310 	mrs	r3, PRIMASK
    2d34:	b672      	cpsid	i
  __ASM volatile ("dmb 0xF":::"memory");
    2d36:	f3bf 8f5f 	dmb	sy
				if (NULL == mx.tx_sideload)
    2d3a:	4aa0      	ldr	r2, [pc, #640]	; (2fbc <mixer_update_slot+0x8d8>)
    2d3c:	f8d2 2110 	ldr.w	r2, [r2, #272]	; 0x110
    2d40:	b122      	cbz	r2, 2d4c <mixer_update_slot+0x668>
    2d42:	f3bf 8f5f 	dmb	sy
  __ASM volatile ("MSR primask, %0" : : "r" (priMask) : "memory");
    2d46:	f383 8810 	msr	PRIMASK, r3
}
    2d4a:	e60f      	b.n	296c <mixer_update_slot+0x288>
					mx.tx_sideload = &(mx.tx_reserve->coding_vector_8[0]);
    2d4c:	499b      	ldr	r1, [pc, #620]	; (2fbc <mixer_update_slot+0x8d8>)
    2d4e:	f8d1 2114 	ldr.w	r2, [r1, #276]	; 0x114
    2d52:	3204      	adds	r2, #4
    2d54:	f8c1 2110 	str.w	r2, [r1, #272]	; 0x110
    2d58:	e7f3      	b.n	2d42 <mixer_update_slot+0x65e>
			mx.tx_packet.is_valid = 1;
    2d5a:	4b98      	ldr	r3, [pc, #608]	; (2fbc <mixer_update_slot+0x8d8>)
    2d5c:	f893 210c 	ldrb.w	r2, [r3, #268]	; 0x10c
    2d60:	f042 0240 	orr.w	r2, r2, #64	; 0x40
    2d64:	f883 210c 	strb.w	r2, [r3, #268]	; 0x10c
	assert_msg(NULL != mx.tx_reserve, "Tx without data -> must not happen");
    2d68:	f8d3 3114 	ldr.w	r3, [r3, #276]	; 0x114
    2d6c:	b1eb      	cbz	r3, 2daa <mixer_update_slot+0x6c6>
	pp[pp_used++] = &mx.tx_packet.coding_vector;
    2d6e:	4b94      	ldr	r3, [pc, #592]	; (2fc0 <mixer_update_slot+0x8dc>)
    2d70:	9302      	str	r3, [sp, #8]
	if (mx.next_own_row < &mx.matrix[NUM_ELEMENTS(mx.matrix)])
    2d72:	f8d3 20ec 	ldr.w	r2, [r3, #236]	; 0xec
    2d76:	33e4      	adds	r3, #228	; 0xe4
    2d78:	429a      	cmp	r2, r3
    2d7a:	d278      	bcs.n	2e6e <mixer_update_slot+0x78a>
		if (mx.request.help_index <= 0)
    2d7c:	f5a3 73e4 	sub.w	r3, r3, #456	; 0x1c8
    2d80:	f9b3 322e 	ldrsh.w	r3, [r3, #558]	; 0x22e
    2d84:	2b00      	cmp	r3, #0
    2d86:	dd17      	ble.n	2db8 <mixer_update_slot+0x6d4>
				help_row = &mx.matrix[mx.request.help_index - 1];
    2d88:	3b01      	subs	r3, #1
    2d8a:	eb03 0383 	add.w	r3, r3, r3, lsl #2
    2d8e:	4e8d      	ldr	r6, [pc, #564]	; (2fc4 <mixer_update_slot+0x8e0>)
    2d90:	eb06 06c3 	add.w	r6, r6, r3, lsl #3
		Matrix_Row	*help_row = 0;
    2d94:	2501      	movs	r5, #1
    2d96:	f04f 0900 	mov.w	r9, #0
		for (p = &mx.matrix[0]; p < &mx.matrix[NUM_ELEMENTS(mx.matrix)]; p++)
    2d9a:	4c8a      	ldr	r4, [pc, #552]	; (2fc4 <mixer_update_slot+0x8e0>)
				if (!(r < LUT[MIN(mx.slot_number - p->birth_slot, NUM_ELEMENTS(LUT) - 1)]))
    2d9c:	f5a4 7a94 	sub.w	sl, r4, #296	; 0x128
		__DMB();
		__ISB();
	}

	// call core loop
	memxor_block_core(dest, src, size);
    2da0:	f1a4 0b44 	sub.w	fp, r4, #68	; 0x44
		for (p = &mx.matrix[0]; p < &mx.matrix[NUM_ELEMENTS(mx.matrix)]; p++)
    2da4:	f104 08a0 	add.w	r8, r4, #160	; 0xa0
    2da8:	e071      	b.n	2e8e <mixer_update_slot+0x7aa>
	assert_msg(NULL != mx.tx_reserve, "Tx without data -> must not happen");
    2daa:	f240 224b 	movw	r2, #587	; 0x24b
    2dae:	4986      	ldr	r1, [pc, #536]	; (2fc8 <mixer_update_slot+0x8e4>)
    2db0:	4886      	ldr	r0, [pc, #536]	; (2fcc <mixer_update_slot+0x8e8>)
    2db2:	f002 f807 	bl	4dc4 <__assert>
    2db6:	e7da      	b.n	2d6e <mixer_update_slot+0x68a>
		uint8_t			*d = p + sizeof_member(Matrix_Row, coding_vector_8);
		uint8_t			*s = d + sizeof_member(Matrix_Row, payload_8);
		unsigned int	i;

		for (i = offsetof(Matrix_Row, payload) - offsetof(Matrix_Row, payload_8); i-- > 0;)
			*d++ = *s++;
    2db8:	f892 3025 	ldrb.w	r3, [r2, #37]	; 0x25
    2dbc:	7153      	strb	r3, [r2, #5]
    2dbe:	f892 3026 	ldrb.w	r3, [r2, #38]	; 0x26
    2dc2:	7193      	strb	r3, [r2, #6]
    2dc4:	f892 3027 	ldrb.w	r3, [r2, #39]	; 0x27
    2dc8:	71d3      	strb	r3, [r2, #7]
		pp[pp_used++] = &(p->coding_vector);
    2dca:	3204      	adds	r2, #4
    2dcc:	9203      	str	r2, [sp, #12]
		while (++mx.next_own_row < &mx.matrix[NUM_ELEMENTS(mx.matrix)])
    2dce:	497b      	ldr	r1, [pc, #492]	; (2fbc <mixer_update_slot+0x8d8>)
    2dd0:	f501 70e4 	add.w	r0, r1, #456	; 0x1c8
    2dd4:	f8d1 21d0 	ldr.w	r2, [r1, #464]	; 0x1d0
    2dd8:	f102 0328 	add.w	r3, r2, #40	; 0x28
    2ddc:	f8c1 31d0 	str.w	r3, [r1, #464]	; 0x1d0
    2de0:	4283      	cmp	r3, r0
    2de2:	d204      	bcs.n	2dee <mixer_update_slot+0x70a>
			if (0 == mx.next_own_row->birth_slot)
    2de4:	8d13      	ldrh	r3, [r2, #40]	; 0x28
    2de6:	2b00      	cmp	r3, #0
    2de8:	d1f4      	bne.n	2dd4 <mixer_update_slot+0x6f0>
    2dea:	2502      	movs	r5, #2
    2dec:	e000      	b.n	2df0 <mixer_update_slot+0x70c>
    2dee:	2502      	movs	r5, #2
		ins.w = (uint32_t*)((uintptr_t)&memxor_block_core & ~1u);
    2df0:	4c77      	ldr	r4, [pc, #476]	; (2fd0 <mixer_update_slot+0x8ec>)
    2df2:	f024 0401 	bic.w	r4, r4, #1
		loop_start = 18 - ((num_src + 1) / 2) * 4;
    2df6:	1c6b      	adds	r3, r5, #1
    2df8:	eb03 73d3 	add.w	r3, r3, r3, lsr #31
    2dfc:	105b      	asrs	r3, r3, #1
    2dfe:	009b      	lsls	r3, r3, #2
    2e00:	f1c3 0312 	rsb	r3, r3, #18
		if (num_src & 1)
    2e04:	f015 0501 	ands.w	r5, r5, #1
    2e08:	f000 80cb 	beq.w	2fa2 <mixer_update_slot+0x8be>
			loop_start += 2;
    2e0c:	1c9e      	adds	r6, r3, #2
			ins.w[loop_start + 1] = ins.w[2];
    2e0e:	3303      	adds	r3, #3
    2e10:	68a2      	ldr	r2, [r4, #8]
    2e12:	f844 2023 	str.w	r2, [r4, r3, lsl #2]
		ins.h[4] = 0xe000 | ((loop_start - 3) * 2);
    2e16:	1ef3      	subs	r3, r6, #3
    2e18:	ea6f 5303 	mvn.w	r3, r3, lsl #20
    2e1c:	ea6f 43d3 	mvn.w	r3, r3, lsr #19
    2e20:	8123      	strh	r3, [r4, #8]
		ins.h[43] = 0xa800 | (((loop_start - 22) * 2) & 0x07ff);
    2e22:	f1a6 0216 	sub.w	r2, r6, #22
    2e26:	f240 73fe 	movw	r3, #2046	; 0x7fe
    2e2a:	ea03 0342 	and.w	r3, r3, r2, lsl #1
    2e2e:	f443 4328 	orr.w	r3, r3, #43008	; 0xa800
    2e32:	f8a4 3056 	strh.w	r3, [r4, #86]	; 0x56
  __ASM volatile ("dmb 0xF":::"memory");
    2e36:	f3bf 8f5f 	dmb	sy
  __ASM volatile ("isb 0xF":::"memory");
    2e3a:	f3bf 8f6f 	isb	sy
	memxor_block_core(dest, src, size);
    2e3e:	2221      	movs	r2, #33	; 0x21
    2e40:	a902      	add	r1, sp, #8
    2e42:	485f      	ldr	r0, [pc, #380]	; (2fc0 <mixer_update_slot+0x8dc>)
    2e44:	f002 fd34 	bl	58b0 <__memxor_block_core_veneer>
		// for the reason see comment above
		// ins.h[1] = 0x1ff0;
		// ins.h[45] = 0x1ff0;
		// ins.h[3] = 0x1fe0;

		if (num_src & 1)
    2e48:	2d00      	cmp	r5, #0
    2e4a:	f000 80af 	beq.w	2fac <mixer_update_slot+0x8c8>
			ins.w[loop_start + 1] = 0x0104ea81;
    2e4e:	3601      	adds	r6, #1
    2e50:	4b60      	ldr	r3, [pc, #384]	; (2fd4 <mixer_update_slot+0x8f0>)
    2e52:	f844 3026 	str.w	r3, [r4, r6, lsl #2]
		else
			ins.w[loop_start] = 0x0103ea81;

		ins.h[4] = 0xf8d0;
    2e56:	f64f 03d0 	movw	r3, #63696	; 0xf8d0
    2e5a:	8123      	strh	r3, [r4, #8]
		ins.h[43] = 0xafd8;
    2e5c:	f64a 73d8 	movw	r3, #45016	; 0xafd8
    2e60:	f8a4 3056 	strh.w	r3, [r4, #86]	; 0x56
  __ASM volatile ("dmb 0xF":::"memory");
    2e64:	f3bf 8f5f 	dmb	sy
  __ASM volatile ("isb 0xF":::"memory");
    2e68:	f3bf 8f6f 	isb	sy
}
    2e6c:	e03f      	b.n	2eee <mixer_update_slot+0x80a>
			if (mx.request.help_index > 0)
    2e6e:	4b53      	ldr	r3, [pc, #332]	; (2fbc <mixer_update_slot+0x8d8>)
    2e70:	f9b3 322e 	ldrsh.w	r3, [r3, #558]	; 0x22e
    2e74:	2b00      	cmp	r3, #0
    2e76:	dc87      	bgt.n	2d88 <mixer_update_slot+0x6a4>
		Matrix_Row	*help_row = 0;
    2e78:	2600      	movs	r6, #0
    2e7a:	e78b      	b.n	2d94 <mixer_update_slot+0x6b0>
	memxor_block_core(dest, src, size);
    2e7c:	2221      	movs	r2, #33	; 0x21
    2e7e:	a902      	add	r1, sp, #8
    2e80:	4658      	mov	r0, fp
    2e82:	f002 fd15 	bl	58b0 <__memxor_block_core_veneer>
				pp_used = 0;
    2e86:	2500      	movs	r5, #0
		for (p = &mx.matrix[0]; p < &mx.matrix[NUM_ELEMENTS(mx.matrix)]; p++)
    2e88:	3428      	adds	r4, #40	; 0x28
    2e8a:	4544      	cmp	r4, r8
    2e8c:	d028      	beq.n	2ee0 <mixer_update_slot+0x7fc>
			if (UINT16_MAX == p->birth_slot)
    2e8e:	8822      	ldrh	r2, [r4, #0]
    2e90:	f64f 73ff 	movw	r3, #65535	; 0xffff
    2e94:	429a      	cmp	r2, r3
    2e96:	d0f7      	beq.n	2e88 <mixer_update_slot+0x7a4>
				if (p <= help_row)
    2e98:	42a6      	cmp	r6, r4
    2e9a:	d2f5      	bcs.n	2e88 <mixer_update_slot+0x7a4>
			uint16_t r = mixer_rand();
    2e9c:	f000 fdd6 	bl	3a4c <mixer_rand>
			if (!(r & 7))
    2ea0:	f010 0f07 	tst.w	r0, #7
				mx.tx_reserve = p;
    2ea4:	bf08      	it	eq
    2ea6:	f8ca 4114 	streq.w	r4, [sl, #276]	; 0x114
				if (!(r < LUT[MIN(mx.slot_number - p->birth_slot, NUM_ELEMENTS(LUT) - 1)]))
    2eaa:	f8ba 3118 	ldrh.w	r3, [sl, #280]	; 0x118
    2eae:	f410 4f00 	tst.w	r0, #32768	; 0x8000
    2eb2:	d1e9      	bne.n	2e88 <mixer_update_slot+0x7a4>
			used++;
    2eb4:	f109 0901 	add.w	r9, r9, #1
    2eb8:	f894 3025 	ldrb.w	r3, [r4, #37]	; 0x25
    2ebc:	7163      	strb	r3, [r4, #5]
    2ebe:	f894 3026 	ldrb.w	r3, [r4, #38]	; 0x26
    2ec2:	71a3      	strb	r3, [r4, #6]
    2ec4:	f894 3027 	ldrb.w	r3, [r4, #39]	; 0x27
    2ec8:	71e3      	strb	r3, [r4, #7]
			pp[pp_used++] = &(p->coding_vector);
    2eca:	1c69      	adds	r1, r5, #1
    2ecc:	ab0a      	add	r3, sp, #40	; 0x28
    2ece:	eb03 0385 	add.w	r3, r3, r5, lsl #2
    2ed2:	1d22      	adds	r2, r4, #4
    2ed4:	f843 2c20 	str.w	r2, [r3, #-32]
			if(NUM_ELEMENTS(pp) == pp_used)
    2ed8:	2d07      	cmp	r5, #7
    2eda:	d0cf      	beq.n	2e7c <mixer_update_slot+0x798>
			pp[pp_used++] = &(p->coding_vector);
    2edc:	460d      	mov	r5, r1
    2ede:	e7d3      	b.n	2e88 <mixer_update_slot+0x7a4>
		if (!used && !help_row)
    2ee0:	f1b9 0f00 	cmp.w	r9, #0
    2ee4:	d101      	bne.n	2eea <mixer_update_slot+0x806>
    2ee6:	2e00      	cmp	r6, #0
    2ee8:	d037      	beq.n	2f5a <mixer_update_slot+0x876>
	if (pp_used)
    2eea:	2d00      	cmp	r5, #0
    2eec:	d149      	bne.n	2f82 <mixer_update_slot+0x89e>
			if (!mx.tx_packet.is_valid)
    2eee:	4b33      	ldr	r3, [pc, #204]	; (2fbc <mixer_update_slot+0x8d8>)
    2ef0:	f893 310c 	ldrb.w	r3, [r3, #268]	; 0x10c
    2ef4:	f013 0f40 	tst.w	r3, #64	; 0x40
    2ef8:	f43f ad47 	beq.w	298a <mixer_update_slot+0x2a6>
				uint8_t r = mixer_rand();
    2efc:	f000 fda6 	bl	3a4c <mixer_rand>
    2f00:	4601      	mov	r1, r0
	__asm__ volatile
    2f02:	f3ef 8010 	mrs	r0, PRIMASK
    2f06:	b672      	cpsid	i
  __ASM volatile ("dmb 0xF":::"memory");
    2f08:	f3bf 8f5f 	dmb	sy
				if (mx.tx_packet.is_valid)
    2f0c:	4b2b      	ldr	r3, [pc, #172]	; (2fbc <mixer_update_slot+0x8d8>)
    2f0e:	f893 310c 	ldrb.w	r3, [r3, #268]	; 0x10c
    2f12:	f013 0f40 	tst.w	r3, #64	; 0x40
    2f16:	d01b      	beq.n	2f50 <mixer_update_slot+0x86c>
					mx.tx_packet.rand = r;
    2f18:	4b28      	ldr	r3, [pc, #160]	; (2fbc <mixer_update_slot+0x8d8>)
    2f1a:	f893 210c 	ldrb.w	r2, [r3, #268]	; 0x10c
    2f1e:	f361 0205 	bfi	r2, r1, #0, #6
					mx.tx_packet.is_ready = 1;
    2f22:	f062 027f 	orn	r2, r2, #127	; 0x7f
    2f26:	f883 210c 	strb.w	r2, [r3, #268]	; 0x10c
					if (((uintptr_t)mx.tx_sideload - (uintptr_t)&mx.matrix < sizeof(mx.matrix)) &&
    2f2a:	f8d3 2110 	ldr.w	r2, [r3, #272]	; 0x110
    2f2e:	f503 7394 	add.w	r3, r3, #296	; 0x128
    2f32:	1ad3      	subs	r3, r2, r3
    2f34:	2b9f      	cmp	r3, #159	; 0x9f
    2f36:	d80b      	bhi.n	2f50 <mixer_update_slot+0x86c>
						(Matrix_Row*)(mx.tx_sideload - offsetof(Matrix_Row, coding_vector)) != mx.empty_row)
    2f38:	4a20      	ldr	r2, [pc, #128]	; (2fbc <mixer_update_slot+0x8d8>)
    2f3a:	f8d2 3110 	ldr.w	r3, [r2, #272]	; 0x110
    2f3e:	3b04      	subs	r3, #4
					if (((uintptr_t)mx.tx_sideload - (uintptr_t)&mx.matrix < sizeof(mx.matrix)) &&
    2f40:	f8d2 21cc 	ldr.w	r2, [r2, #460]	; 0x1cc
    2f44:	429a      	cmp	r2, r3
    2f46:	d003      	beq.n	2f50 <mixer_update_slot+0x86c>
						mx.tx_sideload = NULL;
    2f48:	4b1c      	ldr	r3, [pc, #112]	; (2fbc <mixer_update_slot+0x8d8>)
    2f4a:	2200      	movs	r2, #0
    2f4c:	f8c3 2110 	str.w	r2, [r3, #272]	; 0x110
    2f50:	f3bf 8f5f 	dmb	sy
  __ASM volatile ("MSR primask, %0" : : "r" (priMask) : "memory");
    2f54:	f380 8810 	msr	PRIMASK, r0
}
    2f58:	e517      	b.n	298a <mixer_update_slot+0x2a6>
		p = (Matrix_Row*)mx.tx_reserve;
    2f5a:	4b18      	ldr	r3, [pc, #96]	; (2fbc <mixer_update_slot+0x8d8>)
    2f5c:	f8d3 3114 	ldr.w	r3, [r3, #276]	; 0x114
    2f60:	f893 2025 	ldrb.w	r2, [r3, #37]	; 0x25
    2f64:	715a      	strb	r2, [r3, #5]
    2f66:	f893 2026 	ldrb.w	r2, [r3, #38]	; 0x26
    2f6a:	719a      	strb	r2, [r3, #6]
    2f6c:	f893 2027 	ldrb.w	r2, [r3, #39]	; 0x27
    2f70:	71da      	strb	r2, [r3, #7]
		pp[pp_used++] = &(p->coding_vector);
    2f72:	aa0a      	add	r2, sp, #40	; 0x28
    2f74:	eb02 0285 	add.w	r2, r2, r5, lsl #2
    2f78:	3304      	adds	r3, #4
    2f7a:	f842 3c20 	str.w	r3, [r2, #-32]
    2f7e:	3501      	adds	r5, #1
    2f80:	e7b3      	b.n	2eea <mixer_update_slot+0x806>
	assert(num_src <= MEMXOR_BLOCKSIZE);
    2f82:	2d08      	cmp	r5, #8
    2f84:	dd0a      	ble.n	2f9c <mixer_update_slot+0x8b8>
    2f86:	2287      	movs	r2, #135	; 0x87
    2f88:	4913      	ldr	r1, [pc, #76]	; (2fd8 <mixer_update_slot+0x8f4>)
    2f8a:	4814      	ldr	r0, [pc, #80]	; (2fdc <mixer_update_slot+0x8f8>)
    2f8c:	f001 ff1a 	bl	4dc4 <__assert>
	memxor_block_core(dest, src, size);
    2f90:	2221      	movs	r2, #33	; 0x21
    2f92:	a902      	add	r1, sp, #8
    2f94:	480a      	ldr	r0, [pc, #40]	; (2fc0 <mixer_update_slot+0x8dc>)
    2f96:	f002 fc8b 	bl	58b0 <__memxor_block_core_veneer>
	if (num_src < MEMXOR_BLOCKSIZE)
    2f9a:	e7a8      	b.n	2eee <mixer_update_slot+0x80a>
	if (num_src < MEMXOR_BLOCKSIZE)
    2f9c:	2d07      	cmp	r5, #7
    2f9e:	dcf7      	bgt.n	2f90 <mixer_update_slot+0x8ac>
    2fa0:	e726      	b.n	2df0 <mixer_update_slot+0x70c>
			ins.w[loop_start] = ins.w[2];
    2fa2:	68a2      	ldr	r2, [r4, #8]
    2fa4:	f844 2023 	str.w	r2, [r4, r3, lsl #2]
		loop_start = 18 - ((num_src + 1) / 2) * 4;
    2fa8:	461e      	mov	r6, r3
    2faa:	e734      	b.n	2e16 <mixer_update_slot+0x732>
			ins.w[loop_start] = 0x0103ea81;
    2fac:	4b0c      	ldr	r3, [pc, #48]	; (2fe0 <mixer_update_slot+0x8fc>)
    2fae:	f844 3026 	str.w	r3, [r4, r6, lsl #2]
    2fb2:	e750      	b.n	2e56 <mixer_update_slot+0x772>
			mx_purge_history();
    2fb4:	f7ff fa8a 	bl	24cc <mx_purge_history>
    2fb8:	e4ed      	b.n	2996 <mixer_update_slot+0x2b2>
    2fba:	bf00      	nop
    2fbc:	2000017c 	.word	0x2000017c
    2fc0:	20000260 	.word	0x20000260
    2fc4:	200002a4 	.word	0x200002a4
    2fc8:	00006390 	.word	0x00006390
    2fcc:	000063f8 	.word	0x000063f8
    2fd0:	2000002b 	.word	0x2000002b
    2fd4:	0104ea81 	.word	0x0104ea81
    2fd8:	0000641c 	.word	0x0000641c
    2fdc:	00006474 	.word	0x00006474
    2fe0:	0103ea81 	.word	0x0103ea81
					if (mx.rank >= MX_GENERATION_SIZE && (is_helper < 0))
    2fe4:	4b3d      	ldr	r3, [pc, #244]	; (30dc <mixer_update_slot+0x9f8>)
    2fe6:	f8b3 31c8 	ldrh.w	r3, [r3, #456]	; 0x1c8
    2fea:	2b03      	cmp	r3, #3
    2fec:	d94a      	bls.n	3084 <mixer_update_slot+0x9a0>
	__asm__ volatile ("strh	%1, %0" : "=m"(*p) : "r"(data));
    2fee:	4b3b      	ldr	r3, [pc, #236]	; (30dc <mixer_update_slot+0x9f8>)
    2ff0:	f44f 4200 	mov.w	r2, #32768	; 0x8000
    2ff4:	f8a3 222e 	strh.w	r2, [r3, #558]	; 0x22e
					if (slot_number < mx.discovery_exit_slot)
    2ff8:	f8b3 020a 	ldrh.w	r0, [r3, #522]	; 0x20a
    2ffc:	4287      	cmp	r7, r0
    2ffe:	f4ff ae03 	bcc.w	2c08 <mixer_update_slot+0x524>
					relative_rank = gpi_mulu_16x16(mx.rank, 0xffff / MX_GENERATION_SIZE);
    3002:	4b36      	ldr	r3, [pc, #216]	; (30dc <mixer_update_slot+0x9f8>)
	return (uint32_t)a * (uint32_t)b;
    3004:	f8b3 11c8 	ldrh.w	r1, [r3, #456]	; 0x1c8
    3008:	ebc1 3181 	rsb	r1, r1, r1, lsl #14
    300c:	b289      	uxth	r1, r1
						n += mx_finished_head->num_nodes;
    300e:	f8b3 6202 	ldrh.w	r6, [r3, #514]	; 0x202
						is_helper = 1;
    3012:	2301      	movs	r3, #1
						n++;
    3014:	3601      	adds	r6, #1
							if (mx.request.help_index != INT16_MIN)
    3016:	4a31      	ldr	r2, [pc, #196]	; (30dc <mixer_update_slot+0x9f8>)
    3018:	f9b2 222e 	ldrsh.w	r2, [r2, #558]	; 0x22e
    301c:	f512 4f00 	cmn.w	r2, #32768	; 0x8000
    3020:	d027      	beq.n	3072 <mixer_update_slot+0x98e>
							uint_fast16_t i = (ABS(mx.request.help_index) - 1) / (8 * sizeof_member(Node, row_map[0]));
    3022:	ea82 7ce2 	eor.w	ip, r2, r2, asr #31
    3026:	ebac 7ce2 	sub.w	ip, ip, r2, asr #31
    302a:	fa1f fc8c 	uxth.w	ip, ip
    302e:	f10c 3cff 	add.w	ip, ip, #4294967295	; 0xffffffff
    3032:	ea4f 1c5c 	mov.w	ip, ip, lsr #5
							for (p = &mx.history[mx_present_head->next]; p != mx_present_head; p = &mx.history[p->next])
    3036:	f8df e0a4 	ldr.w	lr, [pc, #164]	; 30dc <mixer_update_slot+0x9f8>
    303a:	f89e 21f9 	ldrb.w	r2, [lr, #505]	; 0x1f9
    303e:	323b      	adds	r2, #59	; 0x3b
    3040:	eb0e 02c2 	add.w	r2, lr, r2, lsl #3
    3044:	f50e 7efc 	add.w	lr, lr, #504	; 0x1f8
    3048:	4572      	cmp	r2, lr
    304a:	d012      	beq.n	3072 <mixer_update_slot+0x98e>
								if (!(p->row_map[i] & help_bitmask))
    304c:	ea4f 0c8c 	mov.w	ip, ip, lsl #2
							for (p = &mx.history[mx_present_head->next]; p != mx_present_head; p = &mx.history[p->next])
    3050:	f5ae 78fc 	sub.w	r8, lr, #504	; 0x1f8
    3054:	46f1      	mov	r9, lr
								if (!(p->row_map[i] & help_bitmask))
    3056:	eb02 0e0c 	add.w	lr, r2, ip
    305a:	f8de e004 	ldr.w	lr, [lr, #4]
    305e:	ea14 0f0e 	tst.w	r4, lr
									n++;
    3062:	bf08      	it	eq
    3064:	3601      	addeq	r6, #1
							for (p = &mx.history[mx_present_head->next]; p != mx_present_head; p = &mx.history[p->next])
    3066:	7852      	ldrb	r2, [r2, #1]
    3068:	323b      	adds	r2, #59	; 0x3b
    306a:	eb08 02c2 	add.w	r2, r8, r2, lsl #3
    306e:	454a      	cmp	r2, r9
    3070:	d1f1      	bne.n	3056 <mixer_update_slot+0x972>
						if (n < 2)
    3072:	2e01      	cmp	r6, #1
    3074:	f67f adcc 	bls.w	2c10 <mixer_update_slot+0x52c>
	asm("udiv %0, %1, %2" : "=r"(r) : "r"(x), "r"(d));
    3078:	f64f 74ff 	movw	r4, #65535	; 0xffff
    307c:	fbb4 f4f6 	udiv	r4, r4, r6

	return r;
    3080:	b2a4      	uxth	r4, r4
    3082:	e52e      	b.n	2ae2 <mixer_update_slot+0x3fe>
					if (mx.rank >= MX_GENERATION_SIZE && (is_helper < 0))
    3084:	f04f 33ff 	mov.w	r3, #4294967295	; 0xffffffff
					if (slot_number < mx.discovery_exit_slot)
    3088:	4a14      	ldr	r2, [pc, #80]	; (30dc <mixer_update_slot+0x9f8>)
    308a:	f8b2 020a 	ldrh.w	r0, [r2, #522]	; 0x20a
    308e:	4287      	cmp	r7, r0
    3090:	f4ff adc1 	bcc.w	2c16 <mixer_update_slot+0x532>
					relative_rank = gpi_mulu_16x16(mx.rank, 0xffff / MX_GENERATION_SIZE);
    3094:	4a11      	ldr	r2, [pc, #68]	; (30dc <mixer_update_slot+0x9f8>)
	return (uint32_t)a * (uint32_t)b;
    3096:	f8b2 11c8 	ldrh.w	r1, [r2, #456]	; 0x1c8
    309a:	ebc1 3181 	rsb	r1, r1, r1, lsl #14
    309e:	b289      	uxth	r1, r1
						n += mx_finished_head->num_nodes;
    30a0:	f8b2 6202 	ldrh.w	r6, [r2, #514]	; 0x202
					if (is_helper >= 0)
    30a4:	2b00      	cmp	r3, #0
    30a6:	dab5      	bge.n	3014 <mixer_update_slot+0x930>
							n += (mx_present_head->num_nodes + 2) / 4;
    30a8:	4a0c      	ldr	r2, [pc, #48]	; (30dc <mixer_update_slot+0x9f8>)
    30aa:	f8b2 21fa 	ldrh.w	r2, [r2, #506]	; 0x1fa
    30ae:	3202      	adds	r2, #2
    30b0:	eb06 06a2 	add.w	r6, r6, r2, asr #2
						p = LUT[MIN(n, NUM_ELEMENTS(LUT) - 1)];
    30b4:	4634      	mov	r4, r6
    30b6:	2e0f      	cmp	r6, #15
    30b8:	bf28      	it	cs
    30ba:	240f      	movcs	r4, #15
    30bc:	4a08      	ldr	r2, [pc, #32]	; (30e0 <mixer_update_slot+0x9fc>)
    30be:	f832 4014 	ldrh.w	r4, [r2, r4, lsl #1]
						if ((density - n) >= 2)
    30c2:	ebaa 0206 	sub.w	r2, sl, r6
    30c6:	2a01      	cmp	r2, #1
    30c8:	f67f ad0b 	bls.w	2ae2 <mixer_update_slot+0x3fe>
								p = gpi_divu_16x8(p, density - n, 0);
    30cc:	ebaa 0606 	sub.w	r6, sl, r6
	asm("udiv %0, %1, %2" : "=r"(r) : "r"(x), "r"(d));
    30d0:	fbb4 f4f6 	udiv	r4, r4, r6
	return r;
    30d4:	b2a4      	uxth	r4, r4
    30d6:	e504      	b.n	2ae2 <mixer_update_slot+0x3fe>
		PT_WAIT_UNTIL(pt, mx.events & BV(SLOT_UPDATE));
    30d8:	2000      	movs	r0, #0
}
    30da:	4770      	bx	lr
    30dc:	2000017c 	.word	0x2000017c
    30e0:	000064d4 	.word	0x000064d4

000030e4 <mixer_decode>:
}

//**************************************************************************************************

PT_THREAD(mixer_decode(Pt_Context *pt))
{
    30e4:	e92d 43f0 	stmdb	sp!, {r4, r5, r6, r7, r8, r9, lr}
    30e8:	b089      	sub	sp, #36	; 0x24
    30ea:	4607      	mov	r7, r0
	PT_BEGIN(pt);
    30ec:	8803      	ldrh	r3, [r0, #0]
    30ee:	b193      	cbz	r3, 3116 <mixer_decode+0x32>
    30f0:	f640 1211 	movw	r2, #2321	; 0x911
    30f4:	4293      	cmp	r3, r2
    30f6:	d10a      	bne.n	310e <mixer_decode+0x2a>
	static int_fast16_t		i;

	GPI_TRACE_MSG_FAST(TRACE_INFO, "start decoding...");
	PROFILE("mixer_decode() entry");

	for (i = NUM_ELEMENTS(mx.matrix); i-- > 0;)
    30f8:	498f      	ldr	r1, [pc, #572]	; (3338 <mixer_decode+0x254>)
    30fa:	680a      	ldr	r2, [r1, #0]
    30fc:	1e53      	subs	r3, r2, #1
    30fe:	600b      	str	r3, [r1, #0]
    3100:	2a00      	cmp	r2, #0
    3102:	dc0b      	bgt.n	311c <mixer_decode+0x38>
		// ATTENTION: matrix has to be in a consistent state at this point
		PT_YIELD(pt);
	}

	#if MX_VERBOSE_STATISTICS
		mx.stat_counter.slot_decoded = mx.slot_number;
    3104:	4b8d      	ldr	r3, [pc, #564]	; (333c <mixer_decode+0x258>)
    3106:	f8b3 2118 	ldrh.w	r2, [r3, #280]	; 0x118
    310a:	f8a3 2288 	strh.w	r2, [r3, #648]	; 0x288
	#endif

	GPI_TRACE_MSG(TRACE_INFO, "decoding done");
	TRACE_MATRIX();

	PT_END(pt);
    310e:	2300      	movs	r3, #0
    3110:	803b      	strh	r3, [r7, #0]
    3112:	2003      	movs	r0, #3
    3114:	e0c3      	b.n	329e <mixer_decode+0x1ba>
	for (i = NUM_ELEMENTS(mx.matrix); i-- > 0;)
    3116:	2303      	movs	r3, #3
    3118:	4a87      	ldr	r2, [pc, #540]	; (3338 <mixer_decode+0x254>)
    311a:	6013      	str	r3, [r2, #0]
		if (UINT16_MAX == mx.matrix[i].birth_slot)
    311c:	4887      	ldr	r0, [pc, #540]	; (333c <mixer_decode+0x258>)
    311e:	f64f 71ff 	movw	r1, #65535	; 0xffff
	for (i = NUM_ELEMENTS(mx.matrix); i-- > 0;)
    3122:	4c85      	ldr	r4, [pc, #532]	; (3338 <mixer_decode+0x254>)
		if (UINT16_MAX == mx.matrix[i].birth_slot)
    3124:	eb03 0283 	add.w	r2, r3, r3, lsl #2
    3128:	eb00 02c2 	add.w	r2, r0, r2, lsl #3
    312c:	f8b2 2128 	ldrh.w	r2, [r2, #296]	; 0x128
    3130:	428a      	cmp	r2, r1
    3132:	d04f      	beq.n	31d4 <mixer_decode+0xf0>
			uint8_t	*p = &(mx.matrix[i].coding_vector_8[0]);
    3134:	eb03 0383 	add.w	r3, r3, r3, lsl #2
    3138:	00db      	lsls	r3, r3, #3
    313a:	f503 7396 	add.w	r3, r3, #300	; 0x12c
    313e:	4a7f      	ldr	r2, [pc, #508]	; (333c <mixer_decode+0x258>)
    3140:	4413      	add	r3, r2
	__asm__ volatile
    3142:	f3ef 8110 	mrs	r1, PRIMASK
    3146:	b672      	cpsid	i
  __ASM volatile ("dmb 0xF":::"memory");
    3148:	f3bf 8f5f 	dmb	sy
			if (mx.tx_sideload == p)
    314c:	f8d2 2110 	ldr.w	r2, [r2, #272]	; 0x110
    3150:	429a      	cmp	r2, r3
    3152:	d045      	beq.n	31e0 <mixer_decode+0xfc>
    3154:	f3bf 8f5f 	dmb	sy
  __ASM volatile ("MSR primask, %0" : : "r" (priMask) : "memory");
    3158:	f381 8810 	msr	PRIMASK, r1
    315c:	f3ef 8210 	mrs	r2, PRIMASK
    3160:	b672      	cpsid	i
  __ASM volatile ("dmb 0xF":::"memory");
    3162:	f3bf 8f5f 	dmb	sy
				if (ABS(mx.request.help_index) - 1 == i)
    3166:	4b75      	ldr	r3, [pc, #468]	; (333c <mixer_decode+0x258>)
    3168:	f9b3 322e 	ldrsh.w	r3, [r3, #558]	; 0x22e
    316c:	2b00      	cmp	r3, #0
    316e:	bfb8      	it	lt
    3170:	425b      	neglt	r3, r3
    3172:	b29b      	uxth	r3, r3
    3174:	3b01      	subs	r3, #1
    3176:	4970      	ldr	r1, [pc, #448]	; (3338 <mixer_decode+0x254>)
    3178:	6809      	ldr	r1, [r1, #0]
    317a:	428b      	cmp	r3, r1
    317c:	d035      	beq.n	31ea <mixer_decode+0x106>
    317e:	f3bf 8f5f 	dmb	sy
  __ASM volatile ("MSR primask, %0" : : "r" (priMask) : "memory");
    3182:	f382 8810 	msr	PRIMASK, r2
		k = i + 1;
    3186:	4b6c      	ldr	r3, [pc, #432]	; (3338 <mixer_decode+0x254>)
    3188:	681a      	ldr	r2, [r3, #0]
    318a:	1c53      	adds	r3, r2, #1
		m = *pcv++ & ((-1 << (SZB - 1)) >> ((SZB - 1) - (k % SZB)));
    318c:	eb02 0582 	add.w	r5, r2, r2, lsl #2
    3190:	006d      	lsls	r5, r5, #1
    3192:	eb05 1553 	add.w	r5, r5, r3, lsr #5
    3196:	354c      	adds	r5, #76	; 0x4c
    3198:	4968      	ldr	r1, [pc, #416]	; (333c <mixer_decode+0x258>)
    319a:	eb01 0585 	add.w	r5, r1, r5, lsl #2
    319e:	43dc      	mvns	r4, r3
    31a0:	f004 001f 	and.w	r0, r4, #31
    31a4:	f04f 4400 	mov.w	r4, #2147483648	; 0x80000000
    31a8:	4104      	asrs	r4, r0
    31aa:	eb02 0282 	add.w	r2, r2, r2, lsl #2
    31ae:	0052      	lsls	r2, r2, #1
    31b0:	eb02 1253 	add.w	r2, r2, r3, lsr #5
    31b4:	eb01 0282 	add.w	r2, r1, r2, lsl #2
    31b8:	f8d2 212c 	ldr.w	r2, [r2, #300]	; 0x12c
    31bc:	4014      	ands	r4, r2
		k &= ~(SZB - 1);
    31be:	f023 021f 	bic.w	r2, r3, #31
		while (k < NUM_ELEMENTS(mx.matrix))
    31c2:	2a03      	cmp	r2, #3
    31c4:	d867      	bhi.n	3296 <mixer_decode+0x1b2>
		pp_used = 0;
    31c6:	2100      	movs	r1, #0
			if (UINT16_MAX != mx.matrix[k].birth_slot)
    31c8:	4e5c      	ldr	r6, [pc, #368]	; (333c <mixer_decode+0x258>)
    31ca:	f64f 78ff 	movw	r8, #65535	; 0xffff
					memxor_block(&(mx.matrix[i].coding_vector[0]), pp,
    31ce:	f8df 9168 	ldr.w	r9, [pc, #360]	; 3338 <mixer_decode+0x254>
    31d2:	e06c      	b.n	32ae <mixer_decode+0x1ca>
	for (i = NUM_ELEMENTS(mx.matrix); i-- > 0;)
    31d4:	6822      	ldr	r2, [r4, #0]
    31d6:	1e53      	subs	r3, r2, #1
    31d8:	6023      	str	r3, [r4, #0]
    31da:	2a00      	cmp	r2, #0
    31dc:	dca2      	bgt.n	3124 <mixer_decode+0x40>
    31de:	e791      	b.n	3104 <mixer_decode+0x20>
				mx.tx_sideload = NULL;
    31e0:	4b56      	ldr	r3, [pc, #344]	; (333c <mixer_decode+0x258>)
    31e2:	2200      	movs	r2, #0
    31e4:	f8c3 2110 	str.w	r2, [r3, #272]	; 0x110
    31e8:	e7b4      	b.n	3154 <mixer_decode+0x70>
					mx.request.help_index = 0;
    31ea:	4b54      	ldr	r3, [pc, #336]	; (333c <mixer_decode+0x258>)
    31ec:	2100      	movs	r1, #0
    31ee:	f8a3 122e 	strh.w	r1, [r3, #558]	; 0x22e
    31f2:	e7c4      	b.n	317e <mixer_decode+0x9a>
				m = *pcv++;
    31f4:	f855 4b04 	ldr.w	r4, [r5], #4
				k += SZB;
    31f8:	3220      	adds	r2, #32
		while (k < NUM_ELEMENTS(mx.matrix))
    31fa:	2a03      	cmp	r2, #3
    31fc:	d957      	bls.n	32ae <mixer_decode+0x1ca>
		if (pp_used)
    31fe:	2900      	cmp	r1, #0
    3200:	d049      	beq.n	3296 <mixer_decode+0x1b2>
			memxor_block(&(mx.matrix[i].coding_vector[0]), pp,
    3202:	4b4d      	ldr	r3, [pc, #308]	; (3338 <mixer_decode+0x254>)
    3204:	681b      	ldr	r3, [r3, #0]
    3206:	eb03 0383 	add.w	r3, r3, r3, lsl #2
    320a:	4c4d      	ldr	r4, [pc, #308]	; (3340 <mixer_decode+0x25c>)
    320c:	eb04 04c3 	add.w	r4, r4, r3, lsl #3
	assert(num_src <= MEMXOR_BLOCKSIZE);
    3210:	2908      	cmp	r1, #8
    3212:	dc7c      	bgt.n	330e <mixer_decode+0x22a>
	if (num_src < MEMXOR_BLOCKSIZE)
    3214:	2907      	cmp	r1, #7
    3216:	dc7f      	bgt.n	3318 <mixer_decode+0x234>
		ins.w = (uint32_t*)((uintptr_t)&memxor_block_core & ~1u);
    3218:	4d4a      	ldr	r5, [pc, #296]	; (3344 <mixer_decode+0x260>)
    321a:	f025 0501 	bic.w	r5, r5, #1
		loop_start = 18 - ((num_src + 1) / 2) * 4;
    321e:	1c4b      	adds	r3, r1, #1
    3220:	eb03 73d3 	add.w	r3, r3, r3, lsr #31
    3224:	105b      	asrs	r3, r3, #1
    3226:	009b      	lsls	r3, r3, #2
    3228:	f1c3 0312 	rsb	r3, r3, #18
		if (num_src & 1)
    322c:	f011 0601 	ands.w	r6, r1, #1
    3230:	d078      	beq.n	3324 <mixer_decode+0x240>
			loop_start += 2;
    3232:	f103 0802 	add.w	r8, r3, #2
			ins.w[loop_start + 1] = ins.w[2];
    3236:	3303      	adds	r3, #3
    3238:	68aa      	ldr	r2, [r5, #8]
    323a:	f845 2023 	str.w	r2, [r5, r3, lsl #2]
		ins.h[4] = 0xe000 | ((loop_start - 3) * 2);
    323e:	f1a8 0303 	sub.w	r3, r8, #3
    3242:	ea6f 5303 	mvn.w	r3, r3, lsl #20
    3246:	ea6f 43d3 	mvn.w	r3, r3, lsr #19
    324a:	812b      	strh	r3, [r5, #8]
		ins.h[43] = 0xa800 | (((loop_start - 22) * 2) & 0x07ff);
    324c:	f1a8 0316 	sub.w	r3, r8, #22
    3250:	f240 72fe 	movw	r2, #2046	; 0x7fe
    3254:	ea02 0343 	and.w	r3, r2, r3, lsl #1
    3258:	f443 4328 	orr.w	r3, r3, #43008	; 0xa800
    325c:	f8a5 3056 	strh.w	r3, [r5, #86]	; 0x56
  __ASM volatile ("dmb 0xF":::"memory");
    3260:	f3bf 8f5f 	dmb	sy
  __ASM volatile ("isb 0xF":::"memory");
    3264:	f3bf 8f6f 	isb	sy
	memxor_block_core(dest, src, size);
    3268:	2224      	movs	r2, #36	; 0x24
    326a:	4669      	mov	r1, sp
    326c:	4620      	mov	r0, r4
    326e:	f002 fb1f 	bl	58b0 <__memxor_block_core_veneer>
		if (num_src & 1)
    3272:	2e00      	cmp	r6, #0
    3274:	d05b      	beq.n	332e <mixer_decode+0x24a>
			ins.w[loop_start + 1] = 0x0104ea81;
    3276:	f108 0801 	add.w	r8, r8, #1
    327a:	4b33      	ldr	r3, [pc, #204]	; (3348 <mixer_decode+0x264>)
    327c:	f845 3028 	str.w	r3, [r5, r8, lsl #2]
		ins.h[4] = 0xf8d0;
    3280:	f64f 03d0 	movw	r3, #63696	; 0xf8d0
    3284:	812b      	strh	r3, [r5, #8]
		ins.h[43] = 0xafd8;
    3286:	f64a 73d8 	movw	r3, #45016	; 0xafd8
    328a:	f8a5 3056 	strh.w	r3, [r5, #86]	; 0x56
  __ASM volatile ("dmb 0xF":::"memory");
    328e:	f3bf 8f5f 	dmb	sy
  __ASM volatile ("isb 0xF":::"memory");
    3292:	f3bf 8f6f 	isb	sy
		PT_YIELD(pt);
    3296:	f640 1311 	movw	r3, #2321	; 0x911
    329a:	803b      	strh	r3, [r7, #0]
    329c:	2001      	movs	r0, #1
}
    329e:	b009      	add	sp, #36	; 0x24
    32a0:	e8bd 83f0 	ldmia.w	sp!, {r4, r5, r6, r7, r8, r9, pc}
    32a4:	460a      	mov	r2, r1
			m &= m - 1;
    32a6:	1e63      	subs	r3, r4, #1
    32a8:	401c      	ands	r4, r3
    32aa:	4611      	mov	r1, r2
			k &= ~(SZB - 1);
    32ac:	2200      	movs	r2, #0
			if (!m)
    32ae:	2c00      	cmp	r4, #0
    32b0:	d0a0      	beq.n	31f4 <mixer_decode+0x110>
		asm
    32b2:	2c00      	cmp	r4, #0
    32b4:	bf0e      	itee	eq
    32b6:	1e63      	subeq	r3, r4, #1
    32b8:	fa94 f3a4 	rbitne	r3, r4
    32bc:	fab3 f383 	clzne	r3, r3
			k += gpi_get_lsb(m);
    32c0:	4413      	add	r3, r2
			if (k >= NUM_ELEMENTS(mx.matrix))
    32c2:	2b03      	cmp	r3, #3
    32c4:	d89b      	bhi.n	31fe <mixer_decode+0x11a>
			if (UINT16_MAX != mx.matrix[k].birth_slot)
    32c6:	eb03 0283 	add.w	r2, r3, r3, lsl #2
    32ca:	eb06 02c2 	add.w	r2, r6, r2, lsl #3
    32ce:	f8b2 2128 	ldrh.w	r2, [r2, #296]	; 0x128
    32d2:	4542      	cmp	r2, r8
    32d4:	d0e6      	beq.n	32a4 <mixer_decode+0x1c0>
				pp[pp_used++] = &(mx.matrix[k].coding_vector[0]);
    32d6:	1c4a      	adds	r2, r1, #1
    32d8:	a808      	add	r0, sp, #32
    32da:	eb00 0081 	add.w	r0, r0, r1, lsl #2
    32de:	eb03 0383 	add.w	r3, r3, r3, lsl #2
    32e2:	eb06 03c3 	add.w	r3, r6, r3, lsl #3
    32e6:	f503 7396 	add.w	r3, r3, #300	; 0x12c
    32ea:	f840 3c20 	str.w	r3, [r0, #-32]
				if (NUM_ELEMENTS(pp) == pp_used)
    32ee:	2907      	cmp	r1, #7
    32f0:	d1d9      	bne.n	32a6 <mixer_decode+0x1c2>
					memxor_block(&(mx.matrix[i].coding_vector[0]), pp,
    32f2:	f8d9 0000 	ldr.w	r0, [r9]
    32f6:	eb00 0080 	add.w	r0, r0, r0, lsl #2
    32fa:	eb06 00c0 	add.w	r0, r6, r0, lsl #3
	memxor_block_core(dest, src, size);
    32fe:	2224      	movs	r2, #36	; 0x24
    3300:	4669      	mov	r1, sp
    3302:	f500 7096 	add.w	r0, r0, #300	; 0x12c
    3306:	f002 fad3 	bl	58b0 <__memxor_block_core_veneer>
					pp_used = 0;
    330a:	2200      	movs	r2, #0
					PROFILE("mixer_decode() row memxor_block(full) end");
    330c:	e7cb      	b.n	32a6 <mixer_decode+0x1c2>
	assert(num_src <= MEMXOR_BLOCKSIZE);
    330e:	2287      	movs	r2, #135	; 0x87
    3310:	490e      	ldr	r1, [pc, #56]	; (334c <mixer_decode+0x268>)
    3312:	480f      	ldr	r0, [pc, #60]	; (3350 <mixer_decode+0x26c>)
    3314:	f001 fd56 	bl	4dc4 <__assert>
	memxor_block_core(dest, src, size);
    3318:	2224      	movs	r2, #36	; 0x24
    331a:	4669      	mov	r1, sp
    331c:	4620      	mov	r0, r4
    331e:	f002 fac7 	bl	58b0 <__memxor_block_core_veneer>
	if (num_src < MEMXOR_BLOCKSIZE)
    3322:	e7b8      	b.n	3296 <mixer_decode+0x1b2>
			ins.w[loop_start] = ins.w[2];
    3324:	68aa      	ldr	r2, [r5, #8]
    3326:	f845 2023 	str.w	r2, [r5, r3, lsl #2]
		loop_start = 18 - ((num_src + 1) / 2) * 4;
    332a:	4698      	mov	r8, r3
    332c:	e787      	b.n	323e <mixer_decode+0x15a>
			ins.w[loop_start] = 0x0103ea81;
    332e:	4b09      	ldr	r3, [pc, #36]	; (3354 <mixer_decode+0x270>)
    3330:	f845 3028 	str.w	r3, [r5, r8, lsl #2]
    3334:	e7a4      	b.n	3280 <mixer_decode+0x19c>
    3336:	bf00      	nop
    3338:	20000420 	.word	0x20000420
    333c:	2000017c 	.word	0x2000017c
    3340:	200002a8 	.word	0x200002a8
    3344:	2000002b 	.word	0x2000002b
    3348:	0104ea81 	.word	0x0104ea81
    334c:	0000641c 	.word	0x0000641c
    3350:	00006474 	.word	0x00006474
    3354:	0103ea81 	.word	0x0103ea81

00003358 <mixer_process_rx_data>:
{
    3358:	e92d 43f0 	stmdb	sp!, {r4, r5, r6, r7, r8, r9, lr}
    335c:	b089      	sub	sp, #36	; 0x24
	PT_BEGIN(pt);
    335e:	4bc0      	ldr	r3, [pc, #768]	; (3660 <mixer_process_rx_data+0x308>)
    3360:	885b      	ldrh	r3, [r3, #2]
    3362:	f640 023b 	movw	r2, #2107	; 0x83b
    3366:	4293      	cmp	r3, r2
    3368:	d04b      	beq.n	3402 <mixer_process_rx_data+0xaa>
    336a:	f200 80a0 	bhi.w	34ae <mixer_process_rx_data+0x156>
    336e:	f5b3 6fe4 	cmp.w	r3, #1824	; 0x720
    3372:	f000 8083 	beq.w	347c <mixer_process_rx_data+0x124>
    3376:	f5b3 6fe9 	cmp.w	r3, #1864	; 0x748
    337a:	d178      	bne.n	346e <mixer_process_rx_data+0x116>
			if (mx.rank >= MX_GENERATION_SIZE)
    337c:	4bb9      	ldr	r3, [pc, #740]	; (3664 <mixer_process_rx_data+0x30c>)
    337e:	f8b3 31c8 	ldrh.w	r3, [r3, #456]	; 0x1c8
    3382:	2b03      	cmp	r3, #3
    3384:	f200 82a3 	bhi.w	38ce <mixer_process_rx_data+0x576>
				update_weak_zero_map(p);
    3388:	4bb7      	ldr	r3, [pc, #732]	; (3668 <mixer_process_rx_data+0x310>)
    338a:	681a      	ldr	r2, [r3, #0]
	cv = (uint_fast_t*)&(p->coding_vector[0]);
    338c:	f102 0008 	add.w	r0, r2, #8
		*sm++ |= *cv++;
    3390:	49b4      	ldr	r1, [pc, #720]	; (3664 <mixer_process_rx_data+0x30c>)
    3392:	6893      	ldr	r3, [r2, #8]
    3394:	f8d1 4248 	ldr.w	r4, [r1, #584]	; 0x248
    3398:	4323      	orrs	r3, r4
    339a:	f8c1 3248 	str.w	r3, [r1, #584]	; 0x248
		x = *wm & *sm++;
    339e:	f8d1 1244 	ldr.w	r1, [r1, #580]	; 0x244
		if (x)
    33a2:	400b      	ands	r3, r1
    33a4:	d016      	beq.n	33d4 <mixer_process_rx_data+0x7c>
			*(volatile uint_fast_t*)wm = *wm ^ x;
    33a6:	4059      	eors	r1, r3
    33a8:	4dae      	ldr	r5, [pc, #696]	; (3664 <mixer_process_rx_data+0x30c>)
    33aa:	f8c5 1244 	str.w	r1, [r5, #580]	; 0x244
	return gpi_popcnt_lut[x];
    33ae:	4caf      	ldr	r4, [pc, #700]	; (366c <mixer_process_rx_data+0x314>)
    33b0:	b2d9      	uxtb	r1, r3
    33b2:	5c61      	ldrb	r1, [r4, r1]
    33b4:	f3c3 4607 	ubfx	r6, r3, #16, #8
    33b8:	5da6      	ldrb	r6, [r4, r6]
	return gpi_popcnt_16(x & 0xFFFF) + gpi_popcnt_16(x >> 16);
    33ba:	4431      	add	r1, r6
	return gpi_popcnt_lut[x];
    33bc:	f3c3 2607 	ubfx	r6, r3, #8, #8
    33c0:	5da6      	ldrb	r6, [r4, r6]
	return gpi_popcnt_16(x & 0xFFFF) + gpi_popcnt_16(x >> 16);
    33c2:	4431      	add	r1, r6
	return gpi_popcnt_lut[x];
    33c4:	0e1b      	lsrs	r3, r3, #24
    33c6:	5ce3      	ldrb	r3, [r4, r3]
	return gpi_popcnt_16(x & 0xFFFF) + gpi_popcnt_16(x >> 16);
    33c8:	440b      	add	r3, r1
			mx.weak_rank -= gpi_popcnt(x);
    33ca:	f8b5 124c 	ldrh.w	r1, [r5, #588]	; 0x24c
    33ce:	1acb      	subs	r3, r1, r3
    33d0:	f8a5 324c 	strh.w	r3, [r5, #588]	; 0x24c
	if (p->flags.info_type == IT_WEAK_ZERO_MAP)
    33d4:	79d3      	ldrb	r3, [r2, #7]
    33d6:	f003 030f 	and.w	r3, r3, #15
    33da:	2b04      	cmp	r3, #4
    33dc:	f000 80b4 	beq.w	3548 <mixer_process_rx_data+0x1f0>
			if (mx.tx_sideload == &(p->coding_vector[0]))
    33e0:	4ba0      	ldr	r3, [pc, #640]	; (3664 <mixer_process_rx_data+0x30c>)
    33e2:	f8d3 3110 	ldr.w	r3, [r3, #272]	; 0x110
    33e6:	4283      	cmp	r3, r0
    33e8:	f000 80c9 	beq.w	357e <mixer_process_rx_data+0x226>
			unwrap_chunk(&(p->coding_vector[0]));
    33ec:	4b9e      	ldr	r3, [pc, #632]	; (3668 <mixer_process_rx_data+0x310>)
    33ee:	681b      	ldr	r3, [r3, #0]
			*d++ = *s++;
    33f0:	7a5a      	ldrb	r2, [r3, #9]
    33f2:	f883 2029 	strb.w	r2, [r3, #41]	; 0x29
    33f6:	7a9a      	ldrb	r2, [r3, #10]
    33f8:	f883 202a 	strb.w	r2, [r3, #42]	; 0x2a
    33fc:	7ada      	ldrb	r2, [r3, #11]
    33fe:	f883 202b 	strb.w	r2, [r3, #43]	; 0x2b
		for (i = offsetof(Matrix_Row, payload) - offsetof(Matrix_Row, payload_8); i-- > 0;)
    3402:	f1ad 0704 	sub.w	r7, sp, #4
					pr = &(mx.empty_row->coding_vector_8[0]);
    3406:	2500      	movs	r5, #0
				i = mx_get_leading_index(p->coding_vector);
    3408:	4e97      	ldr	r6, [pc, #604]	; (3668 <mixer_process_rx_data+0x310>)
		*d++ ^= *s++;
    340a:	f8df 826c 	ldr.w	r8, [pc, #620]	; 3678 <mixer_process_rx_data+0x320>
				pp[pp_used++] = &(mx.matrix[i].payload);
    340e:	f5a8 7996 	sub.w	r9, r8, #300	; 0x12c
				i = mx_get_leading_index(p->coding_vector);
    3412:	6830      	ldr	r0, [r6, #0]
    3414:	3008      	adds	r0, #8
    3416:	f000 fbe1 	bl	3bdc <mx_get_leading_index>
				if (i < 0)
    341a:	1e04      	subs	r4, r0, #0
    341c:	f2c0 80e5 	blt.w	35ea <mixer_process_rx_data+0x292>
				if (UINT16_MAX == mx.matrix[i].birth_slot)
    3420:	eb04 0384 	add.w	r3, r4, r4, lsl #2
    3424:	4a8f      	ldr	r2, [pc, #572]	; (3664 <mixer_process_rx_data+0x30c>)
    3426:	eb02 03c3 	add.w	r3, r2, r3, lsl #3
    342a:	f8b3 2128 	ldrh.w	r2, [r3, #296]	; 0x128
    342e:	f64f 73ff 	movw	r3, #65535	; 0xffff
    3432:	429a      	cmp	r2, r3
    3434:	f000 8127 	beq.w	3686 <mixer_process_rx_data+0x32e>
				memxor(p->coding_vector, mx.matrix[i].coding_vector, sizeof(mx.matrix[0].coding_vector));
    3438:	6830      	ldr	r0, [r6, #0]
    343a:	eb04 0484 	add.w	r4, r4, r4, lsl #2
    343e:	6883      	ldr	r3, [r0, #8]
    3440:	f858 2034 	ldr.w	r2, [r8, r4, lsl #3]
    3444:	4053      	eors	r3, r2
    3446:	6083      	str	r3, [r0, #8]
				pp[pp_used++] = &(mx.matrix[i].payload);
    3448:	3501      	adds	r5, #1
    344a:	eb09 04c4 	add.w	r4, r9, r4, lsl #3
    344e:	f504 7498 	add.w	r4, r4, #304	; 0x130
    3452:	f847 4f04 	str.w	r4, [r7, #4]!
				if (NUM_ELEMENTS(pp) == pp_used)
    3456:	2d08      	cmp	r5, #8
    3458:	d1db      	bne.n	3412 <mixer_process_rx_data+0xba>
	memxor_block_core(dest, src, size);
    345a:	2220      	movs	r2, #32
    345c:	4669      	mov	r1, sp
    345e:	300c      	adds	r0, #12
    3460:	f002 fa26 	bl	58b0 <__memxor_block_core_veneer>
					PT_YIELD(pt);
    3464:	4b7e      	ldr	r3, [pc, #504]	; (3660 <mixer_process_rx_data+0x308>)
    3466:	f640 023b 	movw	r2, #2107	; 0x83b
    346a:	805a      	strh	r2, [r3, #2]
    346c:	e23e      	b.n	38ec <mixer_process_rx_data+0x594>
	PT_BEGIN(pt);
    346e:	2b00      	cmp	r3, #0
    3470:	f040 8240 	bne.w	38f4 <mixer_process_rx_data+0x59c>
		PT_WAIT_UNTIL(pt, mx.events & BV(RX_READY));
    3474:	4b7a      	ldr	r3, [pc, #488]	; (3660 <mixer_process_rx_data+0x308>)
    3476:	f44f 62e4 	mov.w	r2, #1824	; 0x720
    347a:	805a      	strh	r2, [r3, #2]
    347c:	4b79      	ldr	r3, [pc, #484]	; (3664 <mixer_process_rx_data+0x30c>)
    347e:	f8d3 311c 	ldr.w	r3, [r3, #284]	; 0x11c
    3482:	f013 0f10 	tst.w	r3, #16
    3486:	f000 823a 	beq.w	38fe <mixer_process_rx_data+0x5a6>
  __ASM volatile ("dmb 0xF":::"memory");
    348a:	f3bf 8f5f 	dmb	sy
		__asm__
    348e:	4b75      	ldr	r3, [pc, #468]	; (3664 <mixer_process_rx_data+0x30c>)
    3490:	f06f 0210 	mvn.w	r2, #16
    3494:	f503 738e 	add.w	r3, r3, #284	; 0x11c
    3498:	e853 1f00 	ldrex	r1, [r3]
    349c:	ea01 0102 	and.w	r1, r1, r2
    34a0:	e843 1200 	strex	r2, r1, [r3]
    34a4:	2a00      	cmp	r2, #0
    34a6:	d1f7      	bne.n	3498 <mixer_process_rx_data+0x140>
    34a8:	f3bf 8f5f 	dmb	sy
}
    34ac:	e007      	b.n	34be <mixer_process_rx_data+0x166>
	PT_BEGIN(pt);
    34ae:	f640 026c 	movw	r2, #2156	; 0x86c
    34b2:	4293      	cmp	r3, r2
    34b4:	d03d      	beq.n	3532 <mixer_process_rx_data+0x1da>
    34b6:	f640 027e 	movw	r2, #2174	; 0x87e
    34ba:	4293      	cmp	r3, r2
    34bc:	d131      	bne.n	3522 <mixer_process_rx_data+0x1ca>
		while (mx.rx_queue_num_read != rx_queue_num_read_update)
    34be:	4b69      	ldr	r3, [pc, #420]	; (3664 <mixer_process_rx_data+0x30c>)
    34c0:	f8d3 20d8 	ldr.w	r2, [r3, #216]	; 0xd8
    34c4:	4b6a      	ldr	r3, [pc, #424]	; (3670 <mixer_process_rx_data+0x318>)
    34c6:	681b      	ldr	r3, [r3, #0]
    34c8:	429a      	cmp	r2, r3
    34ca:	d0d3      	beq.n	3474 <mixer_process_rx_data+0x11c>
			p = &mx.rx_queue[mx.rx_queue_num_read % NUM_ELEMENTS(mx.rx_queue)];
    34cc:	4a65      	ldr	r2, [pc, #404]	; (3664 <mixer_process_rx_data+0x30c>)
    34ce:	f8d2 30d8 	ldr.w	r3, [r2, #216]	; 0xd8
    34d2:	f003 0303 	and.w	r3, r3, #3
    34d6:	2034      	movs	r0, #52	; 0x34
    34d8:	fb00 2003 	mla	r0, r0, r3, r2
    34dc:	4a62      	ldr	r2, [pc, #392]	; (3668 <mixer_process_rx_data+0x310>)
    34de:	6010      	str	r0, [r2, #0]
			if (p->sender_id >= MX_NUM_NODES)
    34e0:	7982      	ldrb	r2, [r0, #6]
    34e2:	2a02      	cmp	r2, #2
    34e4:	f200 81f3 	bhi.w	38ce <mixer_process_rx_data+0x576>
				if (((p->flags.all & EIT_FULL_RANK_X_mask) == EIT_FULL_RANK_X_pattern) ||
    34e8:	79c3      	ldrb	r3, [r0, #7]
    34ea:	f003 028c 	and.w	r2, r3, #140	; 0x8c
    34ee:	2a80      	cmp	r2, #128	; 0x80
    34f0:	d00a      	beq.n	3508 <mixer_process_rx_data+0x1b0>
    34f2:	f013 0f80 	tst.w	r3, #128	; 0x80
    34f6:	f43f af41 	beq.w	337c <mixer_process_rx_data+0x24>
					(p->flags.is_full_rank && (mx.full_rank_state == 0)))
    34fa:	4b5a      	ldr	r3, [pc, #360]	; (3664 <mixer_process_rx_data+0x30c>)
    34fc:	f893 3210 	ldrb.w	r3, [r3, #528]	; 0x210
    3500:	b25b      	sxtb	r3, r3
    3502:	2b00      	cmp	r3, #0
    3504:	f47f af3a 	bne.w	337c <mixer_process_rx_data+0x24>
					update_full_rank_map(p);
    3508:	f7ff f83c 	bl	2584 <update_full_rank_map>
					if (mx.rank < MX_GENERATION_SIZE)
    350c:	4b55      	ldr	r3, [pc, #340]	; (3664 <mixer_process_rx_data+0x30c>)
    350e:	f8b3 31c8 	ldrh.w	r3, [r3, #456]	; 0x1c8
    3512:	2b03      	cmp	r3, #3
    3514:	f200 81db 	bhi.w	38ce <mixer_process_rx_data+0x576>
						PT_YIELD(pt);
    3518:	4b51      	ldr	r3, [pc, #324]	; (3660 <mixer_process_rx_data+0x308>)
    351a:	f44f 62e9 	mov.w	r2, #1864	; 0x748
    351e:	805a      	strh	r2, [r3, #2]
    3520:	e1e4      	b.n	38ec <mixer_process_rx_data+0x594>
	PT_BEGIN(pt);
    3522:	f640 0261 	movw	r2, #2145	; 0x861
    3526:	4293      	cmp	r3, r2
    3528:	f040 81e4 	bne.w	38f4 <mixer_process_rx_data+0x59c>
				PT_INIT(&pt_decode);
    352c:	4b51      	ldr	r3, [pc, #324]	; (3674 <mixer_process_rx_data+0x31c>)
    352e:	2200      	movs	r2, #0
    3530:	801a      	strh	r2, [r3, #0]
				while (PT_SCHEDULE(mixer_decode(&pt_decode)))
    3532:	4850      	ldr	r0, [pc, #320]	; (3674 <mixer_process_rx_data+0x31c>)
    3534:	f7ff fdd6 	bl	30e4 <mixer_decode>
    3538:	2801      	cmp	r0, #1
    353a:	f200 81c5 	bhi.w	38c8 <mixer_process_rx_data+0x570>
					PT_YIELD(pt);
    353e:	4b48      	ldr	r3, [pc, #288]	; (3660 <mixer_process_rx_data+0x308>)
    3540:	f640 026c 	movw	r2, #2156	; 0x86c
    3544:	805a      	strh	r2, [r3, #2]
    3546:	e1d1      	b.n	38ec <mixer_process_rx_data+0x594>
			x = *iv++ & ~*sm8++;
    3548:	4946      	ldr	r1, [pc, #280]	; (3664 <mixer_process_rx_data+0x30c>)
    354a:	f891 4248 	ldrb.w	r4, [r1, #584]	; 0x248
    354e:	f892 3029 	ldrb.w	r3, [r2, #41]	; 0x29
    3552:	ea23 0304 	bic.w	r3, r3, r4
			x &= ~*wm8;
    3556:	f891 1244 	ldrb.w	r1, [r1, #580]	; 0x244
			if (x)
    355a:	438b      	bics	r3, r1
    355c:	f43f af40 	beq.w	33e0 <mixer_process_rx_data+0x88>
				*(volatile uint8_t*)wm8 = *wm8 ^ x;
    3560:	4059      	eors	r1, r3
    3562:	4c40      	ldr	r4, [pc, #256]	; (3664 <mixer_process_rx_data+0x30c>)
    3564:	f884 1244 	strb.w	r1, [r4, #580]	; 0x244
	return gpi_popcnt_lut[x];
    3568:	4940      	ldr	r1, [pc, #256]	; (366c <mixer_process_rx_data+0x314>)
				mx.weak_rank += gpi_popcnt_8(x);
    356a:	5ccb      	ldrb	r3, [r1, r3]
    356c:	f8b4 124c 	ldrh.w	r1, [r4, #588]	; 0x24c
    3570:	440b      	add	r3, r1
    3572:	f8a4 324c 	strh.w	r3, [r4, #588]	; 0x24c
				mx.recent_innovative_slot = p->slot_number;
    3576:	8893      	ldrh	r3, [r2, #4]
    3578:	f8a4 31d4 	strh.w	r3, [r4, #468]	; 0x1d4
		while (iv < &(p->info_vector[NUM_ELEMENTS(p->info_vector)]))
    357c:	e730      	b.n	33e0 <mixer_process_rx_data+0x88>
				if (NULL == mx.empty_row)
    357e:	4b39      	ldr	r3, [pc, #228]	; (3664 <mixer_process_rx_data+0x30c>)
    3580:	f8d3 11cc 	ldr.w	r1, [r3, #460]	; 0x1cc
    3584:	b1e1      	cbz	r1, 35c0 <mixer_process_rx_data+0x268>
					pr = &(mx.empty_row->coding_vector_8[0]);
    3586:	f101 0c04 	add.w	ip, r1, #4
	__builtin_memcpy(dest, src, size);
    358a:	4603      	mov	r3, r0
    358c:	4662      	mov	r2, ip
    358e:	3020      	adds	r0, #32
    3590:	681f      	ldr	r7, [r3, #0]
    3592:	685e      	ldr	r6, [r3, #4]
    3594:	689d      	ldr	r5, [r3, #8]
    3596:	68dc      	ldr	r4, [r3, #12]
    3598:	6017      	str	r7, [r2, #0]
    359a:	6056      	str	r6, [r2, #4]
    359c:	6095      	str	r5, [r2, #8]
    359e:	60d4      	str	r4, [r2, #12]
    35a0:	3310      	adds	r3, #16
    35a2:	3210      	adds	r2, #16
    35a4:	4283      	cmp	r3, r0
    35a6:	d1f3      	bne.n	3590 <mixer_process_rx_data+0x238>
    35a8:	681b      	ldr	r3, [r3, #0]
    35aa:	6013      	str	r3, [r2, #0]
			*d++ = *s++;
    35ac:	794b      	ldrb	r3, [r1, #5]
    35ae:	f881 3025 	strb.w	r3, [r1, #37]	; 0x25
    35b2:	798b      	ldrb	r3, [r1, #6]
    35b4:	f881 3026 	strb.w	r3, [r1, #38]	; 0x26
    35b8:	79cb      	ldrb	r3, [r1, #7]
    35ba:	f881 3027 	strb.w	r3, [r1, #39]	; 0x27
    35be:	4661      	mov	r1, ip
	__asm__ volatile
    35c0:	f3ef 8210 	mrs	r2, PRIMASK
    35c4:	b672      	cpsid	i
    35c6:	f3bf 8f5f 	dmb	sy
				if (mx.tx_sideload == &(p->coding_vector[0]))
    35ca:	4b26      	ldr	r3, [pc, #152]	; (3664 <mixer_process_rx_data+0x30c>)
    35cc:	f8d3 0110 	ldr.w	r0, [r3, #272]	; 0x110
    35d0:	4b25      	ldr	r3, [pc, #148]	; (3668 <mixer_process_rx_data+0x310>)
    35d2:	681b      	ldr	r3, [r3, #0]
    35d4:	3308      	adds	r3, #8
    35d6:	4298      	cmp	r0, r3
					mx.tx_sideload = pr;
    35d8:	bf04      	itt	eq
    35da:	4b22      	ldreq	r3, [pc, #136]	; (3664 <mixer_process_rx_data+0x30c>)
    35dc:	f8c3 1110 	streq.w	r1, [r3, #272]	; 0x110
    35e0:	f3bf 8f5f 	dmb	sy
  __ASM volatile ("MSR primask, %0" : : "r" (priMask) : "memory");
    35e4:	f382 8810 	msr	PRIMASK, r2
}
    35e8:	e700      	b.n	33ec <mixer_process_rx_data+0x94>
	__asm__ volatile
    35ea:	f3ef 8110 	mrs	r1, PRIMASK
    35ee:	b672      	cpsid	i
  __ASM volatile ("dmb 0xF":::"memory");
    35f0:	f3bf 8f5f 	dmb	sy
						if (mx.rx_queue_num_written - mx.rx_queue_num_read == 1)
    35f4:	4a1b      	ldr	r2, [pc, #108]	; (3664 <mixer_process_rx_data+0x30c>)
    35f6:	f8d2 30d4 	ldr.w	r3, [r2, #212]	; 0xd4
    35fa:	f8d2 20d8 	ldr.w	r2, [r2, #216]	; 0xd8
    35fe:	1a9b      	subs	r3, r3, r2
    3600:	2b01      	cmp	r3, #1
    3602:	d03b      	beq.n	367c <mixer_process_rx_data+0x324>
    3604:	f3bf 8f5f 	dmb	sy
  __ASM volatile ("MSR primask, %0" : : "r" (priMask) : "memory");
    3608:	f381 8810 	msr	PRIMASK, r1
				if (mx.rank + (p->slot_number >= mx.weak_zero_release_slot ? mx.weak_rank : 0) >= MX_GENERATION_SIZE)
    360c:	4a15      	ldr	r2, [pc, #84]	; (3664 <mixer_process_rx_data+0x30c>)
    360e:	f8b2 31c8 	ldrh.w	r3, [r2, #456]	; 0x1c8
    3612:	4915      	ldr	r1, [pc, #84]	; (3668 <mixer_process_rx_data+0x310>)
    3614:	6809      	ldr	r1, [r1, #0]
    3616:	8888      	ldrh	r0, [r1, #4]
    3618:	f8b2 224e 	ldrh.w	r2, [r2, #590]	; 0x24e
    361c:	4290      	cmp	r0, r2
    361e:	bf26      	itte	cs
    3620:	4a10      	ldrcs	r2, [pc, #64]	; (3664 <mixer_process_rx_data+0x30c>)
    3622:	f8b2 224c 	ldrhcs.w	r2, [r2, #588]	; 0x24c
    3626:	2200      	movcc	r2, #0
    3628:	4413      	add	r3, r2
    362a:	2b03      	cmp	r3, #3
    362c:	f240 814f 	bls.w	38ce <mixer_process_rx_data+0x576>
				mx.rank = MX_GENERATION_SIZE;
    3630:	4b0c      	ldr	r3, [pc, #48]	; (3664 <mixer_process_rx_data+0x30c>)
    3632:	2204      	movs	r2, #4
    3634:	f8a3 21c8 	strh.w	r2, [r3, #456]	; 0x1c8
					mx.stat_counter.slot_full_rank = p->slot_number;
    3638:	888a      	ldrh	r2, [r1, #4]
    363a:	f8a3 2286 	strh.w	r2, [r3, #646]	; 0x286
    363e:	f3ef 8210 	mrs	r2, PRIMASK
    3642:	b672      	cpsid	i
  __ASM volatile ("dmb 0xF":::"memory");
    3644:	f3bf 8f5f 	dmb	sy
				mx.tx_sideload = NULL;
    3648:	2100      	movs	r1, #0
    364a:	f8c3 1110 	str.w	r1, [r3, #272]	; 0x110
    364e:	f3bf 8f5f 	dmb	sy
  __ASM volatile ("MSR primask, %0" : : "r" (priMask) : "memory");
    3652:	f382 8810 	msr	PRIMASK, r2
				PT_YIELD(pt);
    3656:	4b02      	ldr	r3, [pc, #8]	; (3660 <mixer_process_rx_data+0x308>)
    3658:	f640 0261 	movw	r2, #2145	; 0x861
    365c:	805a      	strh	r2, [r3, #2]
    365e:	e145      	b.n	38ec <mixer_process_rx_data+0x594>
    3660:	20000430 	.word	0x20000430
    3664:	2000017c 	.word	0x2000017c
    3668:	2000042c 	.word	0x2000042c
    366c:	00005d9c 	.word	0x00005d9c
    3670:	2000043c 	.word	0x2000043c
    3674:	20000438 	.word	0x20000438
    3678:	200002a8 	.word	0x200002a8
							mx.tx_sideload = NULL;
    367c:	4ba1      	ldr	r3, [pc, #644]	; (3904 <mixer_process_rx_data+0x5ac>)
    367e:	2200      	movs	r2, #0
    3680:	f8c3 2110 	str.w	r2, [r3, #272]	; 0x110
    3684:	e7be      	b.n	3604 <mixer_process_rx_data+0x2ac>
					mx.matrix[i].birth_slot = p->slot_number;
    3686:	4ba0      	ldr	r3, [pc, #640]	; (3908 <mixer_process_rx_data+0x5b0>)
    3688:	681e      	ldr	r6, [r3, #0]
    368a:	88b1      	ldrh	r1, [r6, #4]
    368c:	4a9d      	ldr	r2, [pc, #628]	; (3904 <mixer_process_rx_data+0x5ac>)
    368e:	eb04 0384 	add.w	r3, r4, r4, lsl #2
    3692:	eb02 03c3 	add.w	r3, r2, r3, lsl #3
    3696:	f8a3 1128 	strh.w	r1, [r3, #296]	; 0x128
					mx.recent_innovative_slot = p->slot_number;
    369a:	88b3      	ldrh	r3, [r6, #4]
    369c:	f8a2 31d4 	strh.w	r3, [r2, #468]	; 0x1d4
					if (pp_used)
    36a0:	2d00      	cmp	r5, #0
    36a2:	d047      	beq.n	3734 <mixer_process_rx_data+0x3dc>
						memxor_block(&(p->payload[PAYLOAD_SHIFT]), pp, PAYLOAD_SIZE, pp_used);
    36a4:	360c      	adds	r6, #12
    36a6:	46a8      	mov	r8, r5
	assert(num_src <= MEMXOR_BLOCKSIZE);
    36a8:	2d08      	cmp	r5, #8
    36aa:	f300 80ab 	bgt.w	3804 <mixer_process_rx_data+0x4ac>
	if (num_src < MEMXOR_BLOCKSIZE)
    36ae:	2d07      	cmp	r5, #7
    36b0:	f300 80ad 	bgt.w	380e <mixer_process_rx_data+0x4b6>
		ins.w = (uint32_t*)((uintptr_t)&memxor_block_core & ~1u);
    36b4:	4d95      	ldr	r5, [pc, #596]	; (390c <mixer_process_rx_data+0x5b4>)
    36b6:	f025 0501 	bic.w	r5, r5, #1
		loop_start = 18 - ((num_src + 1) / 2) * 4;
    36ba:	f108 0301 	add.w	r3, r8, #1
    36be:	eb03 73d3 	add.w	r3, r3, r3, lsr #31
    36c2:	105b      	asrs	r3, r3, #1
    36c4:	009b      	lsls	r3, r3, #2
    36c6:	f1c3 0312 	rsb	r3, r3, #18
		if (num_src & 1)
    36ca:	f018 0801 	ands.w	r8, r8, #1
    36ce:	f000 80a4 	beq.w	381a <mixer_process_rx_data+0x4c2>
			loop_start += 2;
    36d2:	1c9f      	adds	r7, r3, #2
			ins.w[loop_start + 1] = ins.w[2];
    36d4:	3303      	adds	r3, #3
    36d6:	68aa      	ldr	r2, [r5, #8]
    36d8:	f845 2023 	str.w	r2, [r5, r3, lsl #2]
		ins.h[4] = 0xe000 | ((loop_start - 3) * 2);
    36dc:	1efb      	subs	r3, r7, #3
    36de:	ea6f 5303 	mvn.w	r3, r3, lsl #20
    36e2:	ea6f 43d3 	mvn.w	r3, r3, lsr #19
    36e6:	812b      	strh	r3, [r5, #8]
		ins.h[43] = 0xa800 | (((loop_start - 22) * 2) & 0x07ff);
    36e8:	f1a7 0216 	sub.w	r2, r7, #22
    36ec:	f240 73fe 	movw	r3, #2046	; 0x7fe
    36f0:	ea03 0342 	and.w	r3, r3, r2, lsl #1
    36f4:	f443 4328 	orr.w	r3, r3, #43008	; 0xa800
    36f8:	f8a5 3056 	strh.w	r3, [r5, #86]	; 0x56
  __ASM volatile ("dmb 0xF":::"memory");
    36fc:	f3bf 8f5f 	dmb	sy
  __ASM volatile ("isb 0xF":::"memory");
    3700:	f3bf 8f6f 	isb	sy
	memxor_block_core(dest, src, size);
    3704:	2220      	movs	r2, #32
    3706:	4669      	mov	r1, sp
    3708:	4630      	mov	r0, r6
    370a:	f002 f8d1 	bl	58b0 <__memxor_block_core_veneer>
		if (num_src & 1)
    370e:	f1b8 0f00 	cmp.w	r8, #0
    3712:	f000 8087 	beq.w	3824 <mixer_process_rx_data+0x4cc>
			ins.w[loop_start + 1] = 0x0104ea81;
    3716:	3701      	adds	r7, #1
    3718:	4b7d      	ldr	r3, [pc, #500]	; (3910 <mixer_process_rx_data+0x5b8>)
    371a:	f845 3027 	str.w	r3, [r5, r7, lsl #2]
		ins.h[4] = 0xf8d0;
    371e:	f64f 03d0 	movw	r3, #63696	; 0xf8d0
    3722:	812b      	strh	r3, [r5, #8]
		ins.h[43] = 0xafd8;
    3724:	f64a 73d8 	movw	r3, #45016	; 0xafd8
    3728:	f8a5 3056 	strh.w	r3, [r5, #86]	; 0x56
  __ASM volatile ("dmb 0xF":::"memory");
    372c:	f3bf 8f5f 	dmb	sy
  __ASM volatile ("isb 0xF":::"memory");
    3730:	f3bf 8f6f 	isb	sy
    3734:	f3ef 8110 	mrs	r1, PRIMASK
    3738:	b672      	cpsid	i
  __ASM volatile ("dmb 0xF":::"memory");
    373a:	f3bf 8f5f 	dmb	sy
						if ((uintptr_t)mx.tx_sideload - (uintptr_t)&mx.rx_queue >= sizeof(mx.rx_queue))
    373e:	4a71      	ldr	r2, [pc, #452]	; (3904 <mixer_process_rx_data+0x5ac>)
    3740:	f8d2 3110 	ldr.w	r3, [r2, #272]	; 0x110
    3744:	1a9b      	subs	r3, r3, r2
    3746:	2bcf      	cmp	r3, #207	; 0xcf
    3748:	d904      	bls.n	3754 <mixer_process_rx_data+0x3fc>
							mx.tx_sideload = &(p->coding_vector[0]);
    374a:	4b6f      	ldr	r3, [pc, #444]	; (3908 <mixer_process_rx_data+0x5b0>)
    374c:	681b      	ldr	r3, [r3, #0]
    374e:	3308      	adds	r3, #8
    3750:	f8c2 3110 	str.w	r3, [r2, #272]	; 0x110
    3754:	f3bf 8f5f 	dmb	sy
  __ASM volatile ("MSR primask, %0" : : "r" (priMask) : "memory");
    3758:	f381 8810 	msr	PRIMASK, r1
    375c:	f3ef 8510 	mrs	r5, PRIMASK
    3760:	b672      	cpsid	i
  __ASM volatile ("dmb 0xF":::"memory");
    3762:	f3bf 8f5f 	dmb	sy
						if (ABS(mx.request.help_index) - 1 == i)
    3766:	4b67      	ldr	r3, [pc, #412]	; (3904 <mixer_process_rx_data+0x5ac>)
    3768:	f9b3 322e 	ldrsh.w	r3, [r3, #558]	; 0x22e
    376c:	2b00      	cmp	r3, #0
    376e:	bfb8      	it	lt
    3770:	425b      	neglt	r3, r3
    3772:	b29b      	uxth	r3, r3
    3774:	3b01      	subs	r3, #1
    3776:	42a3      	cmp	r3, r4
    3778:	d058      	beq.n	382c <mixer_process_rx_data+0x4d4>
    377a:	f3bf 8f5f 	dmb	sy
  __ASM volatile ("MSR primask, %0" : : "r" (priMask) : "memory");
    377e:	f385 8810 	msr	PRIMASK, r5
					gpi_memcpy_dma_aligned(mx.matrix[i].coding_vector, p->coding_vector,
    3782:	eb04 0384 	add.w	r3, r4, r4, lsl #2
    3786:	ea4f 0cc3 	mov.w	ip, r3, lsl #3
    378a:	4a62      	ldr	r2, [pc, #392]	; (3914 <mixer_process_rx_data+0x5bc>)
    378c:	eb02 08c3 	add.w	r8, r2, r3, lsl #3
    3790:	4b5d      	ldr	r3, [pc, #372]	; (3908 <mixer_process_rx_data+0x5b0>)
    3792:	681b      	ldr	r3, [r3, #0]
    3794:	f103 0508 	add.w	r5, r3, #8
    3798:	4647      	mov	r7, r8
    379a:	f103 0e28 	add.w	lr, r3, #40	; 0x28
    379e:	463e      	mov	r6, r7
    37a0:	6828      	ldr	r0, [r5, #0]
    37a2:	6869      	ldr	r1, [r5, #4]
    37a4:	68aa      	ldr	r2, [r5, #8]
    37a6:	68eb      	ldr	r3, [r5, #12]
    37a8:	c60f      	stmia	r6!, {r0, r1, r2, r3}
    37aa:	3510      	adds	r5, #16
    37ac:	4637      	mov	r7, r6
    37ae:	4575      	cmp	r5, lr
    37b0:	d1f5      	bne.n	379e <mixer_process_rx_data+0x446>
    37b2:	6828      	ldr	r0, [r5, #0]
    37b4:	6030      	str	r0, [r6, #0]
					mx.rank++;
    37b6:	4953      	ldr	r1, [pc, #332]	; (3904 <mixer_process_rx_data+0x5ac>)
    37b8:	f8b1 21c8 	ldrh.w	r2, [r1, #456]	; 0x1c8
    37bc:	3201      	adds	r2, #1
    37be:	b292      	uxth	r2, r2
    37c0:	f8a1 21c8 	strh.w	r2, [r1, #456]	; 0x1c8
					mx.tx_reserve = &mx.matrix[i];
    37c4:	f50c 7394 	add.w	r3, ip, #296	; 0x128
    37c8:	440b      	add	r3, r1
    37ca:	f8c1 3114 	str.w	r3, [r1, #276]	; 0x114
					if (mx.empty_row == &mx.matrix[i])
    37ce:	f8d1 11cc 	ldr.w	r1, [r1, #460]	; 0x1cc
    37d2:	428b      	cmp	r3, r1
    37d4:	d035      	beq.n	3842 <mixer_process_rx_data+0x4ea>
						mx.request.my_row_mask[i / FAST_T_WIDTH] &=	~gpi_slu(1, i % FAST_T_WIDTH);
    37d6:	0963      	lsrs	r3, r4, #5
    37d8:	4d4a      	ldr	r5, [pc, #296]	; (3904 <mixer_process_rx_data+0x5ac>)
    37da:	338c      	adds	r3, #140	; 0x8c
    37dc:	eb05 0383 	add.w	r3, r5, r3, lsl #2
    37e0:	f004 011f 	and.w	r1, r4, #31
    37e4:	2201      	movs	r2, #1
    37e6:	fa02 f101 	lsl.w	r1, r2, r1
    37ea:	685a      	ldr	r2, [r3, #4]
    37ec:	ea22 0201 	bic.w	r2, r2, r1
    37f0:	605a      	str	r2, [r3, #4]
							mx_request_clear(mx.request.my_column_mask, mx.matrix[i].coding_vector, sizeof(mx.request.my_column_mask));
    37f2:	2204      	movs	r2, #4
    37f4:	4641      	mov	r1, r8
    37f6:	f505 700e 	add.w	r0, r5, #568	; 0x238
    37fa:	f000 f935 	bl	3a68 <mx_request_clear>
						mx.request.my_column_pending =
    37fe:	f8a5 023c 	strh.w	r0, [r5, #572]	; 0x23c
					GPI_TRACE_MSG(TRACE_VERBOSE, "new row %u, rank: %u", i, mx.rank);
    3802:	e703      	b.n	360c <mixer_process_rx_data+0x2b4>
	assert(num_src <= MEMXOR_BLOCKSIZE);
    3804:	2287      	movs	r2, #135	; 0x87
    3806:	4944      	ldr	r1, [pc, #272]	; (3918 <mixer_process_rx_data+0x5c0>)
    3808:	4844      	ldr	r0, [pc, #272]	; (391c <mixer_process_rx_data+0x5c4>)
    380a:	f001 fadb 	bl	4dc4 <__assert>
	memxor_block_core(dest, src, size);
    380e:	2220      	movs	r2, #32
    3810:	4669      	mov	r1, sp
    3812:	4630      	mov	r0, r6
    3814:	f002 f84c 	bl	58b0 <__memxor_block_core_veneer>
	if (num_src < MEMXOR_BLOCKSIZE)
    3818:	e78c      	b.n	3734 <mixer_process_rx_data+0x3dc>
			ins.w[loop_start] = ins.w[2];
    381a:	68aa      	ldr	r2, [r5, #8]
    381c:	f845 2023 	str.w	r2, [r5, r3, lsl #2]
		loop_start = 18 - ((num_src + 1) / 2) * 4;
    3820:	461f      	mov	r7, r3
    3822:	e75b      	b.n	36dc <mixer_process_rx_data+0x384>
			ins.w[loop_start] = 0x0103ea81;
    3824:	4b3e      	ldr	r3, [pc, #248]	; (3920 <mixer_process_rx_data+0x5c8>)
    3826:	f845 3027 	str.w	r3, [r5, r7, lsl #2]
    382a:	e778      	b.n	371e <mixer_process_rx_data+0x3c6>
							assert(ABS(mx.request.help_index) - 1 != i);
    382c:	f44f 62fc 	mov.w	r2, #2016	; 0x7e0
    3830:	493c      	ldr	r1, [pc, #240]	; (3924 <mixer_process_rx_data+0x5cc>)
    3832:	483d      	ldr	r0, [pc, #244]	; (3928 <mixer_process_rx_data+0x5d0>)
    3834:	f001 fac6 	bl	4dc4 <__assert>
							mx.request.help_index = 0;
    3838:	4b32      	ldr	r3, [pc, #200]	; (3904 <mixer_process_rx_data+0x5ac>)
    383a:	2200      	movs	r2, #0
    383c:	f8a3 222e 	strh.w	r2, [r3, #558]	; 0x22e
    3840:	e79b      	b.n	377a <mixer_process_rx_data+0x422>
						if (MX_GENERATION_SIZE == mx.rank)
    3842:	2a04      	cmp	r2, #4
    3844:	d03b      	beq.n	38be <mixer_process_rx_data+0x566>
							while (mx.empty_row-- > &mx.matrix[0])
    3846:	4a2f      	ldr	r2, [pc, #188]	; (3904 <mixer_process_rx_data+0x5ac>)
    3848:	f502 7594 	add.w	r5, r2, #296	; 0x128
								if (UINT16_MAX == mx.empty_row->birth_slot)
    384c:	f64f 70ff 	movw	r0, #65535	; 0xffff
							while (mx.empty_row-- > &mx.matrix[0])
    3850:	f8d2 31cc 	ldr.w	r3, [r2, #460]	; 0x1cc
    3854:	f1a3 0128 	sub.w	r1, r3, #40	; 0x28
    3858:	f8c2 11cc 	str.w	r1, [r2, #460]	; 0x1cc
    385c:	42ab      	cmp	r3, r5
    385e:	d903      	bls.n	3868 <mixer_process_rx_data+0x510>
								if (UINT16_MAX == mx.empty_row->birth_slot)
    3860:	f833 3c28 	ldrh.w	r3, [r3, #-40]
    3864:	4283      	cmp	r3, r0
    3866:	d1f3      	bne.n	3850 <mixer_process_rx_data+0x4f8>
							if (mx.empty_row < &mx.matrix[0])
    3868:	4b30      	ldr	r3, [pc, #192]	; (392c <mixer_process_rx_data+0x5d4>)
    386a:	4299      	cmp	r1, r3
    386c:	d2b3      	bcs.n	37d6 <mixer_process_rx_data+0x47e>
								while (mx.empty_row-- > &mx.matrix[0])
    386e:	f5a3 7394 	sub.w	r3, r3, #296	; 0x128
    3872:	f503 72d0 	add.w	r2, r3, #416	; 0x1a0
    3876:	f8c3 21cc 	str.w	r2, [r3, #460]	; 0x1cc
    387a:	f503 73e4 	add.w	r3, r3, #456	; 0x1c8
									if (UINT16_MAX == mx.empty_row->birth_slot)
    387e:	f64f 75ff 	movw	r5, #65535	; 0xffff
								while (mx.empty_row-- > &mx.matrix[0])
    3882:	f5a2 72d0 	sub.w	r2, r2, #416	; 0x1a0
    3886:	f502 7094 	add.w	r0, r2, #296	; 0x128
									if (UINT16_MAX == mx.empty_row->birth_slot)
    388a:	f833 3c28 	ldrh.w	r3, [r3, #-40]
    388e:	42ab      	cmp	r3, r5
    3890:	d007      	beq.n	38a2 <mixer_process_rx_data+0x54a>
								while (mx.empty_row-- > &mx.matrix[0])
    3892:	f8d2 31cc 	ldr.w	r3, [r2, #460]	; 0x1cc
    3896:	f1a3 0128 	sub.w	r1, r3, #40	; 0x28
    389a:	f8c2 11cc 	str.w	r1, [r2, #460]	; 0x1cc
    389e:	4283      	cmp	r3, r0
    38a0:	d8f3      	bhi.n	388a <mixer_process_rx_data+0x532>
							assert(mx.empty_row >= &mx.matrix[0]);
    38a2:	4b18      	ldr	r3, [pc, #96]	; (3904 <mixer_process_rx_data+0x5ac>)
    38a4:	f503 7294 	add.w	r2, r3, #296	; 0x128
    38a8:	f8d3 31cc 	ldr.w	r3, [r3, #460]	; 0x1cc
    38ac:	4293      	cmp	r3, r2
    38ae:	d292      	bcs.n	37d6 <mixer_process_rx_data+0x47e>
    38b0:	f640 0218 	movw	r2, #2072	; 0x818
    38b4:	491b      	ldr	r1, [pc, #108]	; (3924 <mixer_process_rx_data+0x5cc>)
    38b6:	481e      	ldr	r0, [pc, #120]	; (3930 <mixer_process_rx_data+0x5d8>)
    38b8:	f001 fa84 	bl	4dc4 <__assert>
    38bc:	e78b      	b.n	37d6 <mixer_process_rx_data+0x47e>
							mx.empty_row = NULL;
    38be:	4b11      	ldr	r3, [pc, #68]	; (3904 <mixer_process_rx_data+0x5ac>)
    38c0:	2200      	movs	r2, #0
    38c2:	f8c3 21cc 	str.w	r2, [r3, #460]	; 0x1cc
    38c6:	e786      	b.n	37d6 <mixer_process_rx_data+0x47e>
					update_full_rank_map(NULL);
    38c8:	2000      	movs	r0, #0
    38ca:	f7fe fe5b 	bl	2584 <update_full_rank_map>
			mx.rx_queue_num_read++;
    38ce:	4b0d      	ldr	r3, [pc, #52]	; (3904 <mixer_process_rx_data+0x5ac>)
    38d0:	f8d3 20d8 	ldr.w	r2, [r3, #216]	; 0xd8
    38d4:	3201      	adds	r2, #1
    38d6:	f8c3 20d8 	str.w	r2, [r3, #216]	; 0xd8
				mx.stat_counter.num_rx_queue_processed++;
    38da:	f8b3 2284 	ldrh.w	r2, [r3, #644]	; 0x284
    38de:	3201      	adds	r2, #1
    38e0:	f8a3 2284 	strh.w	r2, [r3, #644]	; 0x284
			PT_YIELD(pt);
    38e4:	4b13      	ldr	r3, [pc, #76]	; (3934 <mixer_process_rx_data+0x5dc>)
    38e6:	f640 027e 	movw	r2, #2174	; 0x87e
    38ea:	805a      	strh	r2, [r3, #2]
						PT_YIELD(pt);
    38ec:	2001      	movs	r0, #1
}
    38ee:	b009      	add	sp, #36	; 0x24
    38f0:	e8bd 83f0 	ldmia.w	sp!, {r4, r5, r6, r7, r8, r9, pc}
	PT_END(pt);
    38f4:	4b0f      	ldr	r3, [pc, #60]	; (3934 <mixer_process_rx_data+0x5dc>)
    38f6:	2200      	movs	r2, #0
    38f8:	805a      	strh	r2, [r3, #2]
    38fa:	2003      	movs	r0, #3
    38fc:	e7f7      	b.n	38ee <mixer_process_rx_data+0x596>
		PT_WAIT_UNTIL(pt, mx.events & BV(RX_READY));
    38fe:	2000      	movs	r0, #0
	PT_END(pt);
    3900:	e7f5      	b.n	38ee <mixer_process_rx_data+0x596>
    3902:	bf00      	nop
    3904:	2000017c 	.word	0x2000017c
    3908:	2000042c 	.word	0x2000042c
    390c:	2000002b 	.word	0x2000002b
    3910:	0104ea81 	.word	0x0104ea81
    3914:	200002a8 	.word	0x200002a8
    3918:	0000641c 	.word	0x0000641c
    391c:	00006474 	.word	0x00006474
    3920:	0103ea81 	.word	0x0103ea81
    3924:	00006390 	.word	0x00006390
    3928:	00006490 	.word	0x00006490
    392c:	200002a4 	.word	0x200002a4
    3930:	000064b4 	.word	0x000064b4
    3934:	20000430 	.word	0x20000430

00003938 <mixer_maintenance>:

PT_THREAD(mixer_maintenance())
{
	Pt_Context* const	pt = pt_maintenance;

	PT_BEGIN(pt);
    3938:	4b3e      	ldr	r3, [pc, #248]	; (3a34 <mixer_maintenance+0xfc>)
    393a:	889b      	ldrh	r3, [r3, #4]
    393c:	b143      	cbz	r3, 3950 <mixer_maintenance+0x18>
    393e:	f640 122d 	movw	r2, #2349	; 0x92d
    3942:	4293      	cmp	r3, r2
    3944:	d017      	beq.n	3976 <mixer_maintenance+0x3e>
			}

		#endif
	}

	PT_END(pt);
    3946:	4b3b      	ldr	r3, [pc, #236]	; (3a34 <mixer_maintenance+0xfc>)
    3948:	2200      	movs	r2, #0
    394a:	809a      	strh	r2, [r3, #4]
    394c:	2003      	movs	r0, #3
    394e:	4770      	bx	lr
	_gpi_clocks_fast_timer->TASKS_CAPTURE[GPI_FAST_CLOCK_NRF_CAPTURE_REG] = 1;
    3950:	4b39      	ldr	r3, [pc, #228]	; (3a38 <mixer_maintenance+0x100>)
    3952:	2201      	movs	r2, #1
    3954:	641a      	str	r2, [r3, #64]	; 0x40
	return _gpi_clocks_fast_timer->CC[GPI_FAST_CLOCK_NRF_CAPTURE_REG];
    3956:	f8d3 3540 	ldr.w	r3, [r3, #1344]	; 0x540
	mx.round_deadline = gpi_tick_hybrid() + (GPI_TICK_HYBRID_MAX / 2);
    395a:	4a38      	ldr	r2, [pc, #224]	; (3a3c <mixer_maintenance+0x104>)
    395c:	f103 4300 	add.w	r3, r3, #2147483648	; 0x80000000
    3960:	3b01      	subs	r3, #1
    3962:	f8c2 3120 	str.w	r3, [r2, #288]	; 0x120
	mx.round_deadline_update_slot = UINT16_MAX;
    3966:	f64f 73ff 	movw	r3, #65535	; 0xffff
    396a:	f8a2 3124 	strh.w	r3, [r2, #292]	; 0x124
		PT_WAIT_UNTIL(pt, mx.events & BV(TRIGGER_TICK));
    396e:	4b31      	ldr	r3, [pc, #196]	; (3a34 <mixer_maintenance+0xfc>)
    3970:	f640 122d 	movw	r2, #2349	; 0x92d
    3974:	809a      	strh	r2, [r3, #4]
    3976:	4b31      	ldr	r3, [pc, #196]	; (3a3c <mixer_maintenance+0x104>)
    3978:	f8d3 311c 	ldr.w	r3, [r3, #284]	; 0x11c
    397c:	f013 0f08 	tst.w	r3, #8
    3980:	d056      	beq.n	3a30 <mixer_maintenance+0xf8>
  __ASM volatile ("dmb 0xF":::"memory");
    3982:	f3bf 8f5f 	dmb	sy
		__asm__
    3986:	4b2d      	ldr	r3, [pc, #180]	; (3a3c <mixer_maintenance+0x104>)
    3988:	f06f 0208 	mvn.w	r2, #8
    398c:	f503 708e 	add.w	r0, r3, #284	; 0x11c
    3990:	e850 1f00 	ldrex	r1, [r0]
    3994:	ea01 0102 	and.w	r1, r1, r2
    3998:	e840 1200 	strex	r2, r1, [r0]
    399c:	2a00      	cmp	r2, #0
    399e:	d1f7      	bne.n	3990 <mixer_maintenance+0x58>
    39a0:	f3bf 8f5f 	dmb	sy
	_gpi_clocks_fast_timer->TASKS_CAPTURE[GPI_FAST_CLOCK_NRF_CAPTURE_REG] = 1;
    39a4:	4a24      	ldr	r2, [pc, #144]	; (3a38 <mixer_maintenance+0x100>)
    39a6:	2101      	movs	r1, #1
    39a8:	6411      	str	r1, [r2, #64]	; 0x40
	return _gpi_clocks_fast_timer->CC[GPI_FAST_CLOCK_NRF_CAPTURE_REG];
    39aa:	f8d2 2540 	ldr.w	r2, [r2, #1344]	; 0x540
		if ((mx.slot_number >= MX_ROUND_LENGTH) || (gpi_tick_compare_hybrid(now, mx.round_deadline) >= 0))
    39ae:	f8b3 3118 	ldrh.w	r3, [r3, #280]	; 0x118
    39b2:	b29b      	uxth	r3, r3
    39b4:	2bbd      	cmp	r3, #189	; 0xbd
    39b6:	d806      	bhi.n	39c6 <mixer_maintenance+0x8e>
    39b8:	f5a0 738e 	sub.w	r3, r0, #284	; 0x11c
_GPI_TICK_COMPARE_FUNCTION(hybrid, 			Gpi_Hybrid_Tick)
    39bc:	f8d3 3120 	ldr.w	r3, [r3, #288]	; 0x120
    39c0:	1ad3      	subs	r3, r2, r3
    39c2:	2b00      	cmp	r3, #0
    39c4:	db1b      	blt.n	39fe <mixer_maintenance+0xc6>
{
    39c6:	b510      	push	{r4, lr}
    39c8:	f3bf 8f5f 	dmb	sy
		__asm__
    39cc:	4b1b      	ldr	r3, [pc, #108]	; (3a3c <mixer_maintenance+0x104>)
    39ce:	2220      	movs	r2, #32
    39d0:	f503 738e 	add.w	r3, r3, #284	; 0x11c
    39d4:	e853 1f00 	ldrex	r1, [r3]
    39d8:	ea41 0102 	orr.w	r1, r1, r2
    39dc:	e843 1200 	strex	r2, r1, [r3]
    39e0:	2a00      	cmp	r2, #0
    39e2:	d1f7      	bne.n	39d4 <mixer_maintenance+0x9c>
    39e4:	f3bf 8f5f 	dmb	sy
			while (!mixer_transport_set_next_slot_task(STOP));
    39e8:	2402      	movs	r4, #2
    39ea:	4620      	mov	r0, r4
    39ec:	f001 f99e 	bl	4d2c <mixer_transport_set_next_slot_task>
    39f0:	2800      	cmp	r0, #0
    39f2:	d0fa      	beq.n	39ea <mixer_maintenance+0xb2>
			PT_EXIT(pt);
    39f4:	4b0f      	ldr	r3, [pc, #60]	; (3a34 <mixer_maintenance+0xfc>)
    39f6:	2200      	movs	r2, #0
    39f8:	809a      	strh	r2, [r3, #4]
    39fa:	2002      	movs	r0, #2
}
    39fc:	bd10      	pop	{r4, pc}
		else if (mx.round_deadline_update_slot != mx.slot_number)
    39fe:	490f      	ldr	r1, [pc, #60]	; (3a3c <mixer_maintenance+0x104>)
    3a00:	f8b1 3118 	ldrh.w	r3, [r1, #280]	; 0x118
    3a04:	b29b      	uxth	r3, r3
    3a06:	f8b1 1124 	ldrh.w	r1, [r1, #292]	; 0x124
    3a0a:	4299      	cmp	r1, r3
    3a0c:	d0af      	beq.n	396e <mixer_maintenance+0x36>
			mx.round_deadline_update_slot = mx.slot_number;
    3a0e:	490b      	ldr	r1, [pc, #44]	; (3a3c <mixer_maintenance+0x104>)
    3a10:	f8b1 3118 	ldrh.w	r3, [r1, #280]	; 0x118
    3a14:	f8a1 3124 	strh.w	r3, [r1, #292]	; 0x124
				gpi_mulu((Gpi_Hybrid_Tick)MX_SLOT_LENGTH, (typeof(mx.slot_number))MX_ROUND_LENGTH - mx.slot_number);
    3a18:	f8b1 3118 	ldrh.w	r3, [r1, #280]	; 0x118
    3a1c:	b29b      	uxth	r3, r3
    3a1e:	f1c3 03be 	rsb	r3, r3, #190	; 0xbe
			mx.round_deadline = now +
    3a22:	f44f 50c8 	mov.w	r0, #6400	; 0x1900
    3a26:	fb00 2203 	mla	r2, r0, r3, r2
    3a2a:	f8c1 2120 	str.w	r2, [r1, #288]	; 0x120
			GPI_TRACE_MSG(TRACE_INFO, "round deadline: %lu (%luus from now)",
    3a2e:	e79e      	b.n	396e <mixer_maintenance+0x36>
		PT_WAIT_UNTIL(pt, mx.events & BV(TRIGGER_TICK));
    3a30:	2000      	movs	r0, #0
}
    3a32:	4770      	bx	lr
    3a34:	20000430 	.word	0x20000430
    3a38:	40008000 	.word	0x40008000
    3a3c:	2000017c 	.word	0x2000017c

00003a40 <mixer_rand_seed>:
//**************************************************************************************************
//***** Global Functions ***************************************************************************

void mixer_rand_seed(uint32_t seed)
{
	rand_state = seed;
    3a40:	4b01      	ldr	r3, [pc, #4]	; (3a48 <mixer_rand_seed+0x8>)
    3a42:	6018      	str	r0, [r3, #0]
}
    3a44:	4770      	bx	lr
    3a46:	bf00      	nop
    3a48:	20000088 	.word	0x20000088

00003a4c <mixer_rand>:
			if (!(++i & 1))
				return rand_state >> 16;

		#endif

		rand_state ^= rand_state << 2;
    3a4c:	4b05      	ldr	r3, [pc, #20]	; (3a64 <mixer_rand+0x18>)
    3a4e:	6818      	ldr	r0, [r3, #0]
    3a50:	ea80 0080 	eor.w	r0, r0, r0, lsl #2
		rand_state ^= rand_state >> 15;
    3a54:	ea80 30d0 	eor.w	r0, r0, r0, lsr #15
		rand_state ^= rand_state << 17;
    3a58:	ea80 4040 	eor.w	r0, r0, r0, lsl #17
    3a5c:	6018      	str	r0, [r3, #0]

	#endif

	return rand_state;
}
    3a5e:	b280      	uxth	r0, r0
    3a60:	4770      	bx	lr
    3a62:	bf00      	nop
    3a64:	20000088 	.word	0x20000088

00003a68 <mx_request_clear>:

//**************************************************************************************************
//***** Global Functions ***************************************************************************

uint16_t mx_request_clear(uint_fast_t *dest, const void *src, unsigned int size)
{
    3a68:	b470      	push	{r4, r5, r6}
	while (pd < (uint8_t*)&dest[size / sizeof(*dest)])
    3a6a:	f022 0503 	bic.w	r5, r2, #3
    3a6e:	1943      	adds	r3, r0, r5
    3a70:	4298      	cmp	r0, r3
    3a72:	d211      	bcs.n	3a98 <mx_request_clear+0x30>
    3a74:	4604      	mov	r4, r0
    3a76:	440d      	add	r5, r1
	uint16_t		 c = 0;
    3a78:	2000      	movs	r0, #0
    3a7a:	4e08      	ldr	r6, [pc, #32]	; (3a9c <mx_request_clear+0x34>)
		*pd &= ~(*ps++);
    3a7c:	f811 2b01 	ldrb.w	r2, [r1], #1
    3a80:	7823      	ldrb	r3, [r4, #0]
    3a82:	ea23 0302 	bic.w	r3, r3, r2
    3a86:	f804 3b01 	strb.w	r3, [r4], #1
		c += gpi_popcnt_8(*pd++);
    3a8a:	5cf3      	ldrb	r3, [r6, r3]
    3a8c:	4418      	add	r0, r3
    3a8e:	b280      	uxth	r0, r0
	while (pd < (uint8_t*)&dest[size / sizeof(*dest)])
    3a90:	428d      	cmp	r5, r1
    3a92:	d1f3      	bne.n	3a7c <mx_request_clear+0x14>
	return request_clear(dest, src, size);
}
    3a94:	bc70      	pop	{r4, r5, r6}
    3a96:	4770      	bx	lr
	uint16_t		 c = 0;
    3a98:	2000      	movs	r0, #0
    3a9a:	e7fb      	b.n	3a94 <mx_request_clear+0x2c>
    3a9c:	00005d9c 	.word	0x00005d9c

00003aa0 <mx_update_request>:

//**************************************************************************************************

void mx_update_request(const Packet *p)
{
    3aa0:	b538      	push	{r3, r4, r5, lr}
    3aa2:	4604      	mov	r4, r0
	GPI_TRACE_FUNCTION();
	PROFILE("mx_update_request() begin");

	if ((p != &mx.tx_packet) && !(p->flags.is_full_rank))
    3aa4:	4b4a      	ldr	r3, [pc, #296]	; (3bd0 <mx_update_request+0x130>)
    3aa6:	4298      	cmp	r0, r3
    3aa8:	d017      	beq.n	3ada <mx_update_request+0x3a>
    3aaa:	79c3      	ldrb	r3, [r0, #7]
    3aac:	f990 2007 	ldrsb.w	r2, [r0, #7]
    3ab0:	2a00      	cmp	r2, #0
    3ab2:	db12      	blt.n	3ada <mx_update_request+0x3a>
		// request information, which is a significant, but not fatal, error. In contrast, we have
		// to make absolutely sure that there are no side effects to memory outside of the request
		// information. This could happen at the following memcpy() calls if we wouldn't handle
		// sender_id in a save way.

		uint8_t sender_id = p->sender_id;
    3ab4:	7982      	ldrb	r2, [r0, #6]
		if (sender_id >= MX_NUM_NODES)
    3ab6:	2a02      	cmp	r2, #2
    3ab8:	d81f      	bhi.n	3afa <mx_update_request+0x5a>
			GPI_TRACE_RETURN();

		if (p->flags.info_type == IT_COLUMN_REQUEST)
    3aba:	f003 030f 	and.w	r3, r3, #15
    3abe:	2b03      	cmp	r3, #3
    3ac0:	d01c      	beq.n	3afc <mx_update_request+0x5c>
			// is not present but part in some linear combination.
				request_or(mx.history[sender_id].row_map, p->info_vector, sizeof(p->info_vector));
			#endif
		}

		else if (p->flags.info_type == IT_ROW_REQUEST)
    3ac2:	2b02      	cmp	r3, #2
    3ac4:	d039      	beq.n	3b3a <mx_update_request+0x9a>
			update_request_marker(&mx.request.row, p);

		// NOTE: ROW_MAP and ROW_REQUEST share the same IV. Here we basically check if the IV
		// contains this information.
		#if MX_REQUEST_HEURISTIC > 1
			if ((p->flags.all & EIT_ROW_MAP_mask) == EIT_ROW_MAP_pattern)
    3ac6:	79e3      	ldrb	r3, [r4, #7]
    3ac8:	f013 0f8d 	tst.w	r3, #141	; 0x8d
    3acc:	d105      	bne.n	3ada <mx_update_request+0x3a>
	__builtin_memcpy(dest, src, size);
    3ace:	f894 1029 	ldrb.w	r1, [r4, #41]	; 0x29
				gpi_memcpy_dma_inline(mx.history[sender_id].row_map, p->info_vector, sizeof(p->info_vector));
    3ad2:	323b      	adds	r2, #59	; 0x3b
    3ad4:	4b3f      	ldr	r3, [pc, #252]	; (3bd4 <mx_update_request+0x134>)
    3ad6:	f803 1032 	strb.w	r1, [r3, r2, lsl #3]
		#endif
	}

	// snoop coding vector and update any_pending data

	if (mx.request.column.any_pending)
    3ada:	4b3f      	ldr	r3, [pc, #252]	; (3bd8 <mx_update_request+0x138>)
    3adc:	f8d3 3228 	ldr.w	r3, [r3, #552]	; 0x228
    3ae0:	b133      	cbz	r3, 3af0 <mx_update_request+0x50>
	{
		uint_fast16_t last = mx.request.column.any_pending;

		mx.request.column.any_pending =
    3ae2:	4b3d      	ldr	r3, [pc, #244]	; (3bd8 <mx_update_request+0x138>)
    3ae4:	2200      	movs	r2, #0
    3ae6:	f8c3 2228 	str.w	r2, [r3, #552]	; 0x228
			request_clear(mx.request.column.any_mask, p->coding_vector, sizeof(p->coding_vector));
		request_clear(mx.request.column.all_mask, p->coding_vector, sizeof(p->coding_vector));

		if (mx.request.column.any_pending != last)
			mx.request.last_update_slot = p->slot_number;
    3aea:	88a2      	ldrh	r2, [r4, #4]
    3aec:	f8a3 222c 	strh.w	r2, [r3, #556]	; 0x22c
	}

	if (mx.request.row.any_pending)
    3af0:	4b39      	ldr	r3, [pc, #228]	; (3bd8 <mx_update_request+0x138>)
    3af2:	f8d3 321c 	ldr.w	r3, [r3, #540]	; 0x21c
    3af6:	2b00      	cmp	r3, #0
    3af8:	d13e      	bne.n	3b78 <mx_update_request+0xd8>

	TRACE_DUMP(1, "any_row_mask:", mx.request.row.any_mask, sizeof(mx.request.row.any_mask));
	TRACE_DUMP(1, "any_column_mask:", mx.request.column.any_mask, sizeof(mx.request.column.any_mask));

	GPI_TRACE_RETURN();
}
    3afa:	bd38      	pop	{r3, r4, r5, pc}
	if (!(m->any_pending))
    3afc:	4b36      	ldr	r3, [pc, #216]	; (3bd8 <mx_update_request+0x138>)
    3afe:	f8d3 3228 	ldr.w	r3, [r3, #552]	; 0x228
    3b02:	b94b      	cbnz	r3, 3b18 <mx_update_request+0x78>
    3b04:	f890 1029 	ldrb.w	r1, [r0, #41]	; 0x29
    3b08:	4b33      	ldr	r3, [pc, #204]	; (3bd8 <mx_update_request+0x138>)
    3b0a:	f883 1224 	strb.w	r1, [r3, #548]	; 0x224
    3b0e:	f883 1220 	strb.w	r1, [r3, #544]	; 0x220
		m->any_pending = 1;	// temporary, will be updated together with following coding vector snoop
    3b12:	2101      	movs	r1, #1
    3b14:	f8c3 1228 	str.w	r1, [r3, #552]	; 0x228
	m->any_mask[NUM_ELEMENTS(m->any_mask) - 1] &= mx.request.padding_mask;
    3b18:	4b2f      	ldr	r3, [pc, #188]	; (3bd8 <mx_update_request+0x138>)
    3b1a:	f8d3 5240 	ldr.w	r5, [r3, #576]	; 0x240
    3b1e:	f8d3 0224 	ldr.w	r0, [r3, #548]	; 0x224
    3b22:	4028      	ands	r0, r5
    3b24:	f8c3 0224 	str.w	r0, [r3, #548]	; 0x224
	m->all_mask[NUM_ELEMENTS(m->all_mask) - 1] &= mx.request.padding_mask;
    3b28:	f8d3 1220 	ldr.w	r1, [r3, #544]	; 0x220
    3b2c:	4029      	ands	r1, r5
    3b2e:	f8c3 1220 	str.w	r1, [r3, #544]	; 0x220
	mx.request.last_update_slot = p->slot_number;
    3b32:	88a1      	ldrh	r1, [r4, #4]
    3b34:	f8a3 122c 	strh.w	r1, [r3, #556]	; 0x22c
	while (pd < (uint8_t*)&dest[size / sizeof(*dest)])
    3b38:	e7c5      	b.n	3ac6 <mx_update_request+0x26>
	if (!(m->any_pending))
    3b3a:	4b27      	ldr	r3, [pc, #156]	; (3bd8 <mx_update_request+0x138>)
    3b3c:	f8d3 321c 	ldr.w	r3, [r3, #540]	; 0x21c
    3b40:	b94b      	cbnz	r3, 3b56 <mx_update_request+0xb6>
    3b42:	f890 1029 	ldrb.w	r1, [r0, #41]	; 0x29
    3b46:	4b24      	ldr	r3, [pc, #144]	; (3bd8 <mx_update_request+0x138>)
    3b48:	f883 1218 	strb.w	r1, [r3, #536]	; 0x218
    3b4c:	f883 1214 	strb.w	r1, [r3, #532]	; 0x214
		m->any_pending = 1;	// temporary, will be updated together with following coding vector snoop
    3b50:	2101      	movs	r1, #1
    3b52:	f8c3 121c 	str.w	r1, [r3, #540]	; 0x21c
	m->any_mask[NUM_ELEMENTS(m->any_mask) - 1] &= mx.request.padding_mask;
    3b56:	4b20      	ldr	r3, [pc, #128]	; (3bd8 <mx_update_request+0x138>)
    3b58:	f8d3 5240 	ldr.w	r5, [r3, #576]	; 0x240
    3b5c:	f8d3 0218 	ldr.w	r0, [r3, #536]	; 0x218
    3b60:	4028      	ands	r0, r5
    3b62:	f8c3 0218 	str.w	r0, [r3, #536]	; 0x218
	m->all_mask[NUM_ELEMENTS(m->all_mask) - 1] &= mx.request.padding_mask;
    3b66:	f8d3 1214 	ldr.w	r1, [r3, #532]	; 0x214
    3b6a:	4029      	ands	r1, r5
    3b6c:	f8c3 1214 	str.w	r1, [r3, #532]	; 0x214
	mx.request.last_update_slot = p->slot_number;
    3b70:	88a1      	ldrh	r1, [r4, #4]
    3b72:	f8a3 122c 	strh.w	r1, [r3, #556]	; 0x22c
}
    3b76:	e7a6      	b.n	3ac6 <mx_update_request+0x26>
		int_fast16_t i = mx_get_leading_index(p->coding_vector);
    3b78:	f104 0008 	add.w	r0, r4, #8
    3b7c:	f000 f82e 	bl	3bdc <mx_get_leading_index>
		if (i >= 0)
    3b80:	2800      	cmp	r0, #0
    3b82:	db17      	blt.n	3bb4 <mx_update_request+0x114>
			uint_fast_t m = gpi_slu(1, i);
    3b84:	2301      	movs	r3, #1
    3b86:	4083      	lsls	r3, r0
			if (mx.request.row.any_mask[i / (sizeof(m) * 8)] & m)
    3b88:	0940      	lsrs	r0, r0, #5
    3b8a:	4a13      	ldr	r2, [pc, #76]	; (3bd8 <mx_update_request+0x138>)
    3b8c:	eb02 0280 	add.w	r2, r2, r0, lsl #2
    3b90:	f8d2 2218 	ldr.w	r2, [r2, #536]	; 0x218
    3b94:	421a      	tst	r2, r3
    3b96:	d00d      	beq.n	3bb4 <mx_update_request+0x114>
				mx.request.row.any_mask[i / (sizeof(m) * 8)] &= ~m;
    3b98:	490f      	ldr	r1, [pc, #60]	; (3bd8 <mx_update_request+0x138>)
    3b9a:	3084      	adds	r0, #132	; 0x84
    3b9c:	eb01 0080 	add.w	r0, r1, r0, lsl #2
    3ba0:	ea22 0203 	bic.w	r2, r2, r3
    3ba4:	6082      	str	r2, [r0, #8]
				mx.request.row.all_mask[i / (sizeof(m) * 8)] &= ~m;
    3ba6:	6842      	ldr	r2, [r0, #4]
    3ba8:	ea22 0303 	bic.w	r3, r2, r3
    3bac:	6043      	str	r3, [r0, #4]
				mx.request.last_update_slot = p->slot_number;
    3bae:	88a3      	ldrh	r3, [r4, #4]
    3bb0:	f8a1 322c 	strh.w	r3, [r1, #556]	; 0x22c
		mx.request.row.any_pending = 0;
    3bb4:	4b08      	ldr	r3, [pc, #32]	; (3bd8 <mx_update_request+0x138>)
    3bb6:	2200      	movs	r2, #0
    3bb8:	f8c3 221c 	str.w	r2, [r3, #540]	; 0x21c
			if (mx.request.row.any_mask[i])
    3bbc:	f8d3 3218 	ldr.w	r3, [r3, #536]	; 0x218
    3bc0:	2b00      	cmp	r3, #0
    3bc2:	d09a      	beq.n	3afa <mx_update_request+0x5a>
				mx.request.row.any_pending = 1;
    3bc4:	4b04      	ldr	r3, [pc, #16]	; (3bd8 <mx_update_request+0x138>)
    3bc6:	2201      	movs	r2, #1
    3bc8:	f8c3 221c 	str.w	r2, [r3, #540]	; 0x21c
				break;
    3bcc:	e795      	b.n	3afa <mx_update_request+0x5a>
    3bce:	bf00      	nop
    3bd0:	20000258 	.word	0x20000258
    3bd4:	20000180 	.word	0x20000180
    3bd8:	2000017c 	.word	0x2000017c

00003bdc <mx_get_leading_index>:
	const uint32_t	*p = (const uint32_t*)pcv;
	int_fast16_t	i;

	for (i = 0; i < sizeof_member(Packet, coding_vector) * 32; i += 32, p++)
	{
		if (*p)
    3bdc:	6803      	ldr	r3, [r0, #0]
    3bde:	b913      	cbnz	r3, 3be6 <mx_get_leading_index+0xa>
			// ATTENTION: unused coding vector bits may be non-zero
			return (i < MX_GENERATION_SIZE) ? i : -1;
        }
	}

	return -1;
    3be0:	f04f 30ff 	mov.w	r0, #4294967295	; 0xffffffff
}
    3be4:	4770      	bx	lr
		asm
    3be6:	2b00      	cmp	r3, #0
    3be8:	bf0e      	itee	eq
    3bea:	3b01      	subeq	r3, #1
    3bec:	fa93 f3a3 	rbitne	r3, r3
    3bf0:	fab3 f383 	clzne	r3, r3
			return (i < MX_GENERATION_SIZE) ? i : -1;
    3bf4:	2b04      	cmp	r3, #4
    3bf6:	bf34      	ite	cc
    3bf8:	4618      	movcc	r0, r3
    3bfa:	f04f 30ff 	movcs.w	r0, #4294967295	; 0xffffffff
    3bfe:	4770      	bx	lr

00003c00 <start_grid_timer>:
	_gpi_clocks_fast_timer->TASKS_CAPTURE[GPI_FAST_CLOCK_NRF_CAPTURE_REG] = 1;
    3c00:	4b1c      	ldr	r3, [pc, #112]	; (3c74 <start_grid_timer+0x74>)
    3c02:	2201      	movs	r2, #1
    3c04:	641a      	str	r2, [r3, #64]	; 0x40
	return _gpi_clocks_fast_timer->CC[GPI_FAST_CLOCK_NRF_CAPTURE_REG];
    3c06:	f8d3 2540 	ldr.w	r2, [r3, #1344]	; 0x540

	Gpi_Hybrid_Reference	r;
	Gpi_Hybrid_Tick			d, t;

	r = gpi_tick_hybrid_reference();
	d = s.next_trigger_tick - r.hybrid_tick;
    3c0a:	4b1b      	ldr	r3, [pc, #108]	; (3c78 <start_grid_timer+0x78>)

	t = s.next_trigger_tick - GPI_TICK_US_TO_HYBRID(ISR_LATENCY_BUFFER);
    3c0c:	689b      	ldr	r3, [r3, #8]
    3c0e:	f5a3 73a0 	sub.w	r3, r3, #320	; 0x140
    3c12:	1ad2      	subs	r2, r2, r3
    3c14:	2a00      	cmp	r2, #0
    3c16:	db1c      	blt.n	3c52 <start_grid_timer+0x52>
	__asm__ volatile
    3c18:	4b16      	ldr	r3, [pc, #88]	; (3c74 <start_grid_timer+0x74>)
    3c1a:	2201      	movs	r2, #1
    3c1c:	64da      	str	r2, [r3, #76]	; 0x4c
    3c1e:	f8d3 254c 	ldr.w	r2, [r3, #1356]	; 0x54c
    3c22:	f102 020a 	add.w	r2, r2, #10
    3c26:	f8c3 254c 	str.w	r2, [r3, #1356]	; 0x54c
	MAIN_TIMER->INTENSET = 0x10000 << MAIN_TIMER_CC_INDEX;
    3c2a:	f44f 2200 	mov.w	r2, #524288	; 0x80000
    3c2e:	f8c3 2304 	str.w	r2, [r3, #772]	; 0x304
#if GPI_HYBRID_CLOCK_USE_VHT
		mask_slow_timer();
#endif

		#if MX_VERBOSE_STATISTICS
			mx.stat_counter.num_grid_late++;
    3c32:	4a12      	ldr	r2, [pc, #72]	; (3c7c <start_grid_timer+0x7c>)
    3c34:	f8b2 327c 	ldrh.w	r3, [r2, #636]	; 0x27c
    3c38:	3301      	adds	r3, #1
    3c3a:	f8a2 327c 	strh.w	r3, [r2, #636]	; 0x27c
		// we do it here for sure.
		mask_main_timer();
*/	}
#endif

	s.slot_state = (RESYNC == s.slot_state) ? RESYNC : IDLE;
    3c3e:	4b0e      	ldr	r3, [pc, #56]	; (3c78 <start_grid_timer+0x78>)
    3c40:	f893 3050 	ldrb.w	r3, [r3, #80]	; 0x50
    3c44:	2b00      	cmp	r3, #0
    3c46:	bf18      	it	ne
    3c48:	230c      	movne	r3, #12
    3c4a:	4a0b      	ldr	r2, [pc, #44]	; (3c78 <start_grid_timer+0x78>)
    3c4c:	f882 3050 	strb.w	r3, [r2, #80]	; 0x50

	GPI_TRACE_RETURN_FAST();
}
    3c50:	4770      	bx	lr
		MAIN_TIMER_CC_REG = r.fast_capture + (d * FAST_HYBRID_RATIO) - GPI_TICK_US_TO_FAST(ISR_LATENCY_BUFFER);
    3c52:	4a08      	ldr	r2, [pc, #32]	; (3c74 <start_grid_timer+0x74>)
    3c54:	f8c2 354c 	str.w	r3, [r2, #1356]	; 0x54c
		MAIN_TIMER->EVENTS_COMPARE[MAIN_TIMER_CC_INDEX] = 0;
    3c58:	2300      	movs	r3, #0
    3c5a:	f8c2 314c 	str.w	r3, [r2, #332]	; 0x14c
  NVIC->ICPR[(((uint32_t)(int32_t)IRQn) >> 5UL)] = (uint32_t)(1UL << (((uint32_t)(int32_t)IRQn) & 0x1FUL));
    3c5e:	4b08      	ldr	r3, [pc, #32]	; (3c80 <start_grid_timer+0x80>)
    3c60:	f44f 7180 	mov.w	r1, #256	; 0x100
    3c64:	f8c3 1180 	str.w	r1, [r3, #384]	; 0x180
	MAIN_TIMER->INTENSET = 0x10000 << MAIN_TIMER_CC_INDEX;
    3c68:	f44f 2300 	mov.w	r3, #524288	; 0x80000
    3c6c:	f8c2 3304 	str.w	r3, [r2, #772]	; 0x304
}
    3c70:	e7e5      	b.n	3c3e <start_grid_timer+0x3e>
    3c72:	bf00      	nop
    3c74:	40008000 	.word	0x40008000
    3c78:	20000440 	.word	0x20000440
    3c7c:	2000017c 	.word	0x2000017c
    3c80:	e000e100 	.word	0xe000e100

00003c84 <RADIO_IRQHandler_>:
}

//**************************************************************************************************

void LED_ISR(RADIO_IRQHandler, LED_RADIO_ISR)
{
    3c84:	b538      	push	{r3, r4, r5, lr}
	GPI_TRACE_FUNCTION_FAST();
	PROFILE_ISR("radio ISR entry");

	// if Rx
	// NOTE: s.slot_state = RX_RUNNING or RESYNC
	if (TX_RUNNING != s.slot_state)
    3c86:	4bc1      	ldr	r3, [pc, #772]	; (3f8c <RADIO_IRQHandler_+0x308>)
    3c88:	f893 3050 	ldrb.w	r3, [r3, #80]	; 0x50
    3c8c:	2b0c      	cmp	r3, #12
    3c8e:	f000 81c2 	beq.w	4016 <RADIO_IRQHandler_+0x392>
	{
		// if frame detected
		if (NRF_RADIO->EVENTS_ADDRESS && BV_TEST_BY_VALUE(NRF_RADIO->INTENSET, RADIO_INTENSET_ADDRESS, 1))
    3c92:	4bbf      	ldr	r3, [pc, #764]	; (3f90 <RADIO_IRQHandler_+0x30c>)
    3c94:	f8d3 3104 	ldr.w	r3, [r3, #260]	; 0x104
    3c98:	b12b      	cbz	r3, 3ca6 <RADIO_IRQHandler_+0x22>
    3c9a:	4bbd      	ldr	r3, [pc, #756]	; (3f90 <RADIO_IRQHandler_+0x30c>)
    3c9c:	f8d3 3304 	ldr.w	r3, [r3, #772]	; 0x304
    3ca0:	f013 0f02 	tst.w	r3, #2
    3ca4:	d132      	bne.n	3d0c <RADIO_IRQHandler_+0x88>
		// (via PPI link), there is no reason to distinguish this case here.

		gpi_led_off(LED_RX);

		// mask radio interrupts and events
		NRF_RADIO->INTENCLR = -1u;
    3ca6:	4aba      	ldr	r2, [pc, #744]	; (3f90 <RADIO_IRQHandler_+0x30c>)
    3ca8:	f04f 33ff 	mov.w	r3, #4294967295	; 0xffffffff
    3cac:	f8c2 3308 	str.w	r3, [r2, #776]	; 0x308
		NRF_PPI->CHENCLR = BV(NRF_PPI_CHANNEL) | BV(NRF_PPI_CHANNEL_2);
    3cb0:	4bb8      	ldr	r3, [pc, #736]	; (3f94 <RADIO_IRQHandler_+0x310>)
    3cb2:	f44f 2140 	mov.w	r1, #786432	; 0xc0000
    3cb6:	f8c3 1508 	str.w	r1, [r3, #1288]	; 0x508
	_gpi_clocks_fast_timer->TASKS_CAPTURE[GPI_FAST_CLOCK_NRF_CAPTURE_REG] = 1;
    3cba:	f5a3 33b8 	sub.w	r3, r3, #94208	; 0x17000
    3cbe:	2101      	movs	r1, #1
    3cc0:	6419      	str	r1, [r3, #64]	; 0x40
	return _gpi_clocks_fast_timer->CC[GPI_FAST_CLOCK_NRF_CAPTURE_REG];
    3cc2:	f8d3 3540 	ldr.w	r3, [r3, #1344]	; 0x540
		// mask_main_timer();

		#if MX_VERBOSE_STATISTICS
//		if (s.radio_start_timestamp & 1)
		{
			mx.stat_counter.radio_on_time += gpi_tick_fast_native() - s.radio_start_timestamp;
    3cc6:	48b4      	ldr	r0, [pc, #720]	; (3f98 <RADIO_IRQHandler_+0x314>)
    3cc8:	f8d0 1294 	ldr.w	r1, [r0, #660]	; 0x294
    3ccc:	440b      	add	r3, r1
    3cce:	49af      	ldr	r1, [pc, #700]	; (3f8c <RADIO_IRQHandler_+0x308>)
    3cd0:	6d4c      	ldr	r4, [r1, #84]	; 0x54
    3cd2:	1b1b      	subs	r3, r3, r4
    3cd4:	f8c0 3294 	str.w	r3, [r0, #660]	; 0x294
			s.radio_start_timestamp = 0;
    3cd8:	2300      	movs	r3, #0
    3cda:	654b      	str	r3, [r1, #84]	; 0x54
		}
		#endif

		GPI_TRACE_MSG_FAST(TRACE_VERBOSE, "bit counter match: %u", NRF_RADIO->EVENTS_BCMATCH);

		Packet	*packet = (Packet*)(NRF_RADIO->PACKETPTR - offsetof(Packet, ble_header));
    3cdc:	f8d2 3504 	ldr.w	r3, [r2, #1284]	; 0x504
    3ce0:	1e99      	subs	r1, r3, #2
//		packet = &mx.rx_queue[mx.rx_queue_num_written % NUM_ELEMENTS(mx.rx_queue)];

		// if LEN or CRC not ok: regard packet as invisible
		if ((packet->len != PHY_PAYLOAD_SIZE) ||
    3ce2:	785b      	ldrb	r3, [r3, #1]
    3ce4:	2b2c      	cmp	r3, #44	; 0x2c
    3ce6:	d049      	beq.n	3d7c <RADIO_IRQHandler_+0xf8>
		{
			GPI_TRACE_MSG_FAST(TRACE_INFO, "broken packet received, LEN: %u, CRC: %u",
				(int)(packet->len), NRF_RADIO->CRCSTATUS);

			#if MX_VERBOSE_STATISTICS
				mx.stat_counter.num_rx_broken++;
    3ce8:	4aab      	ldr	r2, [pc, #684]	; (3f98 <RADIO_IRQHandler_+0x314>)
    3cea:	f8b2 326c 	ldrh.w	r3, [r2, #620]	; 0x26c
    3cee:	3301      	adds	r3, #1
    3cf0:	f8a2 326c 	strh.w	r3, [r2, #620]	; 0x26c
	__asm__ volatile
    3cf4:	2301      	movs	r3, #1
    3cf6:	4aa9      	ldr	r2, [pc, #676]	; (3f9c <RADIO_IRQHandler_+0x318>)
    3cf8:	64d3      	str	r3, [r2, #76]	; 0x4c
    3cfa:	f8d2 354c 	ldr.w	r3, [r2, #1356]	; 0x54c
    3cfe:	f103 030a 	add.w	r3, r3, #10
    3d02:	f8c2 354c 	str.w	r3, [r2, #1356]	; 0x54c
			// NOTE: don't need to unmask timer here because it already is
			trigger_main_timer(0);

			// invalidate len (in case of CRC errors) to avoid misleading interpretation
			// of timeout reason in timeout ISR
			packet->len = 0;
    3d06:	2300      	movs	r3, #0
    3d08:	70cb      	strb	r3, [r1, #3]
	}

	_return_:
	PROFILE_ISR("radio ISR return");
	GPI_TRACE_RETURN_FAST();
}
    3d0a:	bd38      	pop	{r3, r4, r5, pc}
			NRF_RADIO->INTENCLR = BV_BY_VALUE(RADIO_INTENCLR_ADDRESS, 1);
    3d0c:	4ba0      	ldr	r3, [pc, #640]	; (3f90 <RADIO_IRQHandler_+0x30c>)
    3d0e:	2202      	movs	r2, #2
    3d10:	f8c3 2308 	str.w	r2, [r3, #776]	; 0x308
				NRF_RADIO->PACKETPTR - offsetof(Packet, ble_header) + offsetof(Packet, len));
    3d14:	f8d3 0504 	ldr.w	r0, [r3, #1284]	; 0x504
    3d18:	1c42      	adds	r2, r0, #1
			while (!(*len) && BV_TEST_BY_NAME(NRF_RADIO->STATE, RADIO_STATE_STATE, Rx));
    3d1a:	4619      	mov	r1, r3
    3d1c:	7813      	ldrb	r3, [r2, #0]
    3d1e:	b92b      	cbnz	r3, 3d2c <RADIO_IRQHandler_+0xa8>
    3d20:	f8d1 3550 	ldr.w	r3, [r1, #1360]	; 0x550
    3d24:	f003 030f 	and.w	r3, r3, #15
    3d28:	2b03      	cmp	r3, #3
    3d2a:	d0f7      	beq.n	3d1c <RADIO_IRQHandler_+0x98>
			if (*len == PHY_PAYLOAD_SIZE)
    3d2c:	7843      	ldrb	r3, [r0, #1]
    3d2e:	b2db      	uxtb	r3, r3
    3d30:	2b2c      	cmp	r3, #44	; 0x2c
    3d32:	d00f      	beq.n	3d54 <RADIO_IRQHandler_+0xd0>
					mx.stat_counter.num_rx_broken++;
    3d34:	4a98      	ldr	r2, [pc, #608]	; (3f98 <RADIO_IRQHandler_+0x314>)
    3d36:	f8b2 326c 	ldrh.w	r3, [r2, #620]	; 0x26c
    3d3a:	3301      	adds	r3, #1
    3d3c:	f8a2 326c 	strh.w	r3, [r2, #620]	; 0x26c
	__asm__ volatile
    3d40:	2301      	movs	r3, #1
    3d42:	4a96      	ldr	r2, [pc, #600]	; (3f9c <RADIO_IRQHandler_+0x318>)
    3d44:	64d3      	str	r3, [r2, #76]	; 0x4c
    3d46:	f8d2 354c 	ldr.w	r3, [r2, #1356]	; 0x54c
    3d4a:	f103 030a 	add.w	r3, r3, #10
    3d4e:	f8c2 354c 	str.w	r3, [r2, #1356]	; 0x54c
	if (use_int_lock)
    3d52:	e7da      	b.n	3d0a <RADIO_IRQHandler_+0x86>
				MAIN_TIMER_CC_REG = EVENT_CAPTURE_CC_REG + RX_DMA_TIMEOUT + GPI_TICK_US_TO_FAST(10);
    3d54:	4b91      	ldr	r3, [pc, #580]	; (3f9c <RADIO_IRQHandler_+0x318>)
    3d56:	f8d3 2548 	ldr.w	r2, [r3, #1352]	; 0x548
    3d5a:	f502 6266 	add.w	r2, r2, #3680	; 0xe60
    3d5e:	f8c3 254c 	str.w	r2, [r3, #1356]	; 0x54c
		MAIN_TIMER->EVENTS_COMPARE[MAIN_TIMER_CC_INDEX] = 0;
    3d62:	2200      	movs	r2, #0
    3d64:	f8c3 214c 	str.w	r2, [r3, #332]	; 0x14c
    3d68:	4a8d      	ldr	r2, [pc, #564]	; (3fa0 <RADIO_IRQHandler_+0x31c>)
    3d6a:	f44f 7180 	mov.w	r1, #256	; 0x100
    3d6e:	f8c2 1180 	str.w	r1, [r2, #384]	; 0x180
	MAIN_TIMER->INTENSET = 0x10000 << MAIN_TIMER_CC_INDEX;
    3d72:	f44f 2200 	mov.w	r2, #524288	; 0x80000
    3d76:	f8c3 2304 	str.w	r2, [r3, #772]	; 0x304
}
    3d7a:	e7c6      	b.n	3d0a <RADIO_IRQHandler_+0x86>
			BV_TEST_BY_NAME(NRF_RADIO->CRCSTATUS, RADIO_CRCSTATUS_CRCSTATUS, CRCError))
    3d7c:	f8d2 3400 	ldr.w	r3, [r2, #1024]	; 0x400
		if ((packet->len != PHY_PAYLOAD_SIZE) ||
    3d80:	f013 0f01 	tst.w	r3, #1
    3d84:	d0b0      	beq.n	3ce8 <RADIO_IRQHandler_+0x64>
				mx.stat_counter.num_rx_success++;
    3d86:	4a84      	ldr	r2, [pc, #528]	; (3f98 <RADIO_IRQHandler_+0x314>)
    3d88:	f8b2 326a 	ldrh.w	r3, [r2, #618]	; 0x26a
    3d8c:	3301      	adds	r3, #1
    3d8e:	f8a2 326a 	strh.w	r3, [r2, #618]	; 0x26a
				Gpi_Hybrid_Tick	event_tick = gpi_tick_fast_to_hybrid(EVENT_CAPTURE_CC_REG);
    3d92:	4b82      	ldr	r3, [pc, #520]	; (3f9c <RADIO_IRQHandler_+0x318>)
    3d94:	f8d3 3548 	ldr.w	r3, [r3, #1352]	; 0x548
				if (RESYNC == s.slot_state)
    3d98:	4a7c      	ldr	r2, [pc, #496]	; (3f8c <RADIO_IRQHandler_+0x308>)
    3d9a:	f892 2050 	ldrb.w	r2, [r2, #80]	; 0x50
    3d9e:	2a00      	cmp	r2, #0
    3da0:	d16f      	bne.n	3e82 <RADIO_IRQHandler_+0x1fe>
					s.next_grid_tick = event_tick - GRID_TO_EVENT_OFFSET + MX_SLOT_LENGTH;
    3da2:	4a7a      	ldr	r2, [pc, #488]	; (3f8c <RADIO_IRQHandler_+0x308>)
    3da4:	f503 53bc 	add.w	r3, r3, #6016	; 0x1780
    3da8:	6053      	str	r3, [r2, #4]
					s.grid_drift = 0;
    3daa:	2300      	movs	r3, #0
    3dac:	60d3      	str	r3, [r2, #12]
					s.grid_drift_cumulative = 0;
    3dae:	6113      	str	r3, [r2, #16]
					s.tx_trigger_offset = TX_TO_GRID_OFFSET;
    3db0:	f44f 7324 	mov.w	r3, #656	; 0x290
    3db4:	6193      	str	r3, [r2, #24]
					s.rx_trigger_offset = RX_TO_GRID_OFFSET + (RX_WINDOW_MIN + RX_WINDOW_MAX) / 2;
    3db6:	f240 43ae 	movw	r3, #1198	; 0x4ae
    3dba:	6153      	str	r3, [r2, #20]
					s.slot_state = RX_RUNNING;
    3dbc:	2310      	movs	r3, #16
    3dbe:	f882 3050 	strb.w	r3, [r2, #80]	; 0x50
					mx.slot_number = packet->slot_number;
    3dc2:	888a      	ldrh	r2, [r1, #4]
    3dc4:	4b74      	ldr	r3, [pc, #464]	; (3f98 <RADIO_IRQHandler_+0x314>)
    3dc6:	f8a3 2118 	strh.w	r2, [r3, #280]	; 0x118
					if (mx.slot_number < mx.discovery_exit_slot)
    3dca:	4a73      	ldr	r2, [pc, #460]	; (3f98 <RADIO_IRQHandler_+0x314>)
    3dcc:	f8b2 3118 	ldrh.w	r3, [r2, #280]	; 0x118
    3dd0:	b29b      	uxth	r3, r3
    3dd2:	f8b2 220a 	ldrh.w	r2, [r2, #522]	; 0x20a
    3dd6:	429a      	cmp	r2, r3
    3dd8:	f200 80e6 	bhi.w	3fa8 <RADIO_IRQHandler_+0x324>
    3ddc:	2400      	movs	r4, #0
				s.next_trigger_tick = s.next_grid_tick -
    3dde:	4a6b      	ldr	r2, [pc, #428]	; (3f8c <RADIO_IRQHandler_+0x308>)
    3de0:	6853      	ldr	r3, [r2, #4]
					((s.next_slot_task == TX) ? s.tx_trigger_offset : s.rx_trigger_offset);
    3de2:	f892 0051 	ldrb.w	r0, [r2, #81]	; 0x51
    3de6:	2801      	cmp	r0, #1
    3de8:	f000 80f4 	beq.w	3fd4 <RADIO_IRQHandler_+0x350>
    3dec:	4a67      	ldr	r2, [pc, #412]	; (3f8c <RADIO_IRQHandler_+0x308>)
    3dee:	6952      	ldr	r2, [r2, #20]
				s.next_trigger_tick = s.next_grid_tick -
    3df0:	1a9b      	subs	r3, r3, r2
    3df2:	4a66      	ldr	r2, [pc, #408]	; (3f8c <RADIO_IRQHandler_+0x308>)
    3df4:	6093      	str	r3, [r2, #8]
			if (mx.rx_queue_num_writing - mx.rx_queue_num_read < NUM_ELEMENTS(mx.rx_queue))
    3df6:	4a68      	ldr	r2, [pc, #416]	; (3f98 <RADIO_IRQHandler_+0x314>)
    3df8:	f8d2 30d0 	ldr.w	r3, [r2, #208]	; 0xd0
    3dfc:	f8d2 20d8 	ldr.w	r2, [r2, #216]	; 0xd8
    3e00:	1a9b      	subs	r3, r3, r2
    3e02:	2b03      	cmp	r3, #3
    3e04:	f200 80ec 	bhi.w	3fe0 <RADIO_IRQHandler_+0x35c>
				mx.rx_queue_num_written++;
    3e08:	4b63      	ldr	r3, [pc, #396]	; (3f98 <RADIO_IRQHandler_+0x314>)
    3e0a:	f8d3 20d4 	ldr.w	r2, [r3, #212]	; 0xd4
    3e0e:	3201      	adds	r2, #1
    3e10:	f8c3 20d4 	str.w	r2, [r3, #212]	; 0xd4
				if (MX_GENERATION_SIZE != mx.rank)
    3e14:	f8b3 31c8 	ldrh.w	r3, [r3, #456]	; 0x1c8
    3e18:	2b04      	cmp	r3, #4
    3e1a:	d003      	beq.n	3e24 <RADIO_IRQHandler_+0x1a0>
					mx.tx_sideload = &(packet->coding_vector[0]);
    3e1c:	3108      	adds	r1, #8
    3e1e:	4b5e      	ldr	r3, [pc, #376]	; (3f98 <RADIO_IRQHandler_+0x314>)
    3e20:	f8c3 1110 	str.w	r1, [r3, #272]	; 0x110
					mx.stat_counter.num_received++;
    3e24:	4a5c      	ldr	r2, [pc, #368]	; (3f98 <RADIO_IRQHandler_+0x314>)
    3e26:	f8b2 3262 	ldrh.w	r3, [r2, #610]	; 0x262
    3e2a:	3301      	adds	r3, #1
    3e2c:	f8a2 3262 	strh.w	r3, [r2, #610]	; 0x262
			if (strobe_resync)
    3e30:	2c00      	cmp	r4, #0
    3e32:	f000 80ed 	beq.w	4010 <RADIO_IRQHandler_+0x38c>
					mx.stat_counter.num_resync++;
    3e36:	4a58      	ldr	r2, [pc, #352]	; (3f98 <RADIO_IRQHandler_+0x314>)
    3e38:	f8b2 3264 	ldrh.w	r3, [r2, #612]	; 0x264
    3e3c:	3301      	adds	r3, #1
    3e3e:	f8a2 3264 	strh.w	r3, [r2, #612]	; 0x264
	else if (STOP == s.next_slot_task)
    3e42:	2802      	cmp	r0, #2
    3e44:	f000 80df 	beq.w	4006 <RADIO_IRQHandler_+0x382>
		s.slot_state = RESYNC;
    3e48:	4b50      	ldr	r3, [pc, #320]	; (3f8c <RADIO_IRQHandler_+0x308>)
    3e4a:	2200      	movs	r2, #0
    3e4c:	f883 2050 	strb.w	r2, [r3, #80]	; 0x50
		s.next_slot_task = RX;
    3e50:	f883 2051 	strb.w	r2, [r3, #81]	; 0x51
	__asm__ volatile
    3e54:	f3ef 8110 	mrs	r1, PRIMASK
    3e58:	b672      	cpsid	i
    3e5a:	f3bf 8f5f 	dmb	sy
	__asm__ volatile
    3e5e:	4b4f      	ldr	r3, [pc, #316]	; (3f9c <RADIO_IRQHandler_+0x318>)
    3e60:	2201      	movs	r2, #1
    3e62:	64da      	str	r2, [r3, #76]	; 0x4c
    3e64:	f8d3 254c 	ldr.w	r2, [r3, #1356]	; 0x54c
    3e68:	f102 020a 	add.w	r2, r2, #10
    3e6c:	f8c3 254c 	str.w	r2, [r3, #1356]	; 0x54c
    3e70:	f3bf 8f5f 	dmb	sy
  __ASM volatile ("MSR primask, %0" : : "r" (priMask) : "memory");
    3e74:	f381 8810 	msr	PRIMASK, r1
	MAIN_TIMER->INTENSET = 0x10000 << MAIN_TIMER_CC_INDEX;
    3e78:	f44f 2200 	mov.w	r2, #524288	; 0x80000
    3e7c:	f8c3 2304 	str.w	r2, [r3, #772]	; 0x304
}
    3e80:	e743      	b.n	3d0a <RADIO_IRQHandler_+0x86>
					if (mx.slot_number != packet->slot_number)
    3e82:	4a45      	ldr	r2, [pc, #276]	; (3f98 <RADIO_IRQHandler_+0x314>)
    3e84:	f8b2 2118 	ldrh.w	r2, [r2, #280]	; 0x118
    3e88:	b292      	uxth	r2, r2
    3e8a:	8888      	ldrh	r0, [r1, #4]
    3e8c:	4290      	cmp	r0, r2
    3e8e:	d008      	beq.n	3ea2 <RADIO_IRQHandler_+0x21e>
							mx.stat_counter.num_rx_slot_mismatch++;
    3e90:	4a41      	ldr	r2, [pc, #260]	; (3f98 <RADIO_IRQHandler_+0x314>)
    3e92:	f8b2 027e 	ldrh.w	r0, [r2, #638]	; 0x27e
    3e96:	3001      	adds	r0, #1
    3e98:	f8a2 027e 	strh.w	r0, [r2, #638]	; 0x27e
						mx.slot_number = packet->slot_number;
    3e9c:	8888      	ldrh	r0, [r1, #4]
    3e9e:	f8a2 0118 	strh.w	r0, [r2, #280]	; 0x118
					event_tick -= s.event_tick_nominal;
    3ea2:	4a3a      	ldr	r2, [pc, #232]	; (3f8c <RADIO_IRQHandler_+0x308>)
    3ea4:	6810      	ldr	r0, [r2, #0]
    3ea6:	1a18      	subs	r0, r3, r0
					s.rx_trigger_offset = RX_WINDOW_MIN;
    3ea8:	f44f 73e5 	mov.w	r3, #458	; 0x1ca
    3eac:	6153      	str	r3, [r2, #20]
					gd = (uint32_t)MAX(ABS(s.grid_drift / GRID_DRIFT_FILTER_DIV), ABS((int32_t)event_tick));
    3eae:	68d3      	ldr	r3, [r2, #12]
    3eb0:	461a      	mov	r2, r3
    3eb2:	2b00      	cmp	r3, #0
    3eb4:	bfb8      	it	lt
    3eb6:	1cda      	addlt	r2, r3, #3
    3eb8:	1092      	asrs	r2, r2, #2
    3eba:	2a00      	cmp	r2, #0
    3ebc:	bfb8      	it	lt
    3ebe:	4252      	neglt	r2, r2
    3ec0:	ea80 74e0 	eor.w	r4, r0, r0, asr #31
    3ec4:	eba4 74e0 	sub.w	r4, r4, r0, asr #31
    3ec8:	42a2      	cmp	r2, r4
    3eca:	bfb8      	it	lt
    3ecc:	4622      	movlt	r2, r4
					if (s.rx_trigger_offset < (uint32_t)gd + RX_WINDOW_INCREMENT)
    3ece:	320a      	adds	r2, #10
    3ed0:	f5b2 7fe5 	cmp.w	r2, #458	; 0x1ca
						s.rx_trigger_offset = (uint32_t)gd + RX_WINDOW_INCREMENT;
    3ed4:	bf84      	itt	hi
    3ed6:	4c2d      	ldrhi	r4, [pc, #180]	; (3f8c <RADIO_IRQHandler_+0x308>)
    3ed8:	6162      	strhi	r2, [r4, #20]
					s.rx_trigger_offset += RX_TO_GRID_OFFSET;
    3eda:	4c2c      	ldr	r4, [pc, #176]	; (3f8c <RADIO_IRQHandler_+0x308>)
    3edc:	6962      	ldr	r2, [r4, #20]
    3ede:	f502 7220 	add.w	r2, r2, #640	; 0x280
    3ee2:	6162      	str	r2, [r4, #20]
					s.next_grid_tick -= s.grid_drift / (GRID_DRIFT_FILTER_DIV * GRID_TICK_UPDATE_DIV);
    3ee4:	461d      	mov	r5, r3
    3ee6:	2b00      	cmp	r3, #0
    3ee8:	bfb8      	it	lt
    3eea:	1ddd      	addlt	r5, r3, #7
    3eec:	6862      	ldr	r2, [r4, #4]
    3eee:	eba2 02e5 	sub.w	r2, r2, r5, asr #3
    3ef2:	4c26      	ldr	r4, [pc, #152]	; (3f8c <RADIO_IRQHandler_+0x308>)
    3ef4:	6062      	str	r2, [r4, #4]
					s.grid_drift -= (s.grid_drift + GRID_DRIFT_FILTER_DIV / 2) / GRID_DRIFT_FILTER_DIV;
    3ef6:	1c9c      	adds	r4, r3, #2
    3ef8:	bf48      	it	mi
    3efa:	3403      	addmi	r4, #3
    3efc:	eba3 03a4 	sub.w	r3, r3, r4, asr #2
					gd += (int32_t)event_tick;
    3f00:	4403      	add	r3, r0
					s.grid_drift = gd;
    3f02:	4822      	ldr	r0, [pc, #136]	; (3f8c <RADIO_IRQHandler_+0x308>)
    3f04:	60c3      	str	r3, [r0, #12]
					if (ABS(gd) > GRID_DRIFT_MAX)
    3f06:	ea83 70e3 	eor.w	r0, r3, r3, asr #31
    3f0a:	eba0 70e3 	sub.w	r0, r0, r3, asr #31
    3f0e:	f5b0 7f2a 	cmp.w	r0, #680	; 0x2a8
    3f12:	d90e      	bls.n	3f32 <RADIO_IRQHandler_+0x2ae>
							mx.stat_counter.num_grid_drift_overflow++;
    3f14:	4b20      	ldr	r3, [pc, #128]	; (3f98 <RADIO_IRQHandler_+0x314>)
    3f16:	f8b3 2266 	ldrh.w	r2, [r3, #614]	; 0x266
    3f1a:	3201      	adds	r2, #1
    3f1c:	f8a3 2266 	strh.w	r2, [r3, #614]	; 0x266
							mx.stat_counter.num_resync++;
    3f20:	f8b3 2264 	ldrh.w	r2, [r3, #612]	; 0x264
    3f24:	3201      	adds	r2, #1
    3f26:	f8a3 2264 	strh.w	r2, [r3, #612]	; 0x264
					if (mx.slot_number < mx.discovery_exit_slot)
    3f2a:	f8b3 3118 	ldrh.w	r3, [r3, #280]	; 0x118
						strobe_resync = 1;
    3f2e:	2401      	movs	r4, #1
    3f30:	e755      	b.n	3dde <RADIO_IRQHandler_+0x15a>
						s.next_grid_tick += s.grid_drift / (GRID_DRIFT_FILTER_DIV * GRID_TICK_UPDATE_DIV);
    3f32:	4618      	mov	r0, r3
    3f34:	2b00      	cmp	r3, #0
    3f36:	bfb8      	it	lt
    3f38:	1dd8      	addlt	r0, r3, #7
    3f3a:	eb02 02e0 	add.w	r2, r2, r0, asr #3
    3f3e:	4813      	ldr	r0, [pc, #76]	; (3f8c <RADIO_IRQHandler_+0x308>)
    3f40:	6042      	str	r2, [r0, #4]
						gd = s.grid_drift_cumulative;
    3f42:	6902      	ldr	r2, [r0, #16]
						gd += s.grid_drift;
    3f44:	4413      	add	r3, r2
						if (gd > 0x7FFF)
    3f46:	4a17      	ldr	r2, [pc, #92]	; (3fa4 <RADIO_IRQHandler_+0x320>)
    3f48:	429a      	cmp	r2, r3
    3f4a:	bfb8      	it	lt
    3f4c:	461a      	movlt	r2, r3
    3f4e:	f647 74ff 	movw	r4, #32767	; 0x7fff
    3f52:	42a2      	cmp	r2, r4
    3f54:	bfa8      	it	ge
    3f56:	4622      	movge	r2, r4
						s.grid_drift_cumulative = gd;
    3f58:	6102      	str	r2, [r0, #16]
						if ((int32_t)s.tx_trigger_offset < 0)
    3f5a:	f113 0f1f 	cmn.w	r3, #31
    3f5e:	db11      	blt.n	3f84 <RADIO_IRQHandler_+0x300>
						s.tx_trigger_offset = s.grid_drift_cumulative / (GRID_DRIFT_FILTER_DIV * TX_OFFSET_FILTER_DIV);
    3f60:	4613      	mov	r3, r2
    3f62:	2a00      	cmp	r2, #0
    3f64:	bfb8      	it	lt
    3f66:	f102 031f 	addlt.w	r3, r2, #31
    3f6a:	115a      	asrs	r2, r3, #5
						else if (s.tx_trigger_offset > TX_OFFSET_MAX)
    3f6c:	f5b3 6fc4 	cmp.w	r3, #1568	; 0x620
						s.tx_trigger_offset = s.grid_drift_cumulative / (GRID_DRIFT_FILTER_DIV * TX_OFFSET_FILTER_DIV);
    3f70:	4b06      	ldr	r3, [pc, #24]	; (3f8c <RADIO_IRQHandler_+0x308>)
							s.tx_trigger_offset = TX_OFFSET_MAX;
    3f72:	bf28      	it	cs
    3f74:	2230      	movcs	r2, #48	; 0x30
    3f76:	619a      	str	r2, [r3, #24]
						s.tx_trigger_offset += TX_TO_GRID_OFFSET;
    3f78:	4a04      	ldr	r2, [pc, #16]	; (3f8c <RADIO_IRQHandler_+0x308>)
    3f7a:	6993      	ldr	r3, [r2, #24]
    3f7c:	f503 7324 	add.w	r3, r3, #656	; 0x290
    3f80:	6193      	str	r3, [r2, #24]
						GPI_TRACE_MSG_FAST(TRACE_VERBOSE, "grid_drift_cum: %d, tx_offset: %u",
    3f82:	e722      	b.n	3dca <RADIO_IRQHandler_+0x146>
							s.tx_trigger_offset = 0;
    3f84:	2200      	movs	r2, #0
    3f86:	6182      	str	r2, [r0, #24]
    3f88:	e7f6      	b.n	3f78 <RADIO_IRQHandler_+0x2f4>
    3f8a:	bf00      	nop
    3f8c:	20000440 	.word	0x20000440
    3f90:	40001000 	.word	0x40001000
    3f94:	4001f000 	.word	0x4001f000
    3f98:	2000017c 	.word	0x2000017c
    3f9c:	40008000 	.word	0x40008000
    3fa0:	e000e100 	.word	0xe000e100
    3fa4:	ffff8000 	.word	0xffff8000
						if (!strobe_resync && (STOP != s.next_slot_task) &&
    3fa8:	4b28      	ldr	r3, [pc, #160]	; (404c <RADIO_IRQHandler_+0x3c8>)
    3faa:	f893 0051 	ldrb.w	r0, [r3, #81]	; 0x51
    3fae:	2802      	cmp	r0, #2
    3fb0:	d048      	beq.n	4044 <RADIO_IRQHandler_+0x3c0>
    3fb2:	79cb      	ldrb	r3, [r1, #7]
    3fb4:	f013 0f20 	tst.w	r3, #32
    3fb8:	d010      	beq.n	3fdc <RADIO_IRQHandler_+0x358>
							packet->flags.owner_forecast_1 && mx.tx_packet.is_ready)
    3fba:	4b25      	ldr	r3, [pc, #148]	; (4050 <RADIO_IRQHandler_+0x3cc>)
    3fbc:	f993 310c 	ldrsb.w	r3, [r3, #268]	; 0x10c
    3fc0:	2b00      	cmp	r3, #0
    3fc2:	db01      	blt.n	3fc8 <RADIO_IRQHandler_+0x344>
    3fc4:	2400      	movs	r4, #0
    3fc6:	e70a      	b.n	3dde <RADIO_IRQHandler_+0x15a>
							s.next_slot_task = TX;
    3fc8:	4b20      	ldr	r3, [pc, #128]	; (404c <RADIO_IRQHandler_+0x3c8>)
    3fca:	2201      	movs	r2, #1
    3fcc:	f883 2051 	strb.w	r2, [r3, #81]	; 0x51
				s.next_trigger_tick = s.next_grid_tick -
    3fd0:	685b      	ldr	r3, [r3, #4]
    3fd2:	2400      	movs	r4, #0
					((s.next_slot_task == TX) ? s.tx_trigger_offset : s.rx_trigger_offset);
    3fd4:	4a1d      	ldr	r2, [pc, #116]	; (404c <RADIO_IRQHandler_+0x3c8>)
    3fd6:	6992      	ldr	r2, [r2, #24]
    3fd8:	2001      	movs	r0, #1
    3fda:	e709      	b.n	3df0 <RADIO_IRQHandler_+0x16c>
    3fdc:	2400      	movs	r4, #0
    3fde:	e6fe      	b.n	3dde <RADIO_IRQHandler_+0x15a>
				if (mx.rank < MX_GENERATION_SIZE)
    3fe0:	4b1b      	ldr	r3, [pc, #108]	; (4050 <RADIO_IRQHandler_+0x3cc>)
    3fe2:	f8b3 31c8 	ldrh.w	r3, [r3, #456]	; 0x1c8
    3fe6:	2b03      	cmp	r3, #3
    3fe8:	d806      	bhi.n	3ff8 <RADIO_IRQHandler_+0x374>
					mx.stat_counter.num_rx_queue_overflow++;
    3fea:	4a19      	ldr	r2, [pc, #100]	; (4050 <RADIO_IRQHandler_+0x3cc>)
    3fec:	f8b2 3280 	ldrh.w	r3, [r2, #640]	; 0x280
    3ff0:	3301      	adds	r3, #1
    3ff2:	f8a2 3280 	strh.w	r3, [r2, #640]	; 0x280
    3ff6:	e71b      	b.n	3e30 <RADIO_IRQHandler_+0x1ac>
				else mx.stat_counter.num_rx_queue_overflow_full_rank++;
    3ff8:	4a15      	ldr	r2, [pc, #84]	; (4050 <RADIO_IRQHandler_+0x3cc>)
    3ffa:	f8b2 3282 	ldrh.w	r3, [r2, #642]	; 0x282
    3ffe:	3301      	adds	r3, #1
    4000:	f8a2 3282 	strh.w	r3, [r2, #642]	; 0x282
    4004:	e714      	b.n	3e30 <RADIO_IRQHandler_+0x1ac>
		s.slot_state = IDLE;
    4006:	4b11      	ldr	r3, [pc, #68]	; (404c <RADIO_IRQHandler_+0x3c8>)
    4008:	220c      	movs	r2, #12
    400a:	f883 2050 	strb.w	r2, [r3, #80]	; 0x50
    400e:	e721      	b.n	3e54 <RADIO_IRQHandler_+0x1d0>
			else start_grid_timer();
    4010:	f7ff fdf6 	bl	3c00 <start_grid_timer>
    4014:	e679      	b.n	3d0a <RADIO_IRQHandler_+0x86>
		NRF_RADIO->INTENCLR = -1u;
    4016:	4b0f      	ldr	r3, [pc, #60]	; (4054 <RADIO_IRQHandler_+0x3d0>)
    4018:	f04f 32ff 	mov.w	r2, #4294967295	; 0xffffffff
    401c:	f8c3 2308 	str.w	r2, [r3, #776]	; 0x308
	_gpi_clocks_fast_timer->TASKS_CAPTURE[GPI_FAST_CLOCK_NRF_CAPTURE_REG] = 1;
    4020:	f503 43e0 	add.w	r3, r3, #28672	; 0x7000
    4024:	2201      	movs	r2, #1
    4026:	641a      	str	r2, [r3, #64]	; 0x40
	return _gpi_clocks_fast_timer->CC[GPI_FAST_CLOCK_NRF_CAPTURE_REG];
    4028:	f8d3 3540 	ldr.w	r3, [r3, #1344]	; 0x540
			mx.stat_counter.radio_on_time += gpi_tick_fast_native() - s.radio_start_timestamp;
    402c:	4908      	ldr	r1, [pc, #32]	; (4050 <RADIO_IRQHandler_+0x3cc>)
    402e:	f8d1 2294 	ldr.w	r2, [r1, #660]	; 0x294
    4032:	4413      	add	r3, r2
    4034:	4a05      	ldr	r2, [pc, #20]	; (404c <RADIO_IRQHandler_+0x3c8>)
    4036:	6d50      	ldr	r0, [r2, #84]	; 0x54
    4038:	1a1b      	subs	r3, r3, r0
    403a:	f8c1 3294 	str.w	r3, [r1, #660]	; 0x294
			s.radio_start_timestamp = 0;
    403e:	2300      	movs	r3, #0
    4040:	6553      	str	r3, [r2, #84]	; 0x54
	GPI_TRACE_RETURN_FAST();
    4042:	e662      	b.n	3d0a <RADIO_IRQHandler_+0x86>
				s.next_trigger_tick = s.next_grid_tick -
    4044:	4b01      	ldr	r3, [pc, #4]	; (404c <RADIO_IRQHandler_+0x3c8>)
    4046:	685b      	ldr	r3, [r3, #4]
    4048:	2400      	movs	r4, #0
    404a:	e6cf      	b.n	3dec <RADIO_IRQHandler_+0x168>
    404c:	20000440 	.word	0x20000440
    4050:	2000017c 	.word	0x2000017c
    4054:	40001000 	.word	0x40001000

00004058 <RADIO_IRQHandler>:
void LED_ISR(RADIO_IRQHandler, LED_RADIO_ISR)
    4058:	b508      	push	{r3, lr}
    405a:	4b08      	ldr	r3, [pc, #32]	; (407c <RADIO_IRQHandler+0x24>)
    405c:	681b      	ldr	r3, [r3, #0]
    405e:	b153      	cbz	r3, 4076 <RADIO_IRQHandler+0x1e>
	_gpi_clocks_fast_timer->TASKS_CAPTURE[GPI_FAST_CLOCK_NRF_CAPTURE_REG] = 1;
    4060:	4b07      	ldr	r3, [pc, #28]	; (4080 <RADIO_IRQHandler+0x28>)
    4062:	2201      	movs	r2, #1
    4064:	641a      	str	r2, [r3, #64]	; 0x40
	return _gpi_clocks_fast_timer->CC[GPI_FAST_CLOCK_NRF_CAPTURE_REG];
    4066:	f8d3 2540 	ldr.w	r2, [r3, #1344]	; 0x540
    406a:	4b06      	ldr	r3, [pc, #24]	; (4084 <RADIO_IRQHandler+0x2c>)
    406c:	f8c3 229c 	str.w	r2, [r3, #668]	; 0x29c
    4070:	4b02      	ldr	r3, [pc, #8]	; (407c <RADIO_IRQHandler+0x24>)
    4072:	2200      	movs	r2, #0
    4074:	601a      	str	r2, [r3, #0]
    4076:	f7ff fe05 	bl	3c84 <RADIO_IRQHandler_>
    407a:	bd08      	pop	{r3, pc}
    407c:	20000178 	.word	0x20000178
    4080:	40008000 	.word	0x40008000
    4084:	2000017c 	.word	0x2000017c

00004088 <TIMER0_IRQHandler>:
	//	case RESYNC:			timeout_isr(); grid_timer_isr();	break;
	//	case RX_RUNNING:		timeout_isr();						break;
	//	case TX_RUNNING, IDLE:	grid_timer_isr();					break;
	//	default:				undefined behavior
	// }
	__asm__ volatile
    4088:	4806      	ldr	r0, [pc, #24]	; (40a4 <TIMER0_IRQHandler+0x1c>)
    408a:	7800      	ldrb	r0, [r0, #0]
    408c:	4487      	add	pc, r0
    408e:	bf00      	nop
    4090:	f84d ed04 	str.w	lr, [sp, #-4]!
    4094:	f000 f8b2 	bl	41fc <timeout_isr>
    4098:	f85d eb04 	ldr.w	lr, [sp], #4
    409c:	f000 bcec 	b.w	4a78 <grid_timer_isr>
    40a0:	f000 b8ac 	b.w	41fc <timeout_isr>
    40a4:	20000490 	.word	0x20000490

000040a8 <timeout_isr_>:
//**************************************************************************************************

// timeout ISR
// triggered if there was no successful packet transfer in a specific time interval
void LED_ISR(timeout_isr, LED_TIMEOUT_ISR)
{
    40a8:	b510      	push	{r4, lr}

	// NOTE: being here implies that Rx is active (state = RESYNC or RX_RUNNING)

	#if MX_VERBOSE_STATISTICS
		int frame_running =
				NRF_RADIO->EVENTS_ADDRESS &&
    40aa:	4b4e      	ldr	r3, [pc, #312]	; (41e4 <timeout_isr_+0x13c>)
    40ac:	f8d3 3104 	ldr.w	r3, [r3, #260]	; 0x104
    40b0:	2b00      	cmp	r3, #0
    40b2:	d074      	beq.n	419e <timeout_isr_+0xf6>
				BV_TEST_BY_VALUE(NRF_RADIO->INTENSET, RADIO_INTENSET_ADDRESS, 0);
    40b4:	4b4b      	ldr	r3, [pc, #300]	; (41e4 <timeout_isr_+0x13c>)
    40b6:	f8d3 2304 	ldr.w	r2, [r3, #772]	; 0x304
				NRF_RADIO->EVENTS_ADDRESS &&
    40ba:	f082 0202 	eor.w	r2, r2, #2
    40be:	f3c2 0240 	ubfx	r2, r2, #1, #1
	#endif

	// mask interrupts and events
	// NOTE: stopping timeout timer is not needed since this is done implicitely below
	NRF_RADIO->INTENCLR = -1u;
    40c2:	4b48      	ldr	r3, [pc, #288]	; (41e4 <timeout_isr_+0x13c>)
    40c4:	f04f 31ff 	mov.w	r1, #4294967295	; 0xffffffff
    40c8:	f8c3 1308 	str.w	r1, [r3, #776]	; 0x308
	NRF_PPI->CHENCLR = BV(NRF_PPI_CHANNEL) | BV(NRF_PPI_CHANNEL_2);
    40cc:	4946      	ldr	r1, [pc, #280]	; (41e8 <timeout_isr_+0x140>)
    40ce:	f44f 2040 	mov.w	r0, #786432	; 0xc0000
    40d2:	f8c1 0508 	str.w	r0, [r1, #1288]	; 0x508

	// turn radio off
	if (!BV_TEST_BY_NAME(NRF_RADIO->STATE, RADIO_STATE_STATE, RxDisable))
    40d6:	f8d3 3550 	ldr.w	r3, [r3, #1360]	; 0x550
    40da:	f003 030f 	and.w	r3, r3, #15
    40de:	2b04      	cmp	r3, #4
    40e0:	d002      	beq.n	40e8 <timeout_isr_+0x40>
		NRF_RADIO->TASKS_DISABLE = 1;
    40e2:	4b40      	ldr	r3, [pc, #256]	; (41e4 <timeout_isr_+0x13c>)
    40e4:	2101      	movs	r1, #1
    40e6:	6119      	str	r1, [r3, #16]
    40e8:	4b40      	ldr	r3, [pc, #256]	; (41ec <timeout_isr_+0x144>)
    40ea:	2102      	movs	r1, #2
    40ec:	f8c3 1180 	str.w	r1, [r3, #384]	; 0x180
	NVIC_ClearPendingIRQ(RADIO_IRQn);

	gpi_led_off(LED_RX | LED_TX);

	#if MX_VERBOSE_STATISTICS
	if (s.radio_start_timestamp & 1)
    40f0:	4b3f      	ldr	r3, [pc, #252]	; (41f0 <timeout_isr_+0x148>)
    40f2:	6d5b      	ldr	r3, [r3, #84]	; 0x54
    40f4:	f013 0f01 	tst.w	r3, #1
    40f8:	d00f      	beq.n	411a <timeout_isr_+0x72>
	_gpi_clocks_fast_timer->TASKS_CAPTURE[GPI_FAST_CLOCK_NRF_CAPTURE_REG] = 1;
    40fa:	4b3e      	ldr	r3, [pc, #248]	; (41f4 <timeout_isr_+0x14c>)
    40fc:	2101      	movs	r1, #1
    40fe:	6419      	str	r1, [r3, #64]	; 0x40
	return _gpi_clocks_fast_timer->CC[GPI_FAST_CLOCK_NRF_CAPTURE_REG];
    4100:	f8d3 3540 	ldr.w	r3, [r3, #1344]	; 0x540
	{
		mx.stat_counter.radio_on_time += gpi_tick_fast_native() - s.radio_start_timestamp;
    4104:	483c      	ldr	r0, [pc, #240]	; (41f8 <timeout_isr_+0x150>)
    4106:	f8d0 1294 	ldr.w	r1, [r0, #660]	; 0x294
    410a:	440b      	add	r3, r1
    410c:	4938      	ldr	r1, [pc, #224]	; (41f0 <timeout_isr_+0x148>)
    410e:	6d4c      	ldr	r4, [r1, #84]	; 0x54
    4110:	1b1b      	subs	r3, r3, r4
    4112:	f8c0 3294 	str.w	r3, [r0, #660]	; 0x294
		s.radio_start_timestamp = 0;
    4116:	2300      	movs	r3, #0
    4118:	654b      	str	r3, [r1, #84]	; 0x54
	}
	#endif

	if (s.slot_state != RESYNC)
    411a:	4b35      	ldr	r3, [pc, #212]	; (41f0 <timeout_isr_+0x148>)
    411c:	f893 3050 	ldrb.w	r3, [r3, #80]	; 0x50
    4120:	2b00      	cmp	r3, #0
    4122:	d03b      	beq.n	419c <timeout_isr_+0xf4>
	{
		// update stat counters only on real timeouts
		#if MX_VERBOSE_STATISTICS
			if (!frame_running)
    4124:	2a00      	cmp	r2, #0
    4126:	d13c      	bne.n	41a2 <timeout_isr_+0xfa>
				mx.stat_counter.num_rx_timeout++;
    4128:	4a33      	ldr	r2, [pc, #204]	; (41f8 <timeout_isr_+0x150>)
    412a:	f8b2 326e 	ldrh.w	r3, [r2, #622]	; 0x26e
    412e:	3301      	adds	r3, #1
    4130:	f8a2 326e 	strh.w	r3, [r2, #622]	; 0x26e
					offsetof(Packet, len)) == PHY_PAYLOAD_SIZE)
				mx.stat_counter.num_rx_dma_timeout++;
		#endif

		// widen Rx time window
		s.rx_trigger_offset += RX_WINDOW_INCREMENT;
    4134:	4a2e      	ldr	r2, [pc, #184]	; (41f0 <timeout_isr_+0x148>)
    4136:	6953      	ldr	r3, [r2, #20]
    4138:	330a      	adds	r3, #10
    413a:	6153      	str	r3, [r2, #20]

		// if Rx window exceeds limit: start RESYNC
		// NOTE: we start RESYNC immediately (instead of saturating) because we probably lost
		// synchronization and hence do not expect to receive something anymore
		if (s.rx_trigger_offset > RX_TO_GRID_OFFSET + RX_WINDOW_MAX)
    413c:	f240 5212 	movw	r2, #1298	; 0x512
    4140:	4293      	cmp	r3, r2
    4142:	d940      	bls.n	41c6 <timeout_isr_+0x11e>
		{
			#if MX_VERBOSE_STATISTICS
				mx.stat_counter.num_rx_window_overflow++;
    4144:	4b2c      	ldr	r3, [pc, #176]	; (41f8 <timeout_isr_+0x150>)
    4146:	f8b3 2268 	ldrh.w	r2, [r3, #616]	; 0x268
    414a:	3201      	adds	r2, #1
    414c:	f8a3 2268 	strh.w	r2, [r3, #616]	; 0x268
				mx.stat_counter.num_resync++;
    4150:	f8b3 2264 	ldrh.w	r2, [r3, #612]	; 0x264
    4154:	3201      	adds	r2, #1
    4156:	f8a3 2264 	strh.w	r2, [r3, #612]	; 0x264
	else if (STOP == s.next_slot_task)
    415a:	4b25      	ldr	r3, [pc, #148]	; (41f0 <timeout_isr_+0x148>)
    415c:	f893 3051 	ldrb.w	r3, [r3, #81]	; 0x51
    4160:	2b02      	cmp	r3, #2
    4162:	d02b      	beq.n	41bc <timeout_isr_+0x114>
		s.slot_state = RESYNC;
    4164:	4b22      	ldr	r3, [pc, #136]	; (41f0 <timeout_isr_+0x148>)
    4166:	2200      	movs	r2, #0
    4168:	f883 2050 	strb.w	r2, [r3, #80]	; 0x50
		s.next_slot_task = RX;
    416c:	f883 2051 	strb.w	r2, [r3, #81]	; 0x51
    4170:	f3ef 8110 	mrs	r1, PRIMASK
    4174:	b672      	cpsid	i
  __ASM volatile ("dmb 0xF":::"memory");
    4176:	f3bf 8f5f 	dmb	sy
	__asm__ volatile
    417a:	4b1e      	ldr	r3, [pc, #120]	; (41f4 <timeout_isr_+0x14c>)
    417c:	2201      	movs	r2, #1
    417e:	64da      	str	r2, [r3, #76]	; 0x4c
    4180:	f8d3 254c 	ldr.w	r2, [r3, #1356]	; 0x54c
    4184:	f102 020a 	add.w	r2, r2, #10
    4188:	f8c3 254c 	str.w	r2, [r3, #1356]	; 0x54c
    418c:	f3bf 8f5f 	dmb	sy
  __ASM volatile ("MSR primask, %0" : : "r" (priMask) : "memory");
    4190:	f381 8810 	msr	PRIMASK, r1
	MAIN_TIMER->INTENSET = 0x10000 << MAIN_TIMER_CC_INDEX;
    4194:	f44f 2200 	mov.w	r2, #524288	; 0x80000
    4198:	f8c3 2304 	str.w	r2, [r3, #772]	; 0x304
		}
	}

	PROFILE_ISR("timeout ISR return");
	GPI_TRACE_RETURN_FAST();
}
    419c:	bd10      	pop	{r4, pc}
				NRF_RADIO->EVENTS_ADDRESS &&
    419e:	2200      	movs	r2, #0
    41a0:	e78f      	b.n	40c2 <timeout_isr_+0x1a>
			else if (*(uint8_t*)(NRF_RADIO->PACKETPTR - offsetof(Packet, ble_header) +
    41a2:	4b10      	ldr	r3, [pc, #64]	; (41e4 <timeout_isr_+0x13c>)
    41a4:	f8d3 3504 	ldr.w	r3, [r3, #1284]	; 0x504
    41a8:	785b      	ldrb	r3, [r3, #1]
    41aa:	2b2c      	cmp	r3, #44	; 0x2c
    41ac:	d1c2      	bne.n	4134 <timeout_isr_+0x8c>
				mx.stat_counter.num_rx_dma_timeout++;
    41ae:	4a12      	ldr	r2, [pc, #72]	; (41f8 <timeout_isr_+0x150>)
    41b0:	f8b2 3270 	ldrh.w	r3, [r2, #624]	; 0x270
    41b4:	3301      	adds	r3, #1
    41b6:	f8a2 3270 	strh.w	r3, [r2, #624]	; 0x270
    41ba:	e7bb      	b.n	4134 <timeout_isr_+0x8c>
		s.slot_state = IDLE;
    41bc:	4b0c      	ldr	r3, [pc, #48]	; (41f0 <timeout_isr_+0x148>)
    41be:	220c      	movs	r2, #12
    41c0:	f883 2050 	strb.w	r2, [r3, #80]	; 0x50
    41c4:	e7d4      	b.n	4170 <timeout_isr_+0xc8>
			s.next_trigger_tick = s.next_grid_tick -
    41c6:	490a      	ldr	r1, [pc, #40]	; (41f0 <timeout_isr_+0x148>)
    41c8:	684a      	ldr	r2, [r1, #4]
				((s.next_slot_task == TX) ? s.tx_trigger_offset : s.rx_trigger_offset);
    41ca:	f891 1051 	ldrb.w	r1, [r1, #81]	; 0x51
    41ce:	2901      	cmp	r1, #1
    41d0:	bf04      	itt	eq
    41d2:	4b07      	ldreq	r3, [pc, #28]	; (41f0 <timeout_isr_+0x148>)
    41d4:	699b      	ldreq	r3, [r3, #24]
			s.next_trigger_tick = s.next_grid_tick -
    41d6:	1ad3      	subs	r3, r2, r3
    41d8:	4a05      	ldr	r2, [pc, #20]	; (41f0 <timeout_isr_+0x148>)
    41da:	6093      	str	r3, [r2, #8]
			start_grid_timer();
    41dc:	f7ff fd10 	bl	3c00 <start_grid_timer>
	GPI_TRACE_RETURN_FAST();
    41e0:	e7dc      	b.n	419c <timeout_isr_+0xf4>
    41e2:	bf00      	nop
    41e4:	40001000 	.word	0x40001000
    41e8:	4001f000 	.word	0x4001f000
    41ec:	e000e100 	.word	0xe000e100
    41f0:	20000440 	.word	0x20000440
    41f4:	40008000 	.word	0x40008000
    41f8:	2000017c 	.word	0x2000017c

000041fc <timeout_isr>:
void LED_ISR(timeout_isr, LED_TIMEOUT_ISR)
    41fc:	b508      	push	{r3, lr}
    41fe:	4b08      	ldr	r3, [pc, #32]	; (4220 <timeout_isr+0x24>)
    4200:	681b      	ldr	r3, [r3, #0]
    4202:	b153      	cbz	r3, 421a <timeout_isr+0x1e>
	_gpi_clocks_fast_timer->TASKS_CAPTURE[GPI_FAST_CLOCK_NRF_CAPTURE_REG] = 1;
    4204:	4b07      	ldr	r3, [pc, #28]	; (4224 <timeout_isr+0x28>)
    4206:	2201      	movs	r2, #1
    4208:	641a      	str	r2, [r3, #64]	; 0x40
	return _gpi_clocks_fast_timer->CC[GPI_FAST_CLOCK_NRF_CAPTURE_REG];
    420a:	f8d3 2540 	ldr.w	r2, [r3, #1344]	; 0x540
    420e:	4b06      	ldr	r3, [pc, #24]	; (4228 <timeout_isr+0x2c>)
    4210:	f8c3 229c 	str.w	r2, [r3, #668]	; 0x29c
    4214:	4b02      	ldr	r3, [pc, #8]	; (4220 <timeout_isr+0x24>)
    4216:	2200      	movs	r2, #0
    4218:	601a      	str	r2, [r3, #0]
    421a:	f7ff ff45 	bl	40a8 <timeout_isr_>
    421e:	bd08      	pop	{r3, pc}
    4220:	20000178 	.word	0x20000178
    4224:	40008000 	.word	0x40008000
    4228:	2000017c 	.word	0x2000017c

0000422c <grid_timer_isr_>:
//**************************************************************************************************

// grid timer ISR
// this is one of the central transport layer routines
void LED_ISR(grid_timer_isr, LED_GRID_TIMER_ISR)
{
    422c:	b5f8      	push	{r3, r4, r5, r6, r7, lr}
	MAIN_TIMER->INTENCLR = 0x10000 << MAIN_TIMER_CC_INDEX;
    422e:	4b50      	ldr	r3, [pc, #320]	; (4370 <grid_timer_isr_+0x144>)
    4230:	f44f 2200 	mov.w	r2, #524288	; 0x80000
    4234:	f8c3 2308 	str.w	r2, [r3, #776]	; 0x308
	PROFILE_ISR("grid timer ISR entry");

	mask_main_timer();

	// if STOP requested: stop
	if (STOP == s.next_slot_task)
    4238:	4b4e      	ldr	r3, [pc, #312]	; (4374 <grid_timer_isr_+0x148>)
    423a:	f893 3051 	ldrb.w	r3, [r3, #81]	; 0x51
    423e:	2b02      	cmp	r3, #2
    4240:	d023      	beq.n	428a <grid_timer_isr_+0x5e>

		GPI_TRACE_RETURN_FAST();
	}

	// if Rx
	if ((RESYNC == s.slot_state) || (RX == s.next_slot_task))
    4242:	4a4c      	ldr	r2, [pc, #304]	; (4374 <grid_timer_isr_+0x148>)
    4244:	f892 2050 	ldrb.w	r2, [r2, #80]	; 0x50
    4248:	2a00      	cmp	r2, #0
    424a:	f000 836f 	beq.w	492c <grid_timer_isr_+0x700>
    424e:	2b00      	cmp	r3, #0
    4250:	f000 832d 	beq.w	48ae <grid_timer_isr_+0x682>
		Gpi_Fast_Tick_Native 	trigger_tick;
		int_fast8_t				late = 1;
		uint8_t					*p;

		// compute exact trigger time
		trigger_tick = MAIN_TIMER_CC_REG + GPI_TICK_US_TO_FAST(ISR_LATENCY_BUFFER);
    4254:	4b46      	ldr	r3, [pc, #280]	; (4370 <grid_timer_isr_+0x144>)
    4256:	f8d3 154c 	ldr.w	r1, [r3, #1356]	; 0x54c
    425a:	f501 71a0 	add.w	r1, r1, #320	; 0x140

		// arm timer for exact trigger time
		MAIN_TIMER_CC_REG = trigger_tick;
    425e:	f8c3 154c 	str.w	r1, [r3, #1356]	; 0x54c
		MAIN_TIMER->EVENTS_COMPARE[MAIN_TIMER_CC_INDEX] = 0;
    4262:	2200      	movs	r2, #0
    4264:	f8c3 214c 	str.w	r2, [r3, #332]	; 0x14c

		// connect TIMER->TASKS_COMPARE to RADIO->TXEN (via PPI)
		NRF_PPI->CH[NRF_PPI_CHANNEL].EEP =
    4268:	f503 33b8 	add.w	r3, r3, #94208	; 0x17000
    426c:	4a42      	ldr	r2, [pc, #264]	; (4378 <grid_timer_isr_+0x14c>)
    426e:	f8c3 25a8 	str.w	r2, [r3, #1448]	; 0x5a8
			(uintptr_t)&(MAIN_TIMER->EVENTS_COMPARE[MAIN_TIMER_CC_INDEX]);
		NRF_PPI->CH[NRF_PPI_CHANNEL].TEP =
    4272:	4a42      	ldr	r2, [pc, #264]	; (437c <grid_timer_isr_+0x150>)
    4274:	f8c3 25ac 	str.w	r2, [r3, #1452]	; 0x5ac
			(uintptr_t)&(NRF_RADIO->TASKS_TXEN);
		NRF_PPI->CHENSET = BV(NRF_PPI_CHANNEL);
    4278:	f44f 2200 	mov.w	r2, #524288	; 0x80000
    427c:	f8c3 2504 	str.w	r2, [r3, #1284]	; 0x504
		int_fast8_t				late = 1;
    4280:	2401      	movs	r4, #1
	_gpi_clocks_fast_timer->TASKS_CAPTURE[GPI_FAST_CLOCK_NRF_CAPTURE_REG] = 1;
    4282:	4a3b      	ldr	r2, [pc, #236]	; (4370 <grid_timer_isr_+0x144>)
    4284:	4620      	mov	r0, r4
    4286:	2500      	movs	r5, #0

		// wait until trigger time has been reached
		PROFILE_ISR();

		while (gpi_tick_compare_fast_native(gpi_tick_fast_native(), trigger_tick) < 0)
    4288:	e055      	b.n	4336 <grid_timer_isr_+0x10a>
			mx.stat_counter.slot_off = mx.slot_number;	// the old one (viewpoint: turn off after last processing)
    428a:	4b3d      	ldr	r3, [pc, #244]	; (4380 <grid_timer_isr_+0x154>)
    428c:	f8b3 2118 	ldrh.w	r2, [r3, #280]	; 0x118
    4290:	f8a3 228a 	strh.w	r2, [r3, #650]	; 0x28a
  __ASM volatile ("dmb 0xF":::"memory");
    4294:	f3bf 8f5f 	dmb	sy
		__asm__
    4298:	2201      	movs	r2, #1
    429a:	f503 738e 	add.w	r3, r3, #284	; 0x11c
    429e:	e853 1f00 	ldrex	r1, [r3]
    42a2:	ea41 0102 	orr.w	r1, r1, r2
    42a6:	e843 1200 	strex	r2, r1, [r3]
    42aa:	2a00      	cmp	r2, #0
    42ac:	d1f7      	bne.n	429e <grid_timer_isr_+0x72>
    42ae:	f3bf 8f5f 	dmb	sy
		GPI_TRACE_RETURN_FAST();
    42b2:	e03e      	b.n	4332 <grid_timer_isr_+0x106>
    42b4:	462c      	mov	r4, r5
    42b6:	6410      	str	r0, [r2, #64]	; 0x40
	return _gpi_clocks_fast_timer->CC[GPI_FAST_CLOCK_NRF_CAPTURE_REG];
    42b8:	f8d2 3540 	ldr.w	r3, [r2, #1344]	; 0x540
_GPI_TICK_COMPARE_FUNCTION(fast_native, 	Gpi_Fast_Tick_Native)
    42bc:	1a5b      	subs	r3, r3, r1
    42be:	2b00      	cmp	r3, #0
    42c0:	dbf8      	blt.n	42b4 <grid_timer_isr_+0x88>
			if (BV_TEST_BY_NAME(NRF_RADIO->STATE, RADIO_STATE_STATE, RxRu))
    42c2:	4b2e      	ldr	r3, [pc, #184]	; (437c <grid_timer_isr_+0x150>)
    42c4:	f8d3 3550 	ldr.w	r3, [r3, #1360]	; 0x550
    42c8:	f003 030f 	and.w	r3, r3, #15
    42cc:	2b01      	cmp	r3, #1
    42ce:	d00e      	beq.n	42ee <grid_timer_isr_+0xc2>
			NRF_PPI->CHENCLR = BV(NRF_PPI_CHANNEL);
    42d0:	4b2c      	ldr	r3, [pc, #176]	; (4384 <grid_timer_isr_+0x158>)
    42d2:	f44f 2200 	mov.w	r2, #524288	; 0x80000
    42d6:	f8c3 2508 	str.w	r2, [r3, #1288]	; 0x508
				if (late)
    42da:	2c00      	cmp	r4, #0
    42dc:	f000 8331 	beq.w	4942 <grid_timer_isr_+0x716>
					mx.stat_counter.num_rx_late++;
    42e0:	4a27      	ldr	r2, [pc, #156]	; (4380 <grid_timer_isr_+0x154>)
    42e2:	f8b2 3274 	ldrh.w	r3, [r2, #628]	; 0x274
    42e6:	3301      	adds	r3, #1
    42e8:	f8a2 3274 	strh.w	r3, [r2, #628]	; 0x274
		if (late)
    42ec:	e321      	b.n	4932 <grid_timer_isr_+0x706>
			NRF_PPI->CHENCLR = BV(NRF_PPI_CHANNEL);
    42ee:	4b25      	ldr	r3, [pc, #148]	; (4384 <grid_timer_isr_+0x158>)
    42f0:	f44f 2200 	mov.w	r2, #524288	; 0x80000
    42f4:	f8c3 2508 	str.w	r2, [r3, #1288]	; 0x508
				if (late)
    42f8:	e323      	b.n	4942 <grid_timer_isr_+0x716>
			s.next_grid_tick = r.hybrid_tick + MX_SLOT_LENGTH_RESYNC;
    42fa:	f502 527a 	add.w	r2, r2, #16000	; 0x3e80
    42fe:	4604      	mov	r4, r0
    4300:	6042      	str	r2, [r0, #4]
			s.next_trigger_tick = s.next_grid_tick;
    4302:	6082      	str	r2, [r0, #8]
			start_grid_timer();
    4304:	f7ff fc7c 	bl	3c00 <start_grid_timer>
		s.next_slot_task = RX;

		PROFILE_ISR("grid timer ISR start Tx end");
	}

	if (RESYNC != s.slot_state)
    4308:	f894 3050 	ldrb.w	r3, [r4, #80]	; 0x50
    430c:	2b00      	cmp	r3, #0
    430e:	f040 8371 	bne.w	49f4 <grid_timer_isr_+0x7c8>
    4312:	f3bf 8f5f 	dmb	sy
    4316:	4b1a      	ldr	r3, [pc, #104]	; (4380 <grid_timer_isr_+0x154>)
    4318:	2208      	movs	r2, #8
    431a:	f503 738e 	add.w	r3, r3, #284	; 0x11c
    431e:	e853 1f00 	ldrex	r1, [r3]
    4322:	ea41 0102 	orr.w	r1, r1, r2
    4326:	e843 1200 	strex	r2, r1, [r3]
    432a:	2a00      	cmp	r2, #0
    432c:	d1f7      	bne.n	431e <grid_timer_isr_+0xf2>
    432e:	f3bf 8f5f 	dmb	sy
	// in a while). It can be used for maintenance tasks that are less time critical.
	set_event(TRIGGER_TICK);

	PROFILE_ISR("grid timer ISR return");
	GPI_TRACE_RETURN_FAST();
}
    4332:	bdf8      	pop	{r3, r4, r5, r6, r7, pc}
    4334:	462c      	mov	r4, r5
	_gpi_clocks_fast_timer->TASKS_CAPTURE[GPI_FAST_CLOCK_NRF_CAPTURE_REG] = 1;
    4336:	6410      	str	r0, [r2, #64]	; 0x40
	return _gpi_clocks_fast_timer->CC[GPI_FAST_CLOCK_NRF_CAPTURE_REG];
    4338:	f8d2 3540 	ldr.w	r3, [r2, #1344]	; 0x540
    433c:	1a5b      	subs	r3, r3, r1
    433e:	2b00      	cmp	r3, #0
    4340:	dbf8      	blt.n	4334 <grid_timer_isr_+0x108>
		if (BV_TEST_BY_NAME(NRF_RADIO->STATE, RADIO_STATE_STATE, TxRu))
    4342:	4b0e      	ldr	r3, [pc, #56]	; (437c <grid_timer_isr_+0x150>)
    4344:	f8d3 3550 	ldr.w	r3, [r3, #1360]	; 0x550
    4348:	f003 030f 	and.w	r3, r3, #15
    434c:	2b09      	cmp	r3, #9
    434e:	d01b      	beq.n	4388 <grid_timer_isr_+0x15c>
		NRF_PPI->CHENCLR = BV(NRF_PPI_CHANNEL);
    4350:	4b0c      	ldr	r3, [pc, #48]	; (4384 <grid_timer_isr_+0x158>)
    4352:	f44f 2200 	mov.w	r2, #524288	; 0x80000
    4356:	f8c3 2508 	str.w	r2, [r3, #1288]	; 0x508
		if (late)
    435a:	b1dc      	cbz	r4, 4394 <grid_timer_isr_+0x168>
			NRF_RADIO->TASKS_TXEN = 1;
    435c:	2201      	movs	r2, #1
    435e:	f5a3 33f0 	sub.w	r3, r3, #122880	; 0x1e000
    4362:	601a      	str	r2, [r3, #0]
	_gpi_clocks_fast_timer->TASKS_CAPTURE[GPI_FAST_CLOCK_NRF_CAPTURE_REG] = 1;
    4364:	f503 43e0 	add.w	r3, r3, #28672	; 0x7000
    4368:	641a      	str	r2, [r3, #64]	; 0x40
	return _gpi_clocks_fast_timer->CC[GPI_FAST_CLOCK_NRF_CAPTURE_REG];
    436a:	f8d3 1540 	ldr.w	r1, [r3, #1344]	; 0x540
    436e:	e011      	b.n	4394 <grid_timer_isr_+0x168>
    4370:	40008000 	.word	0x40008000
    4374:	20000440 	.word	0x20000440
    4378:	4000814c 	.word	0x4000814c
    437c:	40001000 	.word	0x40001000
    4380:	2000017c 	.word	0x2000017c
    4384:	4001f000 	.word	0x4001f000
		NRF_PPI->CHENCLR = BV(NRF_PPI_CHANNEL);
    4388:	4bc2      	ldr	r3, [pc, #776]	; (4694 <grid_timer_isr_+0x468>)
    438a:	f44f 2200 	mov.w	r2, #524288	; 0x80000
    438e:	f8c3 2508 	str.w	r2, [r3, #1288]	; 0x508
			late = 0;
    4392:	2400      	movs	r4, #0
		NRF_RADIO->PACKETPTR = (uintptr_t)&s.tx_fifo.ble_header;
    4394:	4bc0      	ldr	r3, [pc, #768]	; (4698 <grid_timer_isr_+0x46c>)
    4396:	f103 001e 	add.w	r0, r3, #30
    439a:	4ac0      	ldr	r2, [pc, #768]	; (469c <grid_timer_isr_+0x470>)
    439c:	f8c2 0504 	str.w	r0, [r2, #1284]	; 0x504
		s.tx_fifo.len = PHY_PAYLOAD_SIZE;
    43a0:	222c      	movs	r2, #44	; 0x2c
    43a2:	77da      	strb	r2, [r3, #31]
			s.radio_start_timestamp = trigger_tick | 1;
    43a4:	f041 0101 	orr.w	r1, r1, #1
    43a8:	6559      	str	r1, [r3, #84]	; 0x54
			if (late)
    43aa:	b12c      	cbz	r4, 43b8 <grid_timer_isr_+0x18c>
				mx.stat_counter.num_tx_late++;
    43ac:	4abc      	ldr	r2, [pc, #752]	; (46a0 <grid_timer_isr_+0x474>)
    43ae:	f8b2 3276 	ldrh.w	r3, [r2, #630]	; 0x276
    43b2:	3301      	adds	r3, #1
    43b4:	f8a2 3276 	strh.w	r3, [r2, #630]	; 0x276
			uint16_t slot_number = mx.slot_number + 1;
    43b8:	4ab9      	ldr	r2, [pc, #740]	; (46a0 <grid_timer_isr_+0x474>)
    43ba:	f8b2 3118 	ldrh.w	r3, [r2, #280]	; 0x118
    43be:	3301      	adds	r3, #1
    43c0:	b29b      	uxth	r3, r3
			mx.tx_packet.slot_number = slot_number;
    43c2:	f8a2 30e0 	strh.w	r3, [r2, #224]	; 0xe0
			mx.tx_packet.flags.all = 0;
    43c6:	2100      	movs	r1, #0
    43c8:	f882 10e3 	strb.w	r1, [r2, #227]	; 0xe3
				if (slot_number < MX_GENERATION_SIZE)
    43cc:	2b03      	cmp	r3, #3
    43ce:	d81e      	bhi.n	440e <grid_timer_isr_+0x1e2>
					if (0 == mx.matrix[slot_number].birth_slot)
    43d0:	eb03 0283 	add.w	r2, r3, r3, lsl #2
    43d4:	49b2      	ldr	r1, [pc, #712]	; (46a0 <grid_timer_isr_+0x474>)
    43d6:	eb01 02c2 	add.w	r2, r1, r2, lsl #3
    43da:	f8b2 2128 	ldrh.w	r2, [r2, #296]	; 0x128
    43de:	b92a      	cbnz	r2, 43ec <grid_timer_isr_+0x1c0>
						mx.tx_packet.flags.owner_forecast_1 = 1;
    43e0:	f891 20e3 	ldrb.w	r2, [r1, #227]	; 0xe3
    43e4:	f042 0220 	orr.w	r2, r2, #32
    43e8:	f881 20e3 	strb.w	r2, [r1, #227]	; 0xe3
					if (slot_number + 1 < MX_GENERATION_SIZE)
    43ec:	1c5a      	adds	r2, r3, #1
    43ee:	2a03      	cmp	r2, #3
    43f0:	d80d      	bhi.n	440e <grid_timer_isr_+0x1e2>
						if (0 == mx.matrix[slot_number + 1].birth_slot)
    43f2:	eb02 0282 	add.w	r2, r2, r2, lsl #2
    43f6:	49aa      	ldr	r1, [pc, #680]	; (46a0 <grid_timer_isr_+0x474>)
    43f8:	eb01 02c2 	add.w	r2, r1, r2, lsl #3
    43fc:	f8b2 2128 	ldrh.w	r2, [r2, #296]	; 0x128
    4400:	b92a      	cbnz	r2, 440e <grid_timer_isr_+0x1e2>
							mx.tx_packet.flags.owner_forecast_2 = 1;
    4402:	f891 20e3 	ldrb.w	r2, [r1, #227]	; 0xe3
    4406:	f042 0240 	orr.w	r2, r2, #64	; 0x40
    440a:	f881 20e3 	strb.w	r2, [r1, #227]	; 0xe3
			if (MX_GENERATION_SIZE == mx.rank)
    440e:	4aa4      	ldr	r2, [pc, #656]	; (46a0 <grid_timer_isr_+0x474>)
    4410:	f8b2 21c8 	ldrh.w	r2, [r2, #456]	; 0x1c8
    4414:	2a04      	cmp	r2, #4
    4416:	f000 80fb 	beq.w	4610 <grid_timer_isr_+0x3e4>
				uint16_t 	age = slot_number - mx.recent_innovative_slot;
    441a:	48a1      	ldr	r0, [pc, #644]	; (46a0 <grid_timer_isr_+0x474>)
    441c:	f8b0 11d4 	ldrh.w	r1, [r0, #468]	; 0x1d4
    4420:	1a59      	subs	r1, r3, r1
    4422:	b289      	uxth	r1, r1
					if (slot_number >= mx.weak_zero_release_slot)
    4424:	f8b0 024e 	ldrh.w	r0, [r0, #590]	; 0x24e
    4428:	4298      	cmp	r0, r3
						x = LUT1[MIN(MX_GENERATION_SIZE - mx.rank - mx.weak_rank, NUM_ELEMENTS(LUT1) - 1)];
    442a:	bf9e      	ittt	ls
    442c:	489c      	ldrls	r0, [pc, #624]	; (46a0 <grid_timer_isr_+0x474>)
    442e:	f8b0 024c 	ldrhls.w	r0, [r0, #588]	; 0x24c
    4432:	1812      	addls	r2, r2, r0
				x = LUT1[MIN(MX_GENERATION_SIZE - mx.rank, NUM_ELEMENTS(LUT1) - 1)];
    4434:	f1c2 0204 	rsb	r2, r2, #4
    4438:	2a1a      	cmp	r2, #26
    443a:	bf28      	it	cs
    443c:	221a      	movcs	r2, #26
    443e:	4899      	ldr	r0, [pc, #612]	; (46a4 <grid_timer_isr_+0x478>)
    4440:	5c82      	ldrb	r2, [r0, r2]
				if ((age >= x) ||
    4442:	b292      	uxth	r2, r2
    4444:	428a      	cmp	r2, r1
    4446:	d908      	bls.n	445a <grid_timer_isr_+0x22e>
						((slot_number >= mx.discovery_exit_slot) && (0 == mx_present_head->num_nodes))
    4448:	4a95      	ldr	r2, [pc, #596]	; (46a0 <grid_timer_isr_+0x474>)
				if ((age >= x) ||
    444a:	f8b2 220a 	ldrh.w	r2, [r2, #522]	; 0x20a
    444e:	429a      	cmp	r2, r3
    4450:	d81e      	bhi.n	4490 <grid_timer_isr_+0x264>
						((slot_number >= mx.discovery_exit_slot) && (0 == mx_present_head->num_nodes))
    4452:	4a93      	ldr	r2, [pc, #588]	; (46a0 <grid_timer_isr_+0x474>)
    4454:	f8b2 21fa 	ldrh.w	r2, [r2, #506]	; 0x1fa
    4458:	b9d2      	cbnz	r2, 4490 <grid_timer_isr_+0x264>
					if (rand < LUT2[MIN(mx.request.my_column_pending, NUM_ELEMENTS(LUT2) - 1)])
    445a:	4a91      	ldr	r2, [pc, #580]	; (46a0 <grid_timer_isr_+0x474>)
    445c:	f8b2 023c 	ldrh.w	r0, [r2, #572]	; 0x23c
    4460:	4601      	mov	r1, r0
    4462:	2806      	cmp	r0, #6
    4464:	bf28      	it	cs
    4466:	2106      	movcs	r1, #6
				uint8_t	 	rand = mx.tx_packet.rand;		// prepared on thread level
    4468:	f892 210c 	ldrb.w	r2, [r2, #268]	; 0x10c
					if (rand < LUT2[MIN(mx.request.my_column_pending, NUM_ELEMENTS(LUT2) - 1)])
    446c:	4c8e      	ldr	r4, [pc, #568]	; (46a8 <grid_timer_isr_+0x47c>)
    446e:	5c61      	ldrb	r1, [r4, r1]
    4470:	f002 023f 	and.w	r2, r2, #63	; 0x3f
					else mx.tx_packet.flags.info_type = IT_COLUMN_REQUEST;
    4474:	4291      	cmp	r1, r2
    4476:	bf8c      	ite	hi
    4478:	2202      	movhi	r2, #2
    447a:	2203      	movls	r2, #3
					if (mx.request.my_column_pending == 0)
    447c:	2800      	cmp	r0, #0
    447e:	f000 80de 	beq.w	463e <grid_timer_isr_+0x412>
    4482:	4987      	ldr	r1, [pc, #540]	; (46a0 <grid_timer_isr_+0x474>)
    4484:	f891 00e3 	ldrb.w	r0, [r1, #227]	; 0xe3
    4488:	f362 0003 	bfi	r0, r2, #0, #4
    448c:	f881 00e3 	strb.w	r0, [r1, #227]	; 0xe3
				if (slot_number < mx.weak_zero_release_slot)
    4490:	4a83      	ldr	r2, [pc, #524]	; (46a0 <grid_timer_isr_+0x474>)
    4492:	f8b2 224e 	ldrh.w	r2, [r2, #590]	; 0x24e
    4496:	429a      	cmp	r2, r3
    4498:	d81c      	bhi.n	44d4 <grid_timer_isr_+0x2a8>
				if (0 == mx.weak_rank)
    449a:	4b81      	ldr	r3, [pc, #516]	; (46a0 <grid_timer_isr_+0x474>)
    449c:	f8b3 324c 	ldrh.w	r3, [r3, #588]	; 0x24c
    44a0:	b1c3      	cbz	r3, 44d4 <grid_timer_isr_+0x2a8>
					if ((mx.tx_packet.flags.all & EIT_RADIO_OFF_mask) == EIT_RADIO_OFF_pattern)
    44a2:	4b7f      	ldr	r3, [pc, #508]	; (46a0 <grid_timer_isr_+0x474>)
    44a4:	f893 30e3 	ldrb.w	r3, [r3, #227]	; 0xe3
    44a8:	f003 028d 	and.w	r2, r3, #141	; 0x8d
    44ac:	2a81      	cmp	r2, #129	; 0x81
    44ae:	d011      	beq.n	44d4 <grid_timer_isr_+0x2a8>
					if ((mx.tx_packet.flags.all & EIT_FULL_RANK_ACK_MAP_mask) == EIT_FULL_RANK_ACK_MAP_pattern)
    44b0:	f003 038e 	and.w	r3, r3, #142	; 0x8e
    44b4:	2b82      	cmp	r3, #130	; 0x82
    44b6:	d00d      	beq.n	44d4 <grid_timer_isr_+0x2a8>
				if (0 == mx.stat_counter.num_sent)
    44b8:	4b79      	ldr	r3, [pc, #484]	; (46a0 <grid_timer_isr_+0x474>)
    44ba:	f8b3 3260 	ldrh.w	r3, [r3, #608]	; 0x260
    44be:	2b00      	cmp	r3, #0
    44c0:	f040 80c6 	bne.w	4650 <grid_timer_isr_+0x424>
					mx.tx_packet.flags.info_type = IT_WEAK_ZERO_MAP;
    44c4:	4b76      	ldr	r3, [pc, #472]	; (46a0 <grid_timer_isr_+0x474>)
    44c6:	f893 20e3 	ldrb.w	r2, [r3, #227]	; 0xe3
    44ca:	2104      	movs	r1, #4
    44cc:	f361 0203 	bfi	r2, r1, #0, #4
    44d0:	f883 20e3 	strb.w	r2, [r3, #227]	; 0xe3
	__asm__ volatile
    44d4:	2300      	movs	r3, #0
    44d6:	4e75      	ldr	r6, [pc, #468]	; (46ac <grid_timer_isr_+0x480>)
    44d8:	4619      	mov	r1, r3
    44da:	4a75      	ldr	r2, [pc, #468]	; (46b0 <grid_timer_isr_+0x484>)
    44dc:	4630      	mov	r0, r6
    44de:	461c      	mov	r4, r3
    44e0:	2504      	movs	r5, #4
    44e2:	bf00      	nop
    44e4:	ea43 0301 	orr.w	r3, r3, r1
    44e8:	f850 1b04 	ldr.w	r1, [r0], #4
    44ec:	2c00      	cmp	r4, #0
    44ee:	bf1c      	itt	ne
    44f0:	f854 7b04 	ldrne.w	r7, [r4], #4
    44f4:	4079      	eorne	r1, r7
    44f6:	f842 1b04 	str.w	r1, [r2], #4
    44fa:	3d04      	subs	r5, #4
    44fc:	dcf2      	bgt.n	44e4 <grid_timer_isr_+0x2b8>
    44fe:	3504      	adds	r5, #4
    4500:	ea4f 05c5 	mov.w	r5, r5, lsl #3
    4504:	f04f 37ff 	mov.w	r7, #4294967295	; 0xffffffff
    4508:	fa07 f705 	lsl.w	r7, r7, r5
    450c:	ea21 0107 	bic.w	r1, r1, r7
    4510:	ea43 0301 	orr.w	r3, r3, r1
			uint8_t	*ps = (uint8_t*)mx.tx_sideload;
    4514:	6b34      	ldr	r4, [r6, #48]	; 0x30
				int16_t help_index = mx.request.help_index;
    4516:	f9b6 114e 	ldrsh.w	r1, [r6, #334]	; 0x14e
				if ((help_index < 0) && (help_index > INT16_MIN))
    451a:	b28a      	uxth	r2, r1
    451c:	f502 43ff 	add.w	r3, r2, #32640	; 0x7f80
    4520:	337f      	adds	r3, #127	; 0x7f
    4522:	b29b      	uxth	r3, r3
    4524:	f647 70fe 	movw	r0, #32766	; 0x7ffe
    4528:	4283      	cmp	r3, r0
    452a:	f200 80d9 	bhi.w	46e0 <grid_timer_isr_+0x4b4>
					help_index = -help_index - 1;
    452e:	43c9      	mvns	r1, r1
					if (!mx.tx_packet.is_ready ||
    4530:	f1a6 03e0 	sub.w	r3, r6, #224	; 0xe0
    4534:	f993 310c 	ldrsb.w	r3, [r3, #268]	; 0x10c
    4538:	2b00      	cmp	r3, #0
    453a:	f2c0 80c7 	blt.w	46cc <grid_timer_isr_+0x4a0>
						ps = &(mx.matrix[help_index].coding_vector_8[0]);
    453e:	eb01 0181 	add.w	r1, r1, r1, lsl #2
    4542:	4c5c      	ldr	r4, [pc, #368]	; (46b4 <grid_timer_isr_+0x488>)
    4544:	eb04 04c1 	add.w	r4, r4, r1, lsl #3
					mx.request.last_update_slot = mx.slot_number + 1;
    4548:	4a55      	ldr	r2, [pc, #340]	; (46a0 <grid_timer_isr_+0x474>)
    454a:	f8b2 3118 	ldrh.w	r3, [r2, #280]	; 0x118
    454e:	3301      	adds	r3, #1
    4550:	f8a2 322c 	strh.w	r3, [r2, #556]	; 0x22c
				if ((uintptr_t)ps - (uintptr_t)&mx.matrix < sizeof(mx.matrix))
    4554:	4b58      	ldr	r3, [pc, #352]	; (46b8 <grid_timer_isr_+0x48c>)
    4556:	1ae3      	subs	r3, r4, r3
    4558:	2b9f      	cmp	r3, #159	; 0x9f
    455a:	d808      	bhi.n	456e <grid_timer_isr_+0x342>
		uint8_t			*d = p + sizeof_member(Matrix_Row, coding_vector_8);
		uint8_t			*s = d + sizeof_member(Matrix_Row, payload_8);
		unsigned int	i;

		for (i = offsetof(Matrix_Row, payload) - offsetof(Matrix_Row, payload_8); i-- > 0;)
			*d++ = *s++;
    455c:	f894 3021 	ldrb.w	r3, [r4, #33]	; 0x21
    4560:	7063      	strb	r3, [r4, #1]
    4562:	f894 3022 	ldrb.w	r3, [r4, #34]	; 0x22
    4566:	70a3      	strb	r3, [r4, #2]
    4568:	f894 3023 	ldrb.w	r3, [r4, #35]	; 0x23
    456c:	70e3      	strb	r3, [r4, #3]
			if (!mx.tx_packet.is_ready)
    456e:	4b4c      	ldr	r3, [pc, #304]	; (46a0 <grid_timer_isr_+0x474>)
    4570:	f993 310c 	ldrsb.w	r3, [r3, #268]	; 0x10c
    4574:	2b00      	cmp	r3, #0
    4576:	f2c0 80cc 	blt.w	4712 <grid_timer_isr_+0x4e6>
				assert(NULL != ps);
    457a:	2c00      	cmp	r4, #0
    457c:	f000 80c2 	beq.w	4704 <grid_timer_isr_+0x4d8>
	__asm__ volatile
    4580:	2600      	movs	r6, #0
    4582:	4631      	mov	r1, r6
    4584:	4a4d      	ldr	r2, [pc, #308]	; (46bc <grid_timer_isr_+0x490>)
    4586:	4623      	mov	r3, r4
    4588:	4630      	mov	r0, r6
    458a:	4634      	mov	r4, r6
    458c:	2521      	movs	r5, #33	; 0x21
    458e:	bf00      	nop
    4590:	ea44 0401 	orr.w	r4, r4, r1
    4594:	f853 1b04 	ldr.w	r1, [r3], #4
    4598:	2800      	cmp	r0, #0
    459a:	bf1c      	itt	ne
    459c:	f850 7b04 	ldrne.w	r7, [r0], #4
    45a0:	4079      	eorne	r1, r7
    45a2:	f842 1b04 	str.w	r1, [r2], #4
    45a6:	3d04      	subs	r5, #4
    45a8:	dcf2      	bgt.n	4590 <grid_timer_isr_+0x364>
    45aa:	3504      	adds	r5, #4
    45ac:	ea4f 05c5 	mov.w	r5, r5, lsl #3
    45b0:	f04f 37ff 	mov.w	r7, #4294967295	; 0xffffffff
    45b4:	fa07 f705 	lsl.w	r7, r7, r5
    45b8:	ea21 0107 	bic.w	r1, r1, r7
    45bc:	ea44 0401 	orr.w	r4, r4, r1
					mx.tx_packet.is_valid = 0;
    45c0:	4b37      	ldr	r3, [pc, #220]	; (46a0 <grid_timer_isr_+0x474>)
    45c2:	f893 210c 	ldrb.w	r2, [r3, #268]	; 0x10c
    45c6:	f366 1286 	bfi	r2, r6, #6, #1
    45ca:	f883 210c 	strb.w	r2, [r3, #268]	; 0x10c
			switch (mx.tx_packet.flags.all & EIT_mask)
    45ce:	4b34      	ldr	r3, [pc, #208]	; (46a0 <grid_timer_isr_+0x474>)
    45d0:	f893 20e3 	ldrb.w	r2, [r3, #227]	; 0xe3
    45d4:	f002 038f 	and.w	r3, r2, #143	; 0x8f
    45d8:	2b03      	cmp	r3, #3
    45da:	f000 8147 	beq.w	486c <grid_timer_isr_+0x640>
    45de:	f200 80bc 	bhi.w	475a <grid_timer_isr_+0x52e>
    45e2:	f012 0f8d 	tst.w	r2, #141	; 0x8d
    45e6:	f000 8143 	beq.w	4870 <grid_timer_isr_+0x644>
				default: switch (mx.tx_packet.flags.info_type)
    45ea:	4b2d      	ldr	r3, [pc, #180]	; (46a0 <grid_timer_isr_+0x474>)
    45ec:	f893 30e3 	ldrb.w	r3, [r3, #227]	; 0xe3
    45f0:	f003 030f 	and.w	r3, r3, #15
    45f4:	2b04      	cmp	r3, #4
    45f6:	f000 813d 	beq.w	4874 <grid_timer_isr_+0x648>
    45fa:	2b0f      	cmp	r3, #15
    45fc:	f000 813c 	beq.w	4878 <grid_timer_isr_+0x64c>
						assert(0);
    4600:	f240 6255 	movw	r2, #1621	; 0x655
    4604:	492e      	ldr	r1, [pc, #184]	; (46c0 <grid_timer_isr_+0x494>)
    4606:	482f      	ldr	r0, [pc, #188]	; (46c4 <grid_timer_isr_+0x498>)
    4608:	f000 fbdc 	bl	4dc4 <__assert>
						ps = &mx.tx_packet.coding_vector;
    460c:	4a2e      	ldr	r2, [pc, #184]	; (46c8 <grid_timer_isr_+0x49c>)
						break;
    460e:	e0aa      	b.n	4766 <grid_timer_isr_+0x53a>
				mx.tx_packet.flags.is_full_rank = 1;
    4610:	4923      	ldr	r1, [pc, #140]	; (46a0 <grid_timer_isr_+0x474>)
    4612:	f891 20e3 	ldrb.w	r2, [r1, #227]	; 0xe3
				mx.tx_packet.flags.info_type = IT_FULL_RANK_MAP;
    4616:	f062 027f 	orn	r2, r2, #127	; 0x7f
    461a:	f36f 0203 	bfc	r2, #0, #4
    461e:	f881 20e3 	strb.w	r2, [r1, #227]	; 0xe3
					if (mx.is_shutdown_approved)
    4622:	f891 220c 	ldrb.w	r2, [r1, #524]	; 0x20c
    4626:	2a00      	cmp	r2, #0
    4628:	f43f af32 	beq.w	4490 <grid_timer_isr_+0x264>
						mx.tx_packet.flags.info_type = IT_FULL_RANK_MAP_RADIO_OFF;
    462c:	460a      	mov	r2, r1
    462e:	f891 10e3 	ldrb.w	r1, [r1, #227]	; 0xe3
    4632:	2001      	movs	r0, #1
    4634:	f360 0103 	bfi	r1, r0, #0, #4
    4638:	f882 10e3 	strb.w	r1, [r2, #227]	; 0xe3
    463c:	e728      	b.n	4490 <grid_timer_isr_+0x264>
						mx.tx_packet.flags.info_type = IT_ROW_REQUEST;
    463e:	4a18      	ldr	r2, [pc, #96]	; (46a0 <grid_timer_isr_+0x474>)
    4640:	f892 10e3 	ldrb.w	r1, [r2, #227]	; 0xe3
    4644:	2002      	movs	r0, #2
    4646:	f360 0103 	bfi	r1, r0, #0, #4
    464a:	f882 10e3 	strb.w	r1, [r2, #227]	; 0xe3
    464e:	e71f      	b.n	4490 <grid_timer_isr_+0x264>
					if (0 == mx_present_head->num_nodes)
    4650:	4a13      	ldr	r2, [pc, #76]	; (46a0 <grid_timer_isr_+0x474>)
    4652:	f8b2 21fa 	ldrh.w	r2, [r2, #506]	; 0x1fa
    4656:	2a00      	cmp	r2, #0
    4658:	f43f af3c 	beq.w	44d4 <grid_timer_isr_+0x2a8>
					if (INT16_MIN == mx.request.help_index)
    465c:	4a10      	ldr	r2, [pc, #64]	; (46a0 <grid_timer_isr_+0x474>)
    465e:	f9b2 222e 	ldrsh.w	r2, [r2, #558]	; 0x22e
    4662:	f512 4f00 	cmn.w	r2, #32768	; 0x8000
    4666:	d00c      	beq.n	4682 <grid_timer_isr_+0x456>
				if (mx.stat_counter.num_sent & 1)
    4668:	f013 0f01 	tst.w	r3, #1
    466c:	f43f af32 	beq.w	44d4 <grid_timer_isr_+0x2a8>
					mx.tx_packet.flags.info_type = IT_WEAK_ZERO_MAP;
    4670:	4b0b      	ldr	r3, [pc, #44]	; (46a0 <grid_timer_isr_+0x474>)
    4672:	f893 20e3 	ldrb.w	r2, [r3, #227]	; 0xe3
    4676:	2104      	movs	r1, #4
    4678:	f361 0203 	bfi	r2, r1, #0, #4
    467c:	f883 20e3 	strb.w	r2, [r3, #227]	; 0xe3
    4680:	e728      	b.n	44d4 <grid_timer_isr_+0x2a8>
						mx.tx_packet.flags.info_type = IT_WEAK_ZERO_MAP;
    4682:	4b07      	ldr	r3, [pc, #28]	; (46a0 <grid_timer_isr_+0x474>)
    4684:	f893 20e3 	ldrb.w	r2, [r3, #227]	; 0xe3
    4688:	2104      	movs	r1, #4
    468a:	f361 0203 	bfi	r2, r1, #0, #4
    468e:	f883 20e3 	strb.w	r2, [r3, #227]	; 0xe3
						break;
    4692:	e71f      	b.n	44d4 <grid_timer_isr_+0x2a8>
    4694:	4001f000 	.word	0x4001f000
    4698:	20000440 	.word	0x20000440
    469c:	40001000 	.word	0x40001000
    46a0:	2000017c 	.word	0x2000017c
    46a4:	000066ec 	.word	0x000066ec
    46a8:	00006708 	.word	0x00006708
    46ac:	2000025c 	.word	0x2000025c
    46b0:	20000460 	.word	0x20000460
    46b4:	200002a8 	.word	0x200002a8
    46b8:	200002a4 	.word	0x200002a4
    46bc:	20000464 	.word	0x20000464
    46c0:	000064f4 	.word	0x000064f4
    46c4:	00005d3c 	.word	0x00005d3c
    46c8:	20000260 	.word	0x20000260
						!(((uint_fast_t*)p)[help_index / FAST_T_WIDTH] & mx.request.help_bitmask))
    46cc:	094b      	lsrs	r3, r1, #5
    46ce:	1d32      	adds	r2, r6, #4
    46d0:	f852 0023 	ldr.w	r0, [r2, r3, lsl #2]
    46d4:	f8d2 314c 	ldr.w	r3, [r2, #332]	; 0x14c
					if (!mx.tx_packet.is_ready ||
    46d8:	4218      	tst	r0, r3
    46da:	f47f af35 	bne.w	4548 <grid_timer_isr_+0x31c>
    46de:	e72e      	b.n	453e <grid_timer_isr_+0x312>
				else if (help_index > 0)
    46e0:	2900      	cmp	r1, #0
    46e2:	f77f af37 	ble.w	4554 <grid_timer_isr_+0x328>
					help_index--;
    46e6:	1e53      	subs	r3, r2, #1
						ps = &(mx.matrix[help_index].coding_vector_8[0]);
    46e8:	b21b      	sxth	r3, r3
    46ea:	eb03 0383 	add.w	r3, r3, r3, lsl #2
    46ee:	00db      	lsls	r3, r3, #3
    46f0:	f503 7396 	add.w	r3, r3, #300	; 0x12c
    46f4:	4a7c      	ldr	r2, [pc, #496]	; (48e8 <grid_timer_isr_+0x6bc>)
    46f6:	189c      	adds	r4, r3, r2
						mx.request.last_update_slot = mx.slot_number + 1;
    46f8:	f8b2 3118 	ldrh.w	r3, [r2, #280]	; 0x118
    46fc:	3301      	adds	r3, #1
    46fe:	f8a2 322c 	strh.w	r3, [r2, #556]	; 0x22c
    4702:	e727      	b.n	4554 <grid_timer_isr_+0x328>
				assert(NULL != ps);
    4704:	f240 52fb 	movw	r2, #1531	; 0x5fb
    4708:	4978      	ldr	r1, [pc, #480]	; (48ec <grid_timer_isr_+0x6c0>)
    470a:	4879      	ldr	r0, [pc, #484]	; (48f0 <grid_timer_isr_+0x6c4>)
    470c:	f000 fb5a 	bl	4dc4 <__assert>
    4710:	e736      	b.n	4580 <grid_timer_isr_+0x354>
	__asm__ volatile
    4712:	2200      	movs	r2, #0
    4714:	4610      	mov	r0, r2
    4716:	4977      	ldr	r1, [pc, #476]	; (48f4 <grid_timer_isr_+0x6c8>)
    4718:	4d77      	ldr	r5, [pc, #476]	; (48f8 <grid_timer_isr_+0x6cc>)
    471a:	4623      	mov	r3, r4
    471c:	2421      	movs	r4, #33	; 0x21
    471e:	bf00      	nop
    4720:	ea42 0200 	orr.w	r2, r2, r0
    4724:	f855 0b04 	ldr.w	r0, [r5], #4
    4728:	2b00      	cmp	r3, #0
    472a:	bf1c      	itt	ne
    472c:	f853 6b04 	ldrne.w	r6, [r3], #4
    4730:	4070      	eorne	r0, r6
    4732:	f841 0b04 	str.w	r0, [r1], #4
    4736:	3c04      	subs	r4, #4
    4738:	dcf2      	bgt.n	4720 <grid_timer_isr_+0x4f4>
    473a:	3404      	adds	r4, #4
    473c:	ea4f 04c4 	mov.w	r4, r4, lsl #3
    4740:	f04f 36ff 	mov.w	r6, #4294967295	; 0xffffffff
    4744:	fa06 f604 	lsl.w	r6, r6, r4
    4748:	ea20 0006 	bic.w	r0, r0, r6
    474c:	ea42 0200 	orr.w	r2, r2, r0
				if (!write_tx_fifo(offsetof(Packet, coding_vector), p, ps, CHUNK_SIZE))
    4750:	2a00      	cmp	r2, #0
    4752:	f47f af3c 	bne.w	45ce <grid_timer_isr_+0x3a2>
					p = NULL;
    4756:	2600      	movs	r6, #0
    4758:	e023      	b.n	47a2 <grid_timer_isr_+0x576>
			switch (mx.tx_packet.flags.all & EIT_mask)
    475a:	f083 0380 	eor.w	r3, r3, #128	; 0x80
    475e:	2b03      	cmp	r3, #3
    4760:	f63f af43 	bhi.w	45ea <grid_timer_isr_+0x3be>
						ps = &mx.full_rank_map.hash[0];
    4764:	4a65      	ldr	r2, [pc, #404]	; (48fc <grid_timer_isr_+0x6d0>)
	__asm__ volatile
    4766:	2300      	movs	r3, #0
    4768:	4618      	mov	r0, r3
    476a:	4965      	ldr	r1, [pc, #404]	; (4900 <grid_timer_isr_+0x6d4>)
    476c:	461c      	mov	r4, r3
    476e:	2501      	movs	r5, #1
    4770:	ea43 0300 	orr.w	r3, r3, r0
    4774:	f852 0b04 	ldr.w	r0, [r2], #4
    4778:	2c00      	cmp	r4, #0
    477a:	bf1c      	itt	ne
    477c:	f854 6b04 	ldrne.w	r6, [r4], #4
    4780:	4070      	eorne	r0, r6
    4782:	f841 0b04 	str.w	r0, [r1], #4
    4786:	3d04      	subs	r5, #4
    4788:	dcf2      	bgt.n	4770 <grid_timer_isr_+0x544>
    478a:	3504      	adds	r5, #4
    478c:	ea4f 05c5 	mov.w	r5, r5, lsl #3
    4790:	f04f 36ff 	mov.w	r6, #4294967295	; 0xffffffff
    4794:	fa06 f605 	lsl.w	r6, r6, r5
    4798:	ea20 0006 	bic.w	r0, r0, r6
    479c:	ea43 0300 	orr.w	r3, r3, r0
	return or_data;
    47a0:	4e55      	ldr	r6, [pc, #340]	; (48f8 <grid_timer_isr_+0x6cc>)
			if (mx.agg_is_valid)
    47a2:	4b51      	ldr	r3, [pc, #324]	; (48e8 <grid_timer_isr_+0x6bc>)
    47a4:	f893 325e 	ldrb.w	r3, [r3, #606]	; 0x25e
    47a8:	b143      	cbz	r3, 47bc <grid_timer_isr_+0x590>
	__builtin_memcpy(dest, src, size);
    47aa:	4b4f      	ldr	r3, [pc, #316]	; (48e8 <grid_timer_isr_+0x6bc>)
    47ac:	f8d3 0258 	ldr.w	r0, [r3, #600]	; 0x258
    47b0:	f8c3 0106 	str.w	r0, [r3, #262]	; 0x106
    47b4:	f8b3 225c 	ldrh.w	r2, [r3, #604]	; 0x25c
    47b8:	f8a3 210a 	strh.w	r2, [r3, #266]	; 0x10a
	__asm__ volatile
    47bc:	2300      	movs	r3, #0
    47be:	4619      	mov	r1, r3
    47c0:	4a50      	ldr	r2, [pc, #320]	; (4904 <grid_timer_isr_+0x6d8>)
    47c2:	4851      	ldr	r0, [pc, #324]	; (4908 <grid_timer_isr_+0x6dc>)
    47c4:	461c      	mov	r4, r3
    47c6:	2506      	movs	r5, #6
    47c8:	ea43 0301 	orr.w	r3, r3, r1
    47cc:	f850 1b04 	ldr.w	r1, [r0], #4
    47d0:	2c00      	cmp	r4, #0
    47d2:	bf1c      	itt	ne
    47d4:	f854 7b04 	ldrne.w	r7, [r4], #4
    47d8:	4079      	eorne	r1, r7
    47da:	f842 1b04 	str.w	r1, [r2], #4
    47de:	3d04      	subs	r5, #4
    47e0:	dcf2      	bgt.n	47c8 <grid_timer_isr_+0x59c>
    47e2:	3504      	adds	r5, #4
    47e4:	ea4f 05c5 	mov.w	r5, r5, lsl #3
    47e8:	f04f 37ff 	mov.w	r7, #4294967295	; 0xffffffff
    47ec:	fa07 f705 	lsl.w	r7, r7, r5
    47f0:	ea21 0107 	bic.w	r1, r1, r7
    47f4:	ea43 0301 	orr.w	r3, r3, r1
		if (NULL == p)
    47f8:	2e00      	cmp	r6, #0
    47fa:	d03f      	beq.n	487c <grid_timer_isr_+0x650>
			NRF_RADIO->EVENTS_END = 0;
    47fc:	4b43      	ldr	r3, [pc, #268]	; (490c <grid_timer_isr_+0x6e0>)
    47fe:	2200      	movs	r2, #0
    4800:	f8c3 210c 	str.w	r2, [r3, #268]	; 0x10c
			NRF_RADIO->INTENSET = BV_BY_VALUE(RADIO_INTENSET_END, 1);
    4804:	2208      	movs	r2, #8
    4806:	f8c3 2304 	str.w	r2, [r3, #772]	; 0x304
	__builtin_memcpy(dest, src, size);
    480a:	4e37      	ldr	r6, [pc, #220]	; (48e8 <grid_timer_isr_+0x6bc>)
    480c:	f106 04dc 	add.w	r4, r6, #220	; 0xdc
    4810:	4d3f      	ldr	r5, [pc, #252]	; (4910 <grid_timer_isr_+0x6e4>)
    4812:	cd0f      	ldmia	r5!, {r0, r1, r2, r3}
    4814:	c40f      	stmia	r4!, {r0, r1, r2, r3}
    4816:	cd0f      	ldmia	r5!, {r0, r1, r2, r3}
    4818:	c40f      	stmia	r4!, {r0, r1, r2, r3}
    481a:	cd0f      	ldmia	r5!, {r0, r1, r2, r3}
    481c:	c40f      	stmia	r4!, {r0, r1, r2, r3}
    481e:	682b      	ldr	r3, [r5, #0]
    4820:	6023      	str	r3, [r4, #0]
    4822:	f3bf 8f5f 	dmb	sy
    4826:	2304      	movs	r3, #4
    4828:	f506 718e 	add.w	r1, r6, #284	; 0x11c
    482c:	e851 2f00 	ldrex	r2, [r1]
    4830:	ea42 0203 	orr.w	r2, r2, r3
    4834:	e841 2300 	strex	r3, r2, [r1]
    4838:	2b00      	cmp	r3, #0
    483a:	d1f7      	bne.n	482c <grid_timer_isr_+0x600>
    483c:	f3bf 8f5f 	dmb	sy
			mx.stat_counter.num_sent++;
    4840:	f8b6 3260 	ldrh.w	r3, [r6, #608]	; 0x260
    4844:	3301      	adds	r3, #1
    4846:	f8a6 3260 	strh.w	r3, [r6, #608]	; 0x260
		s.slot_state = TX_RUNNING;
    484a:	4a32      	ldr	r2, [pc, #200]	; (4914 <grid_timer_isr_+0x6e8>)
    484c:	230c      	movs	r3, #12
    484e:	f882 3050 	strb.w	r3, [r2, #80]	; 0x50
		mx.tx_packet.is_ready = 0;
    4852:	4b25      	ldr	r3, [pc, #148]	; (48e8 <grid_timer_isr_+0x6bc>)
    4854:	f893 110c 	ldrb.w	r1, [r3, #268]	; 0x10c
    4858:	f36f 11c7 	bfc	r1, #7, #1
    485c:	f883 110c 	strb.w	r1, [r3, #268]	; 0x10c
		mx.tx_sideload = NULL;
    4860:	2100      	movs	r1, #0
    4862:	f8c3 1110 	str.w	r1, [r3, #272]	; 0x110
		s.next_slot_task = RX;
    4866:	f882 1051 	strb.w	r1, [r2, #81]	; 0x51
		PROFILE_ISR("grid timer ISR start Tx end");
    486a:	e0c3      	b.n	49f4 <grid_timer_isr_+0x7c8>
			switch (mx.tx_packet.flags.all & EIT_mask)
    486c:	4a2a      	ldr	r2, [pc, #168]	; (4918 <grid_timer_isr_+0x6ec>)
    486e:	e77a      	b.n	4766 <grid_timer_isr_+0x53a>
						ps = &mx.request.my_row_mask[0];
    4870:	4a2a      	ldr	r2, [pc, #168]	; (491c <grid_timer_isr_+0x6f0>)
    4872:	e778      	b.n	4766 <grid_timer_isr_+0x53a>
						ps = &mx.weak_zero_map.weak_mask[0];
    4874:	4a2a      	ldr	r2, [pc, #168]	; (4920 <grid_timer_isr_+0x6f4>)
    4876:	e776      	b.n	4766 <grid_timer_isr_+0x53a>
    4878:	4a1f      	ldr	r2, [pc, #124]	; (48f8 <grid_timer_isr_+0x6cc>)
    487a:	e774      	b.n	4766 <grid_timer_isr_+0x53a>
			NRF_RADIO->TASKS_DISABLE = 1;
    487c:	2201      	movs	r2, #1
    487e:	4b23      	ldr	r3, [pc, #140]	; (490c <grid_timer_isr_+0x6e0>)
    4880:	611a      	str	r2, [r3, #16]
	_gpi_clocks_fast_timer->TASKS_CAPTURE[GPI_FAST_CLOCK_NRF_CAPTURE_REG] = 1;
    4882:	f503 43e0 	add.w	r3, r3, #28672	; 0x7000
    4886:	641a      	str	r2, [r3, #64]	; 0x40
	return _gpi_clocks_fast_timer->CC[GPI_FAST_CLOCK_NRF_CAPTURE_REG];
    4888:	f8d3 3540 	ldr.w	r3, [r3, #1344]	; 0x540
				mx.stat_counter.radio_on_time += gpi_tick_fast_native() - s.radio_start_timestamp;
    488c:	4a16      	ldr	r2, [pc, #88]	; (48e8 <grid_timer_isr_+0x6bc>)
    488e:	f8d2 1294 	ldr.w	r1, [r2, #660]	; 0x294
    4892:	440b      	add	r3, r1
    4894:	491f      	ldr	r1, [pc, #124]	; (4914 <grid_timer_isr_+0x6e8>)
    4896:	6d48      	ldr	r0, [r1, #84]	; 0x54
    4898:	1a1b      	subs	r3, r3, r0
    489a:	f8c2 3294 	str.w	r3, [r2, #660]	; 0x294
				s.radio_start_timestamp = 0;
    489e:	2300      	movs	r3, #0
    48a0:	654b      	str	r3, [r1, #84]	; 0x54
				mx.stat_counter.num_tx_zero_packet++;
    48a2:	f8b2 3278 	ldrh.w	r3, [r2, #632]	; 0x278
    48a6:	3301      	adds	r3, #1
    48a8:	f8a2 3278 	strh.w	r3, [r2, #632]	; 0x278
			GPI_TRACE_MSG_FAST(TRACE_INFO, "sideload produced zero-packet -> Tx aborted");
    48ac:	e7cd      	b.n	484a <grid_timer_isr_+0x61e>
		trigger_tick = MAIN_TIMER_CC_REG + GPI_TICK_US_TO_FAST(ISR_LATENCY_BUFFER);
    48ae:	4b1d      	ldr	r3, [pc, #116]	; (4924 <grid_timer_isr_+0x6f8>)
    48b0:	f8d3 154c 	ldr.w	r1, [r3, #1356]	; 0x54c
    48b4:	f501 71a0 	add.w	r1, r1, #320	; 0x140
			MAIN_TIMER_CC_REG = trigger_tick;
    48b8:	f8c3 154c 	str.w	r1, [r3, #1356]	; 0x54c
			MAIN_TIMER->EVENTS_COMPARE[MAIN_TIMER_CC_INDEX] = 0;
    48bc:	2200      	movs	r2, #0
    48be:	f8c3 214c 	str.w	r2, [r3, #332]	; 0x14c
			NRF_PPI->CH[NRF_PPI_CHANNEL].EEP =
    48c2:	f503 33b8 	add.w	r3, r3, #94208	; 0x17000
    48c6:	4a18      	ldr	r2, [pc, #96]	; (4928 <grid_timer_isr_+0x6fc>)
    48c8:	f8c3 25a8 	str.w	r2, [r3, #1448]	; 0x5a8
			NRF_PPI->CH[NRF_PPI_CHANNEL].TEP =
    48cc:	f5a2 42e2 	sub.w	r2, r2, #28928	; 0x7100
    48d0:	3a48      	subs	r2, #72	; 0x48
    48d2:	f8c3 25ac 	str.w	r2, [r3, #1452]	; 0x5ac
			NRF_PPI->CHENSET = BV(NRF_PPI_CHANNEL);
    48d6:	f44f 2200 	mov.w	r2, #524288	; 0x80000
    48da:	f8c3 2504 	str.w	r2, [r3, #1284]	; 0x504
		int_fast8_t				late = 1;
    48de:	2401      	movs	r4, #1
	_gpi_clocks_fast_timer->TASKS_CAPTURE[GPI_FAST_CLOCK_NRF_CAPTURE_REG] = 1;
    48e0:	4a10      	ldr	r2, [pc, #64]	; (4924 <grid_timer_isr_+0x6f8>)
    48e2:	4620      	mov	r0, r4
    48e4:	2500      	movs	r5, #0
			while (gpi_tick_compare_fast_native(gpi_tick_fast_native(), trigger_tick) < 0)
    48e6:	e4e6      	b.n	42b6 <grid_timer_isr_+0x8a>
    48e8:	2000017c 	.word	0x2000017c
    48ec:	000064f4 	.word	0x000064f4
    48f0:	00006558 	.word	0x00006558
    48f4:	20000464 	.word	0x20000464
    48f8:	20000260 	.word	0x20000260
    48fc:	2000038b 	.word	0x2000038b
    4900:	20000485 	.word	0x20000485
    4904:	20000486 	.word	0x20000486
    4908:	20000282 	.word	0x20000282
    490c:	40001000 	.word	0x40001000
    4910:	2000045c 	.word	0x2000045c
    4914:	20000440 	.word	0x20000440
    4918:	200003b4 	.word	0x200003b4
    491c:	200003b0 	.word	0x200003b0
    4920:	200003c0 	.word	0x200003c0
    4924:	40008000 	.word	0x40008000
    4928:	4000814c 	.word	0x4000814c
		trigger_tick = MAIN_TIMER_CC_REG + GPI_TICK_US_TO_FAST(ISR_LATENCY_BUFFER);
    492c:	4b4b      	ldr	r3, [pc, #300]	; (4a5c <grid_timer_isr_+0x830>)
    492e:	f8d3 354c 	ldr.w	r3, [r3, #1356]	; 0x54c
			NRF_RADIO->TASKS_RXEN = 1;
    4932:	2201      	movs	r2, #1
    4934:	4b4a      	ldr	r3, [pc, #296]	; (4a60 <grid_timer_isr_+0x834>)
    4936:	605a      	str	r2, [r3, #4]
    4938:	f503 43e0 	add.w	r3, r3, #28672	; 0x7000
    493c:	641a      	str	r2, [r3, #64]	; 0x40
	return _gpi_clocks_fast_timer->CC[GPI_FAST_CLOCK_NRF_CAPTURE_REG];
    493e:	f8d3 1540 	ldr.w	r1, [r3, #1344]	; 0x540
			s.radio_start_timestamp = trigger_tick | 1;
    4942:	4848      	ldr	r0, [pc, #288]	; (4a64 <grid_timer_isr_+0x838>)
    4944:	f041 0101 	orr.w	r1, r1, #1
    4948:	6541      	str	r1, [r0, #84]	; 0x54
		NRF_PPI->CH[NRF_PPI_CHANNEL].EEP =
    494a:	4d47      	ldr	r5, [pc, #284]	; (4a68 <grid_timer_isr_+0x83c>)
    494c:	4b47      	ldr	r3, [pc, #284]	; (4a6c <grid_timer_isr_+0x840>)
    494e:	f8c5 35a8 	str.w	r3, [r5, #1448]	; 0x5a8
		NRF_PPI->CH[NRF_PPI_CHANNEL].TEP =
    4952:	f503 43de 	add.w	r3, r3, #28416	; 0x6f00
    4956:	3344      	adds	r3, #68	; 0x44
    4958:	f8c5 35ac 	str.w	r3, [r5, #1452]	; 0x5ac
		NRF_PPI->CHENSET = BV(NRF_PPI_CHANNEL);
    495c:	f44f 2300 	mov.w	r3, #524288	; 0x80000
    4960:	f8c5 3504 	str.w	r3, [r5, #1284]	; 0x504
		packet = &mx.rx_queue[mx.rx_queue_num_written % NUM_ELEMENTS(mx.rx_queue)];
    4964:	4b42      	ldr	r3, [pc, #264]	; (4a70 <grid_timer_isr_+0x844>)
    4966:	f8d3 20d4 	ldr.w	r2, [r3, #212]	; 0xd4
    496a:	f002 0203 	and.w	r2, r2, #3
		NRF_RADIO->PACKETPTR = (uintptr_t)&(packet->ble_header);
    496e:	2134      	movs	r1, #52	; 0x34
    4970:	fb01 f102 	mul.w	r1, r1, r2
    4974:	1c8c      	adds	r4, r1, #2
    4976:	441c      	add	r4, r3
    4978:	4a39      	ldr	r2, [pc, #228]	; (4a60 <grid_timer_isr_+0x834>)
    497a:	f8c2 4504 	str.w	r4, [r2, #1284]	; 0x504
		mx.rx_queue_num_writing = mx.rx_queue_num_written + 1;
    497e:	f8d3 40d4 	ldr.w	r4, [r3, #212]	; 0xd4
    4982:	3401      	adds	r4, #1
    4984:	f8c3 40d0 	str.w	r4, [r3, #208]	; 0xd0
		NRF_PPI->CHENSET = BV(NRF_PPI_CHANNEL_2);
    4988:	f44f 2480 	mov.w	r4, #262144	; 0x40000
    498c:	f8c5 4504 	str.w	r4, [r5, #1284]	; 0x504
		packet->len = 0;
    4990:	440b      	add	r3, r1
    4992:	2100      	movs	r1, #0
    4994:	70d9      	strb	r1, [r3, #3]
		NRF_RADIO->EVENTS_ADDRESS = 0;
    4996:	f8c2 1104 	str.w	r1, [r2, #260]	; 0x104
		NRF_RADIO->EVENTS_END = 0;
    499a:	f8c2 110c 	str.w	r1, [r2, #268]	; 0x10c
		NRF_RADIO->EVENTS_BCMATCH = 0;
    499e:	f8c2 1128 	str.w	r1, [r2, #296]	; 0x128
		NRF_RADIO->INTENSET =
    49a2:	f240 430a 	movw	r3, #1034	; 0x40a
    49a6:	f8c2 3304 	str.w	r3, [r2, #772]	; 0x304
		s.event_tick_nominal = s.next_grid_tick + GRID_TO_EVENT_OFFSET;
    49aa:	6843      	ldr	r3, [r0, #4]
    49ac:	f503 72c0 	add.w	r2, r3, #384	; 0x180
    49b0:	6002      	str	r2, [r0, #0]
	_gpi_clocks_fast_timer->TASKS_CAPTURE[GPI_FAST_CLOCK_NRF_CAPTURE_REG] = 1;
    49b2:	4a2a      	ldr	r2, [pc, #168]	; (4a5c <grid_timer_isr_+0x830>)
    49b4:	2101      	movs	r1, #1
    49b6:	6411      	str	r1, [r2, #64]	; 0x40
	return _gpi_clocks_fast_timer->CC[GPI_FAST_CLOCK_NRF_CAPTURE_REG];
    49b8:	f8d2 2540 	ldr.w	r2, [r2, #1344]	; 0x540
		if (s.slot_state == RESYNC)
    49bc:	f890 1050 	ldrb.w	r1, [r0, #80]	; 0x50
    49c0:	2900      	cmp	r1, #0
    49c2:	f43f ac9a 	beq.w	42fa <grid_timer_isr_+0xce>
			t = s.next_grid_tick + s.rx_trigger_offset - RX_TO_GRID_OFFSET + GRID_TO_EVENT_OFFSET;
    49c6:	4927      	ldr	r1, [pc, #156]	; (4a64 <grid_timer_isr_+0x838>)
    49c8:	694a      	ldr	r2, [r1, #20]
    49ca:	4413      	add	r3, r2
    49cc:	f5a3 7380 	sub.w	r3, r3, #256	; 0x100
			MAIN_TIMER_CC_REG = r.fast_capture + (t - r.hybrid_tick) * FAST_HYBRID_RATIO;
    49d0:	4a22      	ldr	r2, [pc, #136]	; (4a5c <grid_timer_isr_+0x830>)
    49d2:	f8c2 354c 	str.w	r3, [r2, #1356]	; 0x54c
		MAIN_TIMER->EVENTS_COMPARE[MAIN_TIMER_CC_INDEX] = 0;
    49d6:	2300      	movs	r3, #0
    49d8:	f8c2 314c 	str.w	r3, [r2, #332]	; 0x14c
    49dc:	4b25      	ldr	r3, [pc, #148]	; (4a74 <grid_timer_isr_+0x848>)
    49de:	f44f 7080 	mov.w	r0, #256	; 0x100
    49e2:	f8c3 0180 	str.w	r0, [r3, #384]	; 0x180
	MAIN_TIMER->INTENSET = 0x10000 << MAIN_TIMER_CC_INDEX;
    49e6:	f44f 2300 	mov.w	r3, #524288	; 0x80000
    49ea:	f8c2 3304 	str.w	r3, [r2, #772]	; 0x304
			s.slot_state = RX_RUNNING;
    49ee:	2310      	movs	r3, #16
    49f0:	f881 3050 	strb.w	r3, [r1, #80]	; 0x50
		mx.slot_number++;
    49f4:	4b1e      	ldr	r3, [pc, #120]	; (4a70 <grid_timer_isr_+0x844>)
    49f6:	f8b3 2118 	ldrh.w	r2, [r3, #280]	; 0x118
    49fa:	3201      	adds	r2, #1
    49fc:	b292      	uxth	r2, r2
    49fe:	f8a3 2118 	strh.w	r2, [r3, #280]	; 0x118
    4a02:	f3bf 8f5f 	dmb	sy
    4a06:	2202      	movs	r2, #2
    4a08:	f503 738e 	add.w	r3, r3, #284	; 0x11c
    4a0c:	e853 1f00 	ldrex	r1, [r3]
    4a10:	ea41 0102 	orr.w	r1, r1, r2
    4a14:	e843 1200 	strex	r2, r1, [r3]
    4a18:	2a00      	cmp	r2, #0
    4a1a:	d1f7      	bne.n	4a0c <grid_timer_isr_+0x7e0>
    4a1c:	f3bf 8f5f 	dmb	sy
		s.next_grid_tick += MX_SLOT_LENGTH + s.grid_drift / (GRID_DRIFT_FILTER_DIV * GRID_TICK_UPDATE_DIV);
    4a20:	4b10      	ldr	r3, [pc, #64]	; (4a64 <grid_timer_isr_+0x838>)
    4a22:	68d9      	ldr	r1, [r3, #12]
    4a24:	2900      	cmp	r1, #0
    4a26:	bfb8      	it	lt
    4a28:	3107      	addlt	r1, #7
    4a2a:	4a0e      	ldr	r2, [pc, #56]	; (4a64 <grid_timer_isr_+0x838>)
    4a2c:	6853      	ldr	r3, [r2, #4]
    4a2e:	f503 53c8 	add.w	r3, r3, #6400	; 0x1900
    4a32:	eb03 03e1 	add.w	r3, r3, r1, asr #3
    4a36:	6053      	str	r3, [r2, #4]
			((s.next_slot_task == TX) ? s.tx_trigger_offset : s.rx_trigger_offset);
    4a38:	f892 2051 	ldrb.w	r2, [r2, #81]	; 0x51
    4a3c:	2a01      	cmp	r2, #1
    4a3e:	4a09      	ldr	r2, [pc, #36]	; (4a64 <grid_timer_isr_+0x838>)
    4a40:	bf0c      	ite	eq
    4a42:	6991      	ldreq	r1, [r2, #24]
    4a44:	6951      	ldrne	r1, [r2, #20]
		s.next_trigger_tick = s.next_grid_tick -
    4a46:	4a07      	ldr	r2, [pc, #28]	; (4a64 <grid_timer_isr_+0x838>)
    4a48:	1a5b      	subs	r3, r3, r1
    4a4a:	6093      	str	r3, [r2, #8]
		if (TX_RUNNING == s.slot_state)
    4a4c:	f892 3050 	ldrb.w	r3, [r2, #80]	; 0x50
    4a50:	2b0c      	cmp	r3, #12
    4a52:	f47f ac5e 	bne.w	4312 <grid_timer_isr_+0xe6>
			start_grid_timer();
    4a56:	f7ff f8d3 	bl	3c00 <start_grid_timer>
    4a5a:	e45a      	b.n	4312 <grid_timer_isr_+0xe6>
    4a5c:	40008000 	.word	0x40008000
    4a60:	40001000 	.word	0x40001000
    4a64:	20000440 	.word	0x20000440
    4a68:	4001f000 	.word	0x4001f000
    4a6c:	40001104 	.word	0x40001104
    4a70:	2000017c 	.word	0x2000017c
    4a74:	e000e100 	.word	0xe000e100

00004a78 <grid_timer_isr>:
void LED_ISR(grid_timer_isr, LED_GRID_TIMER_ISR)
    4a78:	b508      	push	{r3, lr}
    4a7a:	4b08      	ldr	r3, [pc, #32]	; (4a9c <grid_timer_isr+0x24>)
    4a7c:	681b      	ldr	r3, [r3, #0]
    4a7e:	b153      	cbz	r3, 4a96 <grid_timer_isr+0x1e>
	_gpi_clocks_fast_timer->TASKS_CAPTURE[GPI_FAST_CLOCK_NRF_CAPTURE_REG] = 1;
    4a80:	4b07      	ldr	r3, [pc, #28]	; (4aa0 <grid_timer_isr+0x28>)
    4a82:	2201      	movs	r2, #1
    4a84:	641a      	str	r2, [r3, #64]	; 0x40
	return _gpi_clocks_fast_timer->CC[GPI_FAST_CLOCK_NRF_CAPTURE_REG];
    4a86:	f8d3 2540 	ldr.w	r2, [r3, #1344]	; 0x540
    4a8a:	4b06      	ldr	r3, [pc, #24]	; (4aa4 <grid_timer_isr+0x2c>)
    4a8c:	f8c3 229c 	str.w	r2, [r3, #668]	; 0x29c
    4a90:	4b02      	ldr	r3, [pc, #8]	; (4a9c <grid_timer_isr+0x24>)
    4a92:	2200      	movs	r2, #0
    4a94:	601a      	str	r2, [r3, #0]
    4a96:	f7ff fbc9 	bl	422c <grid_timer_isr_>
    4a9a:	bd08      	pop	{r3, pc}
    4a9c:	20000178 	.word	0x20000178
    4aa0:	40008000 	.word	0x40008000
    4aa4:	2000017c 	.word	0x2000017c

00004aa8 <mixer_transport_init>:

//**************************************************************************************************
//***** Global Functions ***************************************************************************

void mixer_transport_init()
{
    4aa8:	b510      	push	{r4, lr}
	GPI_TRACE_FUNCTION();

	assert(MX_PHY_MODE == gpi_radio_get_mode());
    4aaa:	f7fc fce5 	bl	1478 <gpi_radio_get_mode>
    4aae:	2803      	cmp	r0, #3
    4ab0:	d136      	bne.n	4b20 <mixer_transport_init+0x78>

	// connect shortcuts
	// NOTE: alternatively, Tx START could be triggered from timer via PPI
	// -> replace READY_START by RXREADY_START in this case
	NRF_RADIO->SHORTS =
    4ab2:	4a1f      	ldr	r2, [pc, #124]	; (4b30 <mixer_transport_init+0x88>)
    4ab4:	2343      	movs	r3, #67	; 0x43
    4ab6:	f8c2 3200 	str.w	r3, [r2, #512]	; 0x200
		BV_BY_NAME(RADIO_SHORTS_END_DISABLE, Enabled) |
		BV_BY_NAME(RADIO_SHORTS_ADDRESS_BCSTART, Enabled);

	// set MAXLEN to avoid Rx buffer overflows
	NRF_RADIO->PCNF1 =
		(NRF_RADIO->PCNF1 & ~RADIO_PCNF1_MAXLEN_Msk) |
    4aba:	f8d2 3518 	ldr.w	r3, [r2, #1304]	; 0x518
    4abe:	f023 03ff 	bic.w	r3, r3, #255	; 0xff
    4ac2:	f043 032c 	orr.w	r3, r3, #44	; 0x2c
	NRF_RADIO->PCNF1 =
    4ac6:	f8c2 3518 	str.w	r3, [r2, #1304]	; 0x518
	// init Bitcounter to monitor frame length and
	// connect RADIO->EVENTS_BCMATCH to RADIO->TASKS_DISABLE (via PPI)
	// NOTE: We use the Bitcounter in addition to MAXLEN because MAXLEN stops just the DMA transfer,
	// not the whole radio (4413_417 v1.0 page 304). We want to stop the whole radio to safe energy.
	// NOTE: init Bitcounter such that it triggers when LEN > (not >=) nominal length
	NRF_RADIO->BCC = (2 + PHY_PAYLOAD_SIZE + 3) * 8 + 1;
    4aca:	f240 1389 	movw	r3, #393	; 0x189
    4ace:	f8c2 3560 	str.w	r3, [r2, #1376]	; 0x560
#if ((MX_PHY_MODE == MX_BLE_MODE_125k) || (MX_PHY_MODE == MX_BLE_MODE_500k))
	NRF_RADIO->BCC += 5;	// CI + TERM1
#endif
	NRF_PPI->CH[NRF_PPI_CHANNEL_2].EEP = (uintptr_t)&(NRF_RADIO->EVENTS_BCMATCH);
    4ad2:	4b18      	ldr	r3, [pc, #96]	; (4b34 <mixer_transport_init+0x8c>)
    4ad4:	4918      	ldr	r1, [pc, #96]	; (4b38 <mixer_transport_init+0x90>)
    4ad6:	f8c3 15a0 	str.w	r1, [r3, #1440]	; 0x5a0
	NRF_PPI->CH[NRF_PPI_CHANNEL_2].TEP = (uintptr_t)&(NRF_RADIO->TASKS_DISABLE);
    4ada:	f5a1 718c 	sub.w	r1, r1, #280	; 0x118
    4ade:	f8c3 15a4 	str.w	r1, [r3, #1444]	; 0x5a4

	// arm main timer IRQ
	// TODO: main timer could have an ISR outside Mixer -> connect to that's dispatcher if present
	MAIN_TIMER->INTENCLR = -1u;
    4ae2:	f04f 30ff 	mov.w	r0, #4294967295	; 0xffffffff
    4ae6:	f5a3 33b8 	sub.w	r3, r3, #94208	; 0x17000
    4aea:	f8c3 0308 	str.w	r0, [r3, #776]	; 0x308
    NVIC->IP[((uint32_t)(int32_t)IRQn)]               = (uint8_t)((priority << (8U - __NVIC_PRIO_BITS)) & (uint32_t)0xFFUL);
    4aee:	4b13      	ldr	r3, [pc, #76]	; (4b3c <mixer_transport_init+0x94>)
    4af0:	2100      	movs	r1, #0
    4af2:	f883 1308 	strb.w	r1, [r3, #776]	; 0x308
  NVIC->ICPR[(((uint32_t)(int32_t)IRQn) >> 5UL)] = (uint32_t)(1UL << (((uint32_t)(int32_t)IRQn) & 0x1FUL));
    4af6:	f44f 7480 	mov.w	r4, #256	; 0x100
    4afa:	f8c3 4180 	str.w	r4, [r3, #384]	; 0x180
  NVIC->ISER[(((uint32_t)(int32_t)IRQn) >> 5UL)] = (uint32_t)(1UL << (((uint32_t)(int32_t)IRQn) & 0x1FUL));
    4afe:	601c      	str	r4, [r3, #0]
	NVIC_SetPriority(MAIN_TIMER_IRQ, 0);
	NVIC_ClearPendingIRQ(MAIN_TIMER_IRQ);
	NVIC_EnableIRQ(MAIN_TIMER_IRQ);

	// arm radio IRQ
	NRF_RADIO->INTENCLR = -1u;
    4b00:	f8c2 0308 	str.w	r0, [r2, #776]	; 0x308
    NVIC->IP[((uint32_t)(int32_t)IRQn)]               = (uint8_t)((priority << (8U - __NVIC_PRIO_BITS)) & (uint32_t)0xFFUL);
    4b04:	f883 1301 	strb.w	r1, [r3, #769]	; 0x301
  NVIC->ICPR[(((uint32_t)(int32_t)IRQn) >> 5UL)] = (uint32_t)(1UL << (((uint32_t)(int32_t)IRQn) & 0x1FUL));
    4b08:	2202      	movs	r2, #2
    4b0a:	f8c3 2180 	str.w	r2, [r3, #384]	; 0x180
  NVIC->ISER[(((uint32_t)(int32_t)IRQn) >> 5UL)] = (uint32_t)(1UL << (((uint32_t)(int32_t)IRQn) & 0x1FUL));
    4b0e:	601a      	str	r2, [r3, #0]
	NVIC_EnableIRQ(RADIO_IRQn);

	// TODO: move the following two settings to main function or platform

	// disable deep sleep (not implementated on nRF52840) and sleep-on-exit behavior
	SCB->SCR = 0;
    4b10:	f503 6340 	add.w	r3, r3, #3072	; 0xc00
    4b14:	6119      	str	r1, [r3, #16]

	// set nRF52840 low power submode = low power
	// NOTE: can be changed to constant latency mode if there seem to be problems
	NRF_POWER->TASKS_LOWPWR = 1;
    4b16:	f04f 4380 	mov.w	r3, #1073741824	; 0x40000000
    4b1a:	2201      	movs	r2, #1
    4b1c:	67da      	str	r2, [r3, #124]	; 0x7c

	GPI_TRACE_RETURN();
}
    4b1e:	bd10      	pop	{r4, pc}
	assert(MX_PHY_MODE == gpi_radio_get_mode());
    4b20:	f240 62b6 	movw	r2, #1718	; 0x6b6
    4b24:	4906      	ldr	r1, [pc, #24]	; (4b40 <mixer_transport_init+0x98>)
    4b26:	4807      	ldr	r0, [pc, #28]	; (4b44 <mixer_transport_init+0x9c>)
    4b28:	f000 f94c 	bl	4dc4 <__assert>
    4b2c:	e7c1      	b.n	4ab2 <mixer_transport_init+0xa>
    4b2e:	bf00      	nop
    4b30:	40001000 	.word	0x40001000
    4b34:	4001f000 	.word	0x4001f000
    4b38:	40001128 	.word	0x40001128
    4b3c:	e000e100 	.word	0xe000e100
    4b40:	000064f4 	.word	0x000064f4
    4b44:	00006564 	.word	0x00006564

00004b48 <mixer_transport_print_config>:

//**************************************************************************************************

void mixer_transport_print_config(void)
{
    4b48:	b510      	push	{r4, lr}
	#define PRINT(s) printf("%-25s = %" PRId32 "\n", #s, (int32_t)s)

	PRINT(MAX_PROPAGATION_DELAY);
    4b4a:	4c2f      	ldr	r4, [pc, #188]	; (4c08 <mixer_transport_print_config+0xc0>)
    4b4c:	2210      	movs	r2, #16
    4b4e:	492f      	ldr	r1, [pc, #188]	; (4c0c <mixer_transport_print_config+0xc4>)
    4b50:	4620      	mov	r0, r4
    4b52:	f000 fa6f 	bl	5034 <printf>
	PRINT(RX_WINDOW_INCREMENT);
    4b56:	220a      	movs	r2, #10
    4b58:	492d      	ldr	r1, [pc, #180]	; (4c10 <mixer_transport_print_config+0xc8>)
    4b5a:	4620      	mov	r0, r4
    4b5c:	f000 fa6a 	bl	5034 <printf>
	PRINT(RX_WINDOW_MIN);
    4b60:	f44f 72e5 	mov.w	r2, #458	; 0x1ca
    4b64:	492b      	ldr	r1, [pc, #172]	; (4c14 <mixer_transport_print_config+0xcc>)
    4b66:	4620      	mov	r0, r4
    4b68:	f000 fa64 	bl	5034 <printf>
	PRINT(RX_WINDOW_MAX);
    4b6c:	f240 2292 	movw	r2, #658	; 0x292
    4b70:	4929      	ldr	r1, [pc, #164]	; (4c18 <mixer_transport_print_config+0xd0>)
    4b72:	4620      	mov	r0, r4
    4b74:	f000 fa5e 	bl	5034 <printf>
	PRINT(GRID_DRIFT_FILTER_DIV);
    4b78:	2204      	movs	r2, #4
    4b7a:	4928      	ldr	r1, [pc, #160]	; (4c1c <mixer_transport_print_config+0xd4>)
    4b7c:	4620      	mov	r0, r4
    4b7e:	f000 fa59 	bl	5034 <printf>
	PRINT(GRID_TICK_UPDATE_DIV);
    4b82:	2202      	movs	r2, #2
    4b84:	4926      	ldr	r1, [pc, #152]	; (4c20 <mixer_transport_print_config+0xd8>)
    4b86:	4620      	mov	r0, r4
    4b88:	f000 fa54 	bl	5034 <printf>
	PRINT(GRID_DRIFT_MAX);
    4b8c:	f44f 722a 	mov.w	r2, #680	; 0x2a8
    4b90:	4924      	ldr	r1, [pc, #144]	; (4c24 <mixer_transport_print_config+0xdc>)
    4b92:	4620      	mov	r0, r4
    4b94:	f000 fa4e 	bl	5034 <printf>
	PRINT(TX_OFFSET_FILTER_DIV);
    4b98:	2208      	movs	r2, #8
    4b9a:	4923      	ldr	r1, [pc, #140]	; (4c28 <mixer_transport_print_config+0xe0>)
    4b9c:	4620      	mov	r0, r4
    4b9e:	f000 fa49 	bl	5034 <printf>
	PRINT(TX_OFFSET_MAX);
    4ba2:	2230      	movs	r2, #48	; 0x30
    4ba4:	4921      	ldr	r1, [pc, #132]	; (4c2c <mixer_transport_print_config+0xe4>)
    4ba6:	4620      	mov	r0, r4
    4ba8:	f000 fa44 	bl	5034 <printf>
	PRINT(DRIFT_TOLERANCE);
    4bac:	2207      	movs	r2, #7
    4bae:	4920      	ldr	r1, [pc, #128]	; (4c30 <mixer_transport_print_config+0xe8>)
    4bb0:	4620      	mov	r0, r4
    4bb2:	f000 fa3f 	bl	5034 <printf>
	PRINT(RX_DMA_TIMEOUT);
    4bb6:	f44f 625c 	mov.w	r2, #3520	; 0xdc0
    4bba:	491e      	ldr	r1, [pc, #120]	; (4c34 <mixer_transport_print_config+0xec>)
    4bbc:	4620      	mov	r0, r4
    4bbe:	f000 fa39 	bl	5034 <printf>
	PRINT(GRID_TO_EVENT_OFFSET);
    4bc2:	f44f 72c0 	mov.w	r2, #384	; 0x180
    4bc6:	491c      	ldr	r1, [pc, #112]	; (4c38 <mixer_transport_print_config+0xf0>)
    4bc8:	4620      	mov	r0, r4
    4bca:	f000 fa33 	bl	5034 <printf>
	PRINT(JITTER_TOLERANCE);
    4bce:	2240      	movs	r2, #64	; 0x40
    4bd0:	491a      	ldr	r1, [pc, #104]	; (4c3c <mixer_transport_print_config+0xf4>)
    4bd2:	4620      	mov	r0, r4
    4bd4:	f000 fa2e 	bl	5034 <printf>
	PRINT(PACKET_AIR_TIME);
    4bd8:	f44f 625c 	mov.w	r2, #3520	; 0xdc0
    4bdc:	4918      	ldr	r1, [pc, #96]	; (4c40 <mixer_transport_print_config+0xf8>)
    4bde:	4620      	mov	r0, r4
    4be0:	f000 fa28 	bl	5034 <printf>

	printf("%-25s = %" PRIu32 "\n", "RX_WINDOW / INCREMENT", (uint32_t)((RX_WINDOW_MAX - RX_WINDOW_MIN) / RX_WINDOW_INCREMENT));
    4be4:	4c17      	ldr	r4, [pc, #92]	; (4c44 <mixer_transport_print_config+0xfc>)
    4be6:	2214      	movs	r2, #20
    4be8:	4917      	ldr	r1, [pc, #92]	; (4c48 <mixer_transport_print_config+0x100>)
    4bea:	4620      	mov	r0, r4
    4bec:	f000 fa22 	bl	5034 <printf>
	printf("%-25s = %" PRIu32 "\n", "air bytes (excl. pre + adr)", (uint32_t)(offsetof(Packet, phy_payload_end) + 1)); // +1 because offsets begin at 0
    4bf0:	2231      	movs	r2, #49	; 0x31
    4bf2:	4916      	ldr	r1, [pc, #88]	; (4c4c <mixer_transport_print_config+0x104>)
    4bf4:	4620      	mov	r0, r4
    4bf6:	f000 fa1d 	bl	5034 <printf>
	printf("%-25s = %" PRIu32 "\n", "min. slot length",
    4bfa:	f641 0235 	movw	r2, #6197	; 0x1835
    4bfe:	4914      	ldr	r1, [pc, #80]	; (4c50 <mixer_transport_print_config+0x108>)
    4c00:	4620      	mov	r0, r4
    4c02:	f000 fa17 	bl	5034 <printf>
		#else
			) * 1.0003));
		#endif

	#undef PRINT
}
    4c06:	bd10      	pop	{r4, pc}
    4c08:	00005ff0 	.word	0x00005ff0
    4c0c:	00006588 	.word	0x00006588
    4c10:	000065a0 	.word	0x000065a0
    4c14:	000065b4 	.word	0x000065b4
    4c18:	000065c4 	.word	0x000065c4
    4c1c:	000065d4 	.word	0x000065d4
    4c20:	000065ec 	.word	0x000065ec
    4c24:	00006604 	.word	0x00006604
    4c28:	00006614 	.word	0x00006614
    4c2c:	0000662c 	.word	0x0000662c
    4c30:	0000663c 	.word	0x0000663c
    4c34:	0000664c 	.word	0x0000664c
    4c38:	0000665c 	.word	0x0000665c
    4c3c:	00006674 	.word	0x00006674
    4c40:	00006688 	.word	0x00006688
    4c44:	000066b0 	.word	0x000066b0
    4c48:	00006698 	.word	0x00006698
    4c4c:	000066bc 	.word	0x000066bc
    4c50:	000066d8 	.word	0x000066d8

00004c54 <mixer_transport_arm_initiator>:

void mixer_transport_arm_initiator()
{
	GPI_TRACE_FUNCTION();

	s.grid_drift			= 0;
    4c54:	4b05      	ldr	r3, [pc, #20]	; (4c6c <mixer_transport_arm_initiator+0x18>)
    4c56:	2200      	movs	r2, #0
    4c58:	60da      	str	r2, [r3, #12]
	s.grid_drift_cumulative = 0;
    4c5a:	611a      	str	r2, [r3, #16]
	s.tx_trigger_offset 	= TX_TO_GRID_OFFSET;
    4c5c:	f44f 7224 	mov.w	r2, #656	; 0x290
    4c60:	619a      	str	r2, [r3, #24]
	s.rx_trigger_offset		= RX_TO_GRID_OFFSET + (RX_WINDOW_MIN + RX_WINDOW_MAX) / 2;
    4c62:	f240 42ae 	movw	r2, #1198	; 0x4ae
    4c66:	615a      	str	r2, [r3, #20]

	GPI_TRACE_RETURN();
}
    4c68:	4770      	bx	lr
    4c6a:	bf00      	nop
    4c6c:	20000440 	.word	0x20000440

00004c70 <mixer_transport_start>:
{
	GPI_TRACE_FUNCTION_FAST();

	GPI_TRACE_MSG_FAST(TRACE_VERBOSE, "start grid timer");

	if (mx.tx_sideload)		// if initiator
    4c70:	4b2b      	ldr	r3, [pc, #172]	; (4d20 <mixer_transport_start+0xb0>)
    4c72:	f8d3 3110 	ldr.w	r3, [r3, #272]	; 0x110
    4c76:	b34b      	cbz	r3, 4ccc <mixer_transport_start+0x5c>
		s.slot_state = IDLE;
    4c78:	492a      	ldr	r1, [pc, #168]	; (4d24 <mixer_transport_start+0xb4>)
    4c7a:	230c      	movs	r3, #12
    4c7c:	f881 3050 	strb.w	r3, [r1, #80]	; 0x50
		s.next_slot_task = TX;
    4c80:	2201      	movs	r2, #1
    4c82:	f881 2051 	strb.w	r2, [r1, #81]	; 0x51
	__asm__ volatile
    4c86:	f3ef 8010 	mrs	r0, PRIMASK
    4c8a:	b672      	cpsid	i
    4c8c:	f3bf 8f5f 	dmb	sy
	__asm__ volatile
    4c90:	4b25      	ldr	r3, [pc, #148]	; (4d28 <mixer_transport_start+0xb8>)
    4c92:	64da      	str	r2, [r3, #76]	; 0x4c
    4c94:	f8d3 254c 	ldr.w	r2, [r3, #1356]	; 0x54c
    4c98:	f102 020a 	add.w	r2, r2, #10
    4c9c:	f8c3 254c 	str.w	r2, [r3, #1356]	; 0x54c
    4ca0:	f3bf 8f5f 	dmb	sy
  __ASM volatile ("MSR primask, %0" : : "r" (priMask) : "memory");
    4ca4:	f380 8810 	msr	PRIMASK, r0
			gpi_tick_fast_to_hybrid(MAIN_TIMER_CC_REG) +
    4ca8:	f8d3 254c 	ldr.w	r2, [r3, #1356]	; 0x54c
			GPI_TICK_US_TO_HYBRID(ISR_LATENCY_BUFFER) +
    4cac:	f502 62a2 	add.w	r2, r2, #1296	; 0x510
		s.next_grid_tick =
    4cb0:	604a      	str	r2, [r1, #4]
		MAIN_TIMER_CC_REG += GPI_TICK_US_TO_FAST(20);
    4cb2:	f8d3 254c 	ldr.w	r2, [r3, #1356]	; 0x54c
    4cb6:	f502 72a0 	add.w	r2, r2, #320	; 0x140
    4cba:	f8c3 254c 	str.w	r2, [r3, #1356]	; 0x54c
  __ASM volatile ("dmb 0xF":::"memory");
    4cbe:	f3bf 8f5f 	dmb	sy
	MAIN_TIMER->INTENSET = 0x10000 << MAIN_TIMER_CC_INDEX;
    4cc2:	f44f 2200 	mov.w	r2, #524288	; 0x80000
    4cc6:	f8c3 2304 	str.w	r2, [r3, #772]	; 0x304
}
    4cca:	4770      	bx	lr
		s.slot_state = RESYNC;
    4ccc:	4a15      	ldr	r2, [pc, #84]	; (4d24 <mixer_transport_start+0xb4>)
    4cce:	2300      	movs	r3, #0
    4cd0:	f882 3050 	strb.w	r3, [r2, #80]	; 0x50
		s.next_slot_task = RX;
    4cd4:	f882 3051 	strb.w	r3, [r2, #81]	; 0x51
    4cd8:	f3ef 8010 	mrs	r0, PRIMASK
    4cdc:	b672      	cpsid	i
    4cde:	f3bf 8f5f 	dmb	sy
	__asm__ volatile
    4ce2:	4b11      	ldr	r3, [pc, #68]	; (4d28 <mixer_transport_start+0xb8>)
    4ce4:	2101      	movs	r1, #1
    4ce6:	64d9      	str	r1, [r3, #76]	; 0x4c
    4ce8:	f8d3 154c 	ldr.w	r1, [r3, #1356]	; 0x54c
    4cec:	f101 010a 	add.w	r1, r1, #10
    4cf0:	f8c3 154c 	str.w	r1, [r3, #1356]	; 0x54c
    4cf4:	f3bf 8f5f 	dmb	sy
  __ASM volatile ("MSR primask, %0" : : "r" (priMask) : "memory");
    4cf8:	f380 8810 	msr	PRIMASK, r0
			gpi_tick_fast_to_hybrid(MAIN_TIMER_CC_REG) +
    4cfc:	f8d3 154c 	ldr.w	r1, [r3, #1356]	; 0x54c
			GPI_TICK_US_TO_HYBRID(ISR_LATENCY_BUFFER) +
    4d00:	f501 61a2 	add.w	r1, r1, #1296	; 0x510
		s.next_grid_tick =
    4d04:	6051      	str	r1, [r2, #4]
		MAIN_TIMER_CC_REG += GPI_TICK_US_TO_FAST(20);
    4d06:	f8d3 254c 	ldr.w	r2, [r3, #1356]	; 0x54c
    4d0a:	f502 72a0 	add.w	r2, r2, #320	; 0x140
    4d0e:	f8c3 254c 	str.w	r2, [r3, #1356]	; 0x54c
  __ASM volatile ("dmb 0xF":::"memory");
    4d12:	f3bf 8f5f 	dmb	sy
	MAIN_TIMER->INTENSET = 0x10000 << MAIN_TIMER_CC_INDEX;
    4d16:	f44f 2200 	mov.w	r2, #524288	; 0x80000
    4d1a:	f8c3 2304 	str.w	r2, [r3, #772]	; 0x304
		enter_resync(2);
	else enter_resync(1);

	GPI_TRACE_RETURN_FAST();
}
    4d1e:	4770      	bx	lr
    4d20:	2000017c 	.word	0x2000017c
    4d24:	20000440 	.word	0x20000440
    4d28:	40008000 	.word	0x40008000

00004d2c <mixer_transport_set_next_slot_task>:

	// if next_task == RX: done
	// NOTE: it is the automatic standard selection at the beginning of each slot (with the
	// exception of RESYNC), so we can save the effort. Besides that, DMA ISR is allowed to
	// select TX during start-up phase -> don't overwrite that.
	if (RX != next_task)
    4d2c:	2800      	cmp	r0, #0
    4d2e:	d038      	beq.n	4da2 <mixer_transport_set_next_slot_task+0x76>
{
    4d30:	b510      	push	{r4, lr}
    4d32:	4602      	mov	r2, r0
	_gpi_clocks_fast_timer->TASKS_CAPTURE[GPI_FAST_CLOCK_NRF_CAPTURE_REG] = 1;
    4d34:	4b1c      	ldr	r3, [pc, #112]	; (4da8 <mixer_transport_set_next_slot_task+0x7c>)
    4d36:	2101      	movs	r1, #1
    4d38:	6419      	str	r1, [r3, #64]	; 0x40
	return _gpi_clocks_fast_timer->CC[GPI_FAST_CLOCK_NRF_CAPTURE_REG];
    4d3a:	f8d3 1540 	ldr.w	r1, [r3, #1344]	; 0x540
		// - the ISR_LATENCY_BUFFER
		// - the execution time needed for the code block within the gpi_int_lock range below
		// Additionally, hybrid_tick returned by gpi_tick_hybrid_reference() may lie up to one
		// slow tick -- i.e. 1000000 / GPI_SLOW_CLOCK_RATE microseconds -- in the past.
		r = gpi_tick_hybrid_reference();
		r.hybrid_tick = s.next_trigger_tick - r.hybrid_tick;
    4d3e:	4b1b      	ldr	r3, [pc, #108]	; (4dac <mixer_transport_set_next_slot_task+0x80>)
    4d40:	689b      	ldr	r3, [r3, #8]
    4d42:	f2a3 6352 	subw	r3, r3, #1618	; 0x652
		r.hybrid_tick -=
    4d46:	1a58      	subs	r0, r3, r1
			+ GPI_TICK_US_TO_HYBRID(1000000 / GPI_SLOW_CLOCK_RATE + 30);
		#else
			;
		#endif
		r.hybrid_tick *= FAST_HYBRID_RATIO;
		if (r.hybrid_tick > GPI_TICK_FAST_MAX / 2)
    4d48:	2800      	cmp	r0, #0
			r.fast_capture += GPI_TICK_FAST_MAX / 2;
    4d4a:	bfbc      	itt	lt
    4d4c:	f101 4300 	addlt.w	r3, r1, #2147483648	; 0x80000000
    4d50:	f103 33ff 	addlt.w	r3, r3, #4294967295	; 0xffffffff
    4d54:	f3ef 8410 	mrs	r4, PRIMASK
    4d58:	b672      	cpsid	i
    4d5a:	f3bf 8f5f 	dmb	sy
		else r.fast_capture += r.hybrid_tick;

		int ie = gpi_int_lock();
		REORDER_BARRIER();

		if ((RESYNC != s.slot_state) || (STOP == next_task))
    4d5e:	4913      	ldr	r1, [pc, #76]	; (4dac <mixer_transport_set_next_slot_task+0x80>)
    4d60:	f891 1050 	ldrb.w	r1, [r1, #80]	; 0x50
    4d64:	b909      	cbnz	r1, 4d6a <mixer_transport_set_next_slot_task+0x3e>
    4d66:	2a02      	cmp	r2, #2
    4d68:	d107      	bne.n	4d7a <mixer_transport_set_next_slot_task+0x4e>
	_gpi_clocks_fast_timer->TASKS_CAPTURE[GPI_FAST_CLOCK_NRF_CAPTURE_REG] = 1;
    4d6a:	490f      	ldr	r1, [pc, #60]	; (4da8 <mixer_transport_set_next_slot_task+0x7c>)
    4d6c:	2001      	movs	r0, #1
    4d6e:	6408      	str	r0, [r1, #64]	; 0x40
	return _gpi_clocks_fast_timer->CC[GPI_FAST_CLOCK_NRF_CAPTURE_REG];
    4d70:	f8d1 1540 	ldr.w	r1, [r1, #1344]	; 0x540
    4d74:	1acb      	subs	r3, r1, r3
    4d76:	2b00      	cmp	r3, #0
    4d78:	db05      	blt.n	4d86 <mixer_transport_set_next_slot_task+0x5a>
    4d7a:	f3bf 8f5f 	dmb	sy
  __ASM volatile ("MSR primask, %0" : : "r" (priMask) : "memory");
    4d7e:	f384 8810 	msr	PRIMASK, r4
	else
	{
		GPI_TRACE_MSG(TRACE_INFO, "next slot task: %s", (next_task == TX) ? "TX" : ((next_task == RX) ? "RX" : "STOP"));
		GPI_TRACE_RETURN(1);
	}
}
    4d82:	2001      	movs	r0, #1
    4d84:	bd10      	pop	{r4, pc}
				s.next_slot_task = next_task;
    4d86:	4b09      	ldr	r3, [pc, #36]	; (4dac <mixer_transport_set_next_slot_task+0x80>)
    4d88:	f883 2051 	strb.w	r2, [r3, #81]	; 0x51
				s.next_trigger_tick = s.next_grid_tick - s.tx_trigger_offset;	// also ok for STOP
    4d8c:	685a      	ldr	r2, [r3, #4]
    4d8e:	6999      	ldr	r1, [r3, #24]
    4d90:	1a52      	subs	r2, r2, r1
    4d92:	609a      	str	r2, [r3, #8]
				if (RX_RUNNING != s.slot_state)
    4d94:	f893 3050 	ldrb.w	r3, [r3, #80]	; 0x50
    4d98:	2b10      	cmp	r3, #16
    4d9a:	d0ee      	beq.n	4d7a <mixer_transport_set_next_slot_task+0x4e>
					start_grid_timer();
    4d9c:	f7fe ff30 	bl	3c00 <start_grid_timer>
    4da0:	e7eb      	b.n	4d7a <mixer_transport_set_next_slot_task+0x4e>
}
    4da2:	2001      	movs	r0, #1
    4da4:	4770      	bx	lr
    4da6:	bf00      	nop
    4da8:	40008000 	.word	0x40008000
    4dac:	20000440 	.word	0x20000440

00004db0 <mixer_transport_get_next_slot_task>:
Slot_Activity mixer_transport_get_next_slot_task()
{
	// ATTENTION: function might be called with interrupts locked, so keep it fast

	return s.next_slot_task;
}
    4db0:	4b01      	ldr	r3, [pc, #4]	; (4db8 <mixer_transport_get_next_slot_task+0x8>)
    4db2:	f893 0051 	ldrb.w	r0, [r3, #81]	; 0x51
    4db6:	4770      	bx	lr
    4db8:	20000440 	.word	0x20000440

00004dbc <__aeabi_read_tp>:
  b \name
#endif
.endm

HELPER __aeabi_read_tp
  ldr r0, =__tbss_start__-8
    4dbc:	4800      	ldr	r0, [pc, #0]	; (4dc0 <__aeabi_read_tp+0x4>)
  bx lr
    4dbe:	4770      	bx	lr
  ldr r0, =__tbss_start__-8
    4dc0:	20000494 	.word	0x20000494

00004dc4 <__assert>:
HELPER abort
  b .
HELPER __assert
  b .
    4dc4:	e7fe      	b.n	4dc4 <__assert>
	...

00004dc8 <__RAL_ascii_isctype>:
    4dc8:	287f      	cmp	r0, #127	; 0x7f
    4dca:	d805      	bhi.n	4dd8 <__RAL_ascii_isctype+0x10>
    4dcc:	4b03      	ldr	r3, [pc, #12]	; (4ddc <__RAL_ascii_isctype+0x14>)
    4dce:	5c18      	ldrb	r0, [r3, r0]
    4dd0:	4b03      	ldr	r3, [pc, #12]	; (4de0 <__RAL_ascii_isctype+0x18>)
    4dd2:	5c5b      	ldrb	r3, [r3, r1]
    4dd4:	4018      	ands	r0, r3
    4dd6:	4770      	bx	lr
    4dd8:	2000      	movs	r0, #0
    4dda:	4770      	bx	lr
    4ddc:	0000671c 	.word	0x0000671c
    4de0:	0000679c 	.word	0x0000679c

00004de4 <__RAL_ascii_toupper>:
    4de4:	f1a0 0361 	sub.w	r3, r0, #97	; 0x61
    4de8:	2b19      	cmp	r3, #25
    4dea:	bf98      	it	ls
    4dec:	3820      	subls	r0, #32
    4dee:	4770      	bx	lr

00004df0 <__RAL_ascii_tolower>:
    4df0:	f1a0 0341 	sub.w	r3, r0, #65	; 0x41
    4df4:	2b19      	cmp	r3, #25
    4df6:	bf98      	it	ls
    4df8:	3020      	addls	r0, #32
    4dfa:	4770      	bx	lr

00004dfc <__RAL_ascii_iswctype>:
    4dfc:	287f      	cmp	r0, #127	; 0x7f
    4dfe:	d805      	bhi.n	4e0c <__RAL_ascii_iswctype+0x10>
    4e00:	4b03      	ldr	r3, [pc, #12]	; (4e10 <__RAL_ascii_iswctype+0x14>)
    4e02:	5c18      	ldrb	r0, [r3, r0]
    4e04:	4b03      	ldr	r3, [pc, #12]	; (4e14 <__RAL_ascii_iswctype+0x18>)
    4e06:	5c5b      	ldrb	r3, [r3, r1]
    4e08:	4018      	ands	r0, r3
    4e0a:	4770      	bx	lr
    4e0c:	2000      	movs	r0, #0
    4e0e:	4770      	bx	lr
    4e10:	0000671c 	.word	0x0000671c
    4e14:	0000679c 	.word	0x0000679c

00004e18 <__RAL_ascii_towupper>:
    4e18:	f1a0 0361 	sub.w	r3, r0, #97	; 0x61
    4e1c:	2b19      	cmp	r3, #25
    4e1e:	bf98      	it	ls
    4e20:	3820      	subls	r0, #32
    4e22:	4770      	bx	lr

00004e24 <__RAL_ascii_towlower>:
    4e24:	f1a0 0341 	sub.w	r3, r0, #65	; 0x41
    4e28:	2b19      	cmp	r3, #25
    4e2a:	bf98      	it	ls
    4e2c:	3020      	addls	r0, #32
    4e2e:	4770      	bx	lr

00004e30 <__RAL_ascii_wctomb>:
    4e30:	297f      	cmp	r1, #127	; 0x7f
    4e32:	bf9a      	itte	ls
    4e34:	7001      	strbls	r1, [r0, #0]
    4e36:	2001      	movls	r0, #1
    4e38:	f06f 002e 	mvnhi.w	r0, #46	; 0x2e
    4e3c:	4770      	bx	lr

00004e3e <__RAL_ascii_mbtowc>:
    4e3e:	b15a      	cbz	r2, 4e58 <__RAL_ascii_mbtowc+0x1a>
    4e40:	780a      	ldrb	r2, [r1, #0]
    4e42:	2a7f      	cmp	r2, #127	; 0x7f
    4e44:	d80a      	bhi.n	4e5c <__RAL_ascii_mbtowc+0x1e>
    4e46:	b100      	cbz	r0, 4e4a <__RAL_ascii_mbtowc+0xc>
    4e48:	6002      	str	r2, [r0, #0]
    4e4a:	2100      	movs	r1, #0
    4e4c:	6019      	str	r1, [r3, #0]
    4e4e:	6059      	str	r1, [r3, #4]
    4e50:	1a50      	subs	r0, r2, r1
    4e52:	bf18      	it	ne
    4e54:	2001      	movne	r0, #1
    4e56:	4770      	bx	lr
    4e58:	2000      	movs	r0, #0
    4e5a:	4770      	bx	lr
    4e5c:	f06f 002e 	mvn.w	r0, #46	; 0x2e
    4e60:	4770      	bx	lr

00004e62 <__putc>:
    4e62:	b538      	push	{r3, r4, r5, lr}
    4e64:	4604      	mov	r4, r0
    4e66:	4608      	mov	r0, r1
    4e68:	68a2      	ldr	r2, [r4, #8]
    4e6a:	b142      	cbz	r2, 4e7e <__putc+0x1c>
    4e6c:	6823      	ldr	r3, [r4, #0]
    4e6e:	6861      	ldr	r1, [r4, #4]
    4e70:	1c5d      	adds	r5, r3, #1
    4e72:	428d      	cmp	r5, r1
    4e74:	bf08      	it	eq
    4e76:	2000      	moveq	r0, #0
    4e78:	428b      	cmp	r3, r1
    4e7a:	d208      	bcs.n	4e8e <__putc+0x2c>
    4e7c:	54d0      	strb	r0, [r2, r3]
    4e7e:	68e3      	ldr	r3, [r4, #12]
    4e80:	b12b      	cbz	r3, 4e8e <__putc+0x2c>
    4e82:	6821      	ldr	r1, [r4, #0]
    4e84:	6862      	ldr	r2, [r4, #4]
    4e86:	4291      	cmp	r1, r2
    4e88:	d201      	bcs.n	4e8e <__putc+0x2c>
    4e8a:	4621      	mov	r1, r4
    4e8c:	4798      	blx	r3
    4e8e:	6823      	ldr	r3, [r4, #0]
    4e90:	3301      	adds	r3, #1
    4e92:	6023      	str	r3, [r4, #0]
    4e94:	bd38      	pop	{r3, r4, r5, pc}

00004e96 <__RAL_print_padding>:
    4e96:	b570      	push	{r4, r5, r6, lr}
    4e98:	1e4c      	subs	r4, r1, #1
    4e9a:	d409      	bmi.n	4eb0 <__RAL_print_padding+0x1a>
    4e9c:	4616      	mov	r6, r2
    4e9e:	b2c5      	uxtb	r5, r0
    4ea0:	4629      	mov	r1, r5
    4ea2:	4630      	mov	r0, r6
    4ea4:	f7ff ffdd 	bl	4e62 <__putc>
    4ea8:	3c01      	subs	r4, #1
    4eaa:	f1b4 3fff 	cmp.w	r4, #4294967295	; 0xffffffff
    4eae:	d1f7      	bne.n	4ea0 <__RAL_print_padding+0xa>
    4eb0:	bd70      	pop	{r4, r5, r6, pc}

00004eb2 <__RAL_pre_padding>:
    4eb2:	f010 0f10 	tst.w	r0, #16
    4eb6:	d108      	bne.n	4eca <__RAL_pre_padding+0x18>
    4eb8:	b508      	push	{r3, lr}
    4eba:	f410 7f00 	tst.w	r0, #512	; 0x200
    4ebe:	bf14      	ite	ne
    4ec0:	2030      	movne	r0, #48	; 0x30
    4ec2:	2020      	moveq	r0, #32
    4ec4:	f7ff ffe7 	bl	4e96 <__RAL_print_padding>
    4ec8:	bd08      	pop	{r3, pc}
    4eca:	4770      	bx	lr

00004ecc <__RAL_isctype>:
    4ecc:	b508      	push	{r3, lr}
    4ece:	4b03      	ldr	r3, [pc, #12]	; (4edc <__RAL_isctype+0x10>)
    4ed0:	685b      	ldr	r3, [r3, #4]
    4ed2:	689b      	ldr	r3, [r3, #8]
    4ed4:	681b      	ldr	r3, [r3, #0]
    4ed6:	4798      	blx	r3
    4ed8:	bd08      	pop	{r3, pc}
    4eda:	bf00      	nop
    4edc:	2000008c 	.word	0x2000008c

00004ee0 <isupper>:
    4ee0:	b508      	push	{r3, lr}
    4ee2:	2107      	movs	r1, #7
    4ee4:	f7ff fff2 	bl	4ecc <__RAL_isctype>
    4ee8:	bd08      	pop	{r3, pc}

00004eea <islower>:
    4eea:	b508      	push	{r3, lr}
    4eec:	2106      	movs	r1, #6
    4eee:	f7ff ffed 	bl	4ecc <__RAL_isctype>
    4ef2:	bd08      	pop	{r3, pc}

00004ef4 <isdigit>:
    4ef4:	b508      	push	{r3, lr}
    4ef6:	2104      	movs	r1, #4
    4ef8:	f7ff ffe8 	bl	4ecc <__RAL_isctype>
    4efc:	bd08      	pop	{r3, pc}

00004efe <__digit>:
    4efe:	b538      	push	{r3, r4, r5, lr}
    4f00:	4604      	mov	r4, r0
    4f02:	460d      	mov	r5, r1
    4f04:	f7ff fff6 	bl	4ef4 <isdigit>
    4f08:	b130      	cbz	r0, 4f18 <__digit+0x1a>
    4f0a:	f1a4 0030 	sub.w	r0, r4, #48	; 0x30
    4f0e:	42a8      	cmp	r0, r5
    4f10:	bfa8      	it	ge
    4f12:	f04f 30ff 	movge.w	r0, #4294967295	; 0xffffffff
    4f16:	bd38      	pop	{r3, r4, r5, pc}
    4f18:	4620      	mov	r0, r4
    4f1a:	f7ff ffe6 	bl	4eea <islower>
    4f1e:	b110      	cbz	r0, 4f26 <__digit+0x28>
    4f20:	f1a4 0057 	sub.w	r0, r4, #87	; 0x57
    4f24:	e7f3      	b.n	4f0e <__digit+0x10>
    4f26:	4620      	mov	r0, r4
    4f28:	f7ff ffda 	bl	4ee0 <isupper>
    4f2c:	b110      	cbz	r0, 4f34 <__digit+0x36>
    4f2e:	f1a4 0037 	sub.w	r0, r4, #55	; 0x37
    4f32:	e7ec      	b.n	4f0e <__digit+0x10>
    4f34:	f04f 30ff 	mov.w	r0, #4294967295	; 0xffffffff
    4f38:	e7e9      	b.n	4f0e <__digit+0x10>

00004f3a <isspace>:
    4f3a:	b508      	push	{r3, lr}
    4f3c:	2108      	movs	r1, #8
    4f3e:	f7ff ffc5 	bl	4ecc <__RAL_isctype>
    4f42:	bd08      	pop	{r3, pc}

00004f44 <__aeabi_errno_addr>:
    4f44:	b500      	push	{lr}
    4f46:	f7ff ff39 	bl	4dbc <__aeabi_read_tp>
    4f4a:	4b02      	ldr	r3, [pc, #8]	; (4f54 <__aeabi_errno_addr+0x10>)
    4f4c:	4418      	add	r0, r3
    4f4e:	f85d fb04 	ldr.w	pc, [sp], #4
    4f52:	bf00      	nop
    4f54:	00000008 	.word	0x00000008

00004f58 <__strtoul>:
    4f58:	e92d 4ff0 	stmdb	sp!, {r4, r5, r6, r7, r8, r9, sl, fp, lr}
    4f5c:	b083      	sub	sp, #12
    4f5e:	9001      	str	r0, [sp, #4]
    4f60:	468b      	mov	fp, r1
    4f62:	4692      	mov	sl, r2
    4f64:	4604      	mov	r4, r0
    4f66:	4626      	mov	r6, r4
    4f68:	f814 5b01 	ldrb.w	r5, [r4], #1
    4f6c:	b1e5      	cbz	r5, 4fa8 <__strtoul+0x50>
    4f6e:	4628      	mov	r0, r5
    4f70:	f7ff ffe3 	bl	4f3a <isspace>
    4f74:	2800      	cmp	r0, #0
    4f76:	d1f6      	bne.n	4f66 <__strtoul+0xe>
    4f78:	2d30      	cmp	r5, #48	; 0x30
    4f7a:	d115      	bne.n	4fa8 <__strtoul+0x50>
    4f7c:	1cb3      	adds	r3, r6, #2
    4f7e:	7825      	ldrb	r5, [r4, #0]
    4f80:	f005 02df 	and.w	r2, r5, #223	; 0xdf
    4f84:	2a58      	cmp	r2, #88	; 0x58
    4f86:	d006      	beq.n	4f96 <__strtoul+0x3e>
    4f88:	f1ba 0f00 	cmp.w	sl, #0
    4f8c:	d14e      	bne.n	502c <__strtoul+0xd4>
    4f8e:	f04f 0a01 	mov.w	sl, #1
    4f92:	2608      	movs	r6, #8
    4f94:	e006      	b.n	4fa4 <__strtoul+0x4c>
    4f96:	f03a 0210 	bics.w	r2, sl, #16
    4f9a:	d143      	bne.n	5024 <__strtoul+0xcc>
    4f9c:	1ca3      	adds	r3, r4, #2
    4f9e:	7865      	ldrb	r5, [r4, #1]
    4fa0:	4692      	mov	sl, r2
    4fa2:	2610      	movs	r6, #16
    4fa4:	461c      	mov	r4, r3
    4fa6:	e003      	b.n	4fb0 <__strtoul+0x58>
    4fa8:	f1ba 0f00 	cmp.w	sl, #0
    4fac:	d105      	bne.n	4fba <__strtoul+0x62>
    4fae:	260a      	movs	r6, #10
    4fb0:	f04f 0800 	mov.w	r8, #0
    4fb4:	4647      	mov	r7, r8
    4fb6:	46c1      	mov	r9, r8
    4fb8:	e014      	b.n	4fe4 <__strtoul+0x8c>
    4fba:	4656      	mov	r6, sl
    4fbc:	f04f 0a00 	mov.w	sl, #0
    4fc0:	e7f6      	b.n	4fb0 <__strtoul+0x58>
    4fc2:	fb08 0806 	mla	r8, r8, r6, r0
    4fc6:	ea4f 4318 	mov.w	r3, r8, lsr #16
    4fca:	fb07 3706 	mla	r7, r7, r6, r3
    4fce:	fa1f f888 	uxth.w	r8, r8
    4fd2:	f5b7 3f80 	cmp.w	r7, #65536	; 0x10000
    4fd6:	bf28      	it	cs
    4fd8:	f04f 0901 	movcs.w	r9, #1
    4fdc:	f814 5b01 	ldrb.w	r5, [r4], #1
    4fe0:	f04f 0a01 	mov.w	sl, #1
    4fe4:	4631      	mov	r1, r6
    4fe6:	4628      	mov	r0, r5
    4fe8:	f7ff ff89 	bl	4efe <__digit>
    4fec:	2800      	cmp	r0, #0
    4fee:	dae8      	bge.n	4fc2 <__strtoul+0x6a>
    4ff0:	f1bb 0f00 	cmp.w	fp, #0
    4ff4:	d007      	beq.n	5006 <__strtoul+0xae>
    4ff6:	f1ba 0f00 	cmp.w	sl, #0
    4ffa:	d001      	beq.n	5000 <__strtoul+0xa8>
    4ffc:	1e63      	subs	r3, r4, #1
    4ffe:	9301      	str	r3, [sp, #4]
    5000:	9b01      	ldr	r3, [sp, #4]
    5002:	f8cb 3000 	str.w	r3, [fp]
    5006:	f1b9 0f00 	cmp.w	r9, #0
    500a:	d104      	bne.n	5016 <__strtoul+0xbe>
    500c:	ea48 4007 	orr.w	r0, r8, r7, lsl #16
    5010:	b003      	add	sp, #12
    5012:	e8bd 8ff0 	ldmia.w	sp!, {r4, r5, r6, r7, r8, r9, sl, fp, pc}
    5016:	f7ff ff95 	bl	4f44 <__aeabi_errno_addr>
    501a:	2322      	movs	r3, #34	; 0x22
    501c:	6003      	str	r3, [r0, #0]
    501e:	f04f 30ff 	mov.w	r0, #4294967295	; 0xffffffff
    5022:	e7f5      	b.n	5010 <__strtoul+0xb8>
    5024:	4656      	mov	r6, sl
    5026:	f04f 0a01 	mov.w	sl, #1
    502a:	e7bb      	b.n	4fa4 <__strtoul+0x4c>
    502c:	4656      	mov	r6, sl
    502e:	f04f 0a01 	mov.w	sl, #1
    5032:	e7b7      	b.n	4fa4 <__strtoul+0x4c>

00005034 <printf>:
    5034:	b40f      	push	{r0, r1, r2, r3}
    5036:	b510      	push	{r4, lr}
    5038:	b086      	sub	sp, #24
    503a:	ab08      	add	r3, sp, #32
    503c:	f853 4b04 	ldr.w	r4, [r3], #4
    5040:	9305      	str	r3, [sp, #20]
    5042:	2300      	movs	r3, #0
    5044:	9303      	str	r3, [sp, #12]
    5046:	f06f 4300 	mvn.w	r3, #2147483648	; 0x80000000
    504a:	9302      	str	r3, [sp, #8]
    504c:	4b08      	ldr	r3, [pc, #32]	; (5070 <printf+0x3c>)
    504e:	9304      	str	r3, [sp, #16]
    5050:	f000 fc2a 	bl	58a8 <__printf_lock>
    5054:	9a05      	ldr	r2, [sp, #20]
    5056:	4621      	mov	r1, r4
    5058:	a801      	add	r0, sp, #4
    505a:	f000 f90b 	bl	5274 <__vfprintf_long>
    505e:	4604      	mov	r4, r0
    5060:	f000 fc23 	bl	58aa <__printf_unlock>
    5064:	4620      	mov	r0, r4
    5066:	b006      	add	sp, #24
    5068:	e8bd 4010 	ldmia.w	sp!, {r4, lr}
    506c:	b004      	add	sp, #16
    506e:	4770      	bx	lr
    5070:	00001aad 	.word	0x00001aad

00005074 <strnlen>:
    5074:	7803      	ldrb	r3, [r0, #0]
    5076:	b153      	cbz	r3, 508e <strnlen+0x1a>
    5078:	b159      	cbz	r1, 5092 <strnlen+0x1e>
    507a:	4401      	add	r1, r0
    507c:	4603      	mov	r3, r0
    507e:	f813 2f01 	ldrb.w	r2, [r3, #1]!
    5082:	b112      	cbz	r2, 508a <strnlen+0x16>
    5084:	428b      	cmp	r3, r1
    5086:	d1fa      	bne.n	507e <strnlen+0xa>
    5088:	460b      	mov	r3, r1
    508a:	1a18      	subs	r0, r3, r0
    508c:	4770      	bx	lr
    508e:	4603      	mov	r3, r0
    5090:	e7fb      	b.n	508a <strnlen+0x16>
    5092:	4603      	mov	r3, r0
    5094:	e7f9      	b.n	508a <strnlen+0x16>

00005096 <strtol>:
    5096:	e92d 47f0 	stmdb	sp!, {r4, r5, r6, r7, r8, r9, sl, lr}
    509a:	b082      	sub	sp, #8
    509c:	4680      	mov	r8, r0
    509e:	4689      	mov	r9, r1
    50a0:	4692      	mov	sl, r2
    50a2:	4604      	mov	r4, r0
    50a4:	4627      	mov	r7, r4
    50a6:	f814 5b01 	ldrb.w	r5, [r4], #1
    50aa:	b355      	cbz	r5, 5102 <strtol+0x6c>
    50ac:	4628      	mov	r0, r5
    50ae:	f7ff ff44 	bl	4f3a <isspace>
    50b2:	4606      	mov	r6, r0
    50b4:	2800      	cmp	r0, #0
    50b6:	d1f5      	bne.n	50a4 <strtol+0xe>
    50b8:	2d2b      	cmp	r5, #43	; 0x2b
    50ba:	d115      	bne.n	50e8 <strtol+0x52>
    50bc:	4652      	mov	r2, sl
    50be:	a901      	add	r1, sp, #4
    50c0:	4620      	mov	r0, r4
    50c2:	f7ff ff49 	bl	4f58 <__strtoul>
    50c6:	4603      	mov	r3, r0
    50c8:	f1b9 0f00 	cmp.w	r9, #0
    50cc:	d02c      	beq.n	5128 <strtol+0x92>
    50ce:	9a01      	ldr	r2, [sp, #4]
    50d0:	42a2      	cmp	r2, r4
    50d2:	bf08      	it	eq
    50d4:	4642      	moveq	r2, r8
    50d6:	f8c9 2000 	str.w	r2, [r9]
    50da:	b32e      	cbz	r6, 5128 <strtol+0x92>
    50dc:	2b00      	cmp	r3, #0
    50de:	db1c      	blt.n	511a <strtol+0x84>
    50e0:	4258      	negs	r0, r3
    50e2:	b002      	add	sp, #8
    50e4:	e8bd 87f0 	ldmia.w	sp!, {r4, r5, r6, r7, r8, r9, sl, pc}
    50e8:	2d2d      	cmp	r5, #45	; 0x2d
    50ea:	d10a      	bne.n	5102 <strtol+0x6c>
    50ec:	4652      	mov	r2, sl
    50ee:	a901      	add	r1, sp, #4
    50f0:	4620      	mov	r0, r4
    50f2:	f7ff ff31 	bl	4f58 <__strtoul>
    50f6:	4603      	mov	r3, r0
    50f8:	f1b9 0f00 	cmp.w	r9, #0
    50fc:	d0ee      	beq.n	50dc <strtol+0x46>
    50fe:	2601      	movs	r6, #1
    5100:	e7e5      	b.n	50ce <strtol+0x38>
    5102:	4652      	mov	r2, sl
    5104:	a901      	add	r1, sp, #4
    5106:	4638      	mov	r0, r7
    5108:	f7ff ff26 	bl	4f58 <__strtoul>
    510c:	4603      	mov	r3, r0
    510e:	f1b9 0f00 	cmp.w	r9, #0
    5112:	d009      	beq.n	5128 <strtol+0x92>
    5114:	463c      	mov	r4, r7
    5116:	2600      	movs	r6, #0
    5118:	e7d9      	b.n	50ce <strtol+0x38>
    511a:	f7ff ff13 	bl	4f44 <__aeabi_errno_addr>
    511e:	2222      	movs	r2, #34	; 0x22
    5120:	6002      	str	r2, [r0, #0]
    5122:	f04f 4000 	mov.w	r0, #2147483648	; 0x80000000
    5126:	e7dc      	b.n	50e2 <strtol+0x4c>
    5128:	4618      	mov	r0, r3
    512a:	2b00      	cmp	r3, #0
    512c:	dad9      	bge.n	50e2 <strtol+0x4c>
    512e:	f7ff ff09 	bl	4f44 <__aeabi_errno_addr>
    5132:	2322      	movs	r3, #34	; 0x22
    5134:	6003      	str	r3, [r0, #0]
    5136:	f06f 4000 	mvn.w	r0, #2147483648	; 0x80000000
    513a:	e7d2      	b.n	50e2 <strtol+0x4c>

0000513c <atoi>:
    513c:	b538      	push	{r3, r4, r5, lr}
    513e:	4604      	mov	r4, r0
    5140:	f7ff ff00 	bl	4f44 <__aeabi_errno_addr>
    5144:	6805      	ldr	r5, [r0, #0]
    5146:	220a      	movs	r2, #10
    5148:	2100      	movs	r1, #0
    514a:	4620      	mov	r0, r4
    514c:	f7ff ffa3 	bl	5096 <strtol>
    5150:	4604      	mov	r4, r0
    5152:	f7ff fef7 	bl	4f44 <__aeabi_errno_addr>
    5156:	6005      	str	r5, [r0, #0]
    5158:	4620      	mov	r0, r4
    515a:	bd38      	pop	{r3, r4, r5, pc}

0000515c <__aeabi_memcpy>:
    515c:	4684      	mov	ip, r0
    515e:	ea40 0301 	orr.w	r3, r0, r1
    5162:	f013 0f03 	tst.w	r3, #3
    5166:	d118      	bne.n	519a <__aeabi_memcpy4+0x32>

00005168 <__aeabi_memcpy4>:
    5168:	4684      	mov	ip, r0
    516a:	2a20      	cmp	r2, #32
    516c:	d30b      	bcc.n	5186 <__aeabi_memcpy4+0x1e>
    516e:	e92d 07f0 	stmdb	sp!, {r4, r5, r6, r7, r8, r9, sl}
    5172:	e8b1 07f8 	ldmia.w	r1!, {r3, r4, r5, r6, r7, r8, r9, sl}
    5176:	e8a0 07f8 	stmia.w	r0!, {r3, r4, r5, r6, r7, r8, r9, sl}
    517a:	f1a2 0220 	sub.w	r2, r2, #32
    517e:	2a20      	cmp	r2, #32
    5180:	d2f7      	bcs.n	5172 <__aeabi_memcpy4+0xa>
    5182:	e8bd 07f0 	ldmia.w	sp!, {r4, r5, r6, r7, r8, r9, sl}
    5186:	2a04      	cmp	r2, #4
    5188:	d307      	bcc.n	519a <__aeabi_memcpy4+0x32>
    518a:	f851 3b04 	ldr.w	r3, [r1], #4
    518e:	f840 3b04 	str.w	r3, [r0], #4
    5192:	f1a2 0204 	sub.w	r2, r2, #4
    5196:	2a04      	cmp	r2, #4
    5198:	d2f7      	bcs.n	518a <__aeabi_memcpy4+0x22>
    519a:	2a00      	cmp	r2, #0
    519c:	d005      	beq.n	51aa <__aeabi_memcpy4+0x42>
    519e:	f811 3b01 	ldrb.w	r3, [r1], #1
    51a2:	f800 3b01 	strb.w	r3, [r0], #1
    51a6:	3a01      	subs	r2, #1
    51a8:	d1f9      	bne.n	519e <__aeabi_memcpy4+0x36>
    51aa:	4660      	mov	r0, ip
    51ac:	4770      	bx	lr

000051ae <memset>:
    51ae:	4684      	mov	ip, r0
    51b0:	2a00      	cmp	r2, #0
    51b2:	d02d      	beq.n	5210 <memset+0x62>
    51b4:	f010 0f03 	tst.w	r0, #3
    51b8:	d004      	beq.n	51c4 <memset+0x16>
    51ba:	f800 1b01 	strb.w	r1, [r0], #1
    51be:	3a01      	subs	r2, #1
    51c0:	d026      	beq.n	5210 <memset+0x62>
    51c2:	e7f7      	b.n	51b4 <memset+0x6>
    51c4:	b2c9      	uxtb	r1, r1
    51c6:	ea41 2101 	orr.w	r1, r1, r1, lsl #8
    51ca:	ea41 4101 	orr.w	r1, r1, r1, lsl #16
    51ce:	2a20      	cmp	r2, #32
    51d0:	d312      	bcc.n	51f8 <memset+0x4a>
    51d2:	f1a2 0220 	sub.w	r2, r2, #32
    51d6:	e92d 03f0 	stmdb	sp!, {r4, r5, r6, r7, r8, r9}
    51da:	460b      	mov	r3, r1
    51dc:	460c      	mov	r4, r1
    51de:	460d      	mov	r5, r1
    51e0:	460e      	mov	r6, r1
    51e2:	460f      	mov	r7, r1
    51e4:	4688      	mov	r8, r1
    51e6:	4689      	mov	r9, r1
    51e8:	e8a0 03fa 	stmia.w	r0!, {r1, r3, r4, r5, r6, r7, r8, r9}
    51ec:	3a20      	subs	r2, #32
    51ee:	d2fb      	bcs.n	51e8 <memset+0x3a>
    51f0:	e8bd 03f0 	ldmia.w	sp!, {r4, r5, r6, r7, r8, r9}
    51f4:	3220      	adds	r2, #32
    51f6:	d00b      	beq.n	5210 <memset+0x62>
    51f8:	2a04      	cmp	r2, #4
    51fa:	d305      	bcc.n	5208 <memset+0x5a>
    51fc:	f840 1b04 	str.w	r1, [r0], #4
    5200:	3a04      	subs	r2, #4
    5202:	d005      	beq.n	5210 <memset+0x62>
    5204:	2a04      	cmp	r2, #4
    5206:	d2f9      	bcs.n	51fc <memset+0x4e>
    5208:	f800 1b01 	strb.w	r1, [r0], #1
    520c:	3a01      	subs	r2, #1
    520e:	d1fb      	bne.n	5208 <memset+0x5a>
    5210:	4660      	mov	r0, ip
    5212:	4770      	bx	lr

00005214 <strlen>:
    5214:	f100 0101 	add.w	r1, r0, #1
    5218:	f010 0f03 	tst.w	r0, #3
    521c:	d011      	beq.n	5242 <strlen+0x2e>
    521e:	f810 2b01 	ldrb.w	r2, [r0], #1
    5222:	2a00      	cmp	r2, #0
    5224:	d023      	beq.n	526e <strlen+0x5a>
    5226:	f010 0f03 	tst.w	r0, #3
    522a:	d00a      	beq.n	5242 <strlen+0x2e>
    522c:	f810 2b01 	ldrb.w	r2, [r0], #1
    5230:	2a00      	cmp	r2, #0
    5232:	d01c      	beq.n	526e <strlen+0x5a>
    5234:	f010 0f03 	tst.w	r0, #3
    5238:	d003      	beq.n	5242 <strlen+0x2e>
    523a:	f810 2b01 	ldrb.w	r2, [r0], #1
    523e:	2a00      	cmp	r2, #0
    5240:	d015      	beq.n	526e <strlen+0x5a>
    5242:	e92d 0070 	stmdb	sp!, {r4, r5, r6}
    5246:	f04f 3201 	mov.w	r2, #16843009	; 0x1010101
    524a:	f04f 3380 	mov.w	r3, #2155905152	; 0x80808080
    524e:	f850 4b04 	ldr.w	r4, [r0], #4
    5252:	eba4 0502 	sub.w	r5, r4, r2
    5256:	ea25 0504 	bic.w	r5, r5, r4
    525a:	401d      	ands	r5, r3
    525c:	d100      	bne.n	5260 <strlen+0x4c>
    525e:	e7f6      	b.n	524e <strlen+0x3a>
    5260:	f1a0 0004 	sub.w	r0, r0, #4
    5264:	bc70      	pop	{r4, r5, r6}
    5266:	f810 2b01 	ldrb.w	r2, [r0], #1
    526a:	2a00      	cmp	r2, #0
    526c:	d1fb      	bne.n	5266 <strlen+0x52>
    526e:	eba0 0001 	sub.w	r0, r0, r1
    5272:	4770      	bx	lr

00005274 <__vfprintf_long>:
    5274:	e92d 4ff0 	stmdb	sp!, {r4, r5, r6, r7, r8, r9, sl, fp, lr}
    5278:	b089      	sub	sp, #36	; 0x24
    527a:	4607      	mov	r7, r0
    527c:	9203      	str	r2, [sp, #12]
    527e:	2300      	movs	r3, #0
    5280:	6003      	str	r3, [r0, #0]
    5282:	460c      	mov	r4, r1
    5284:	f814 1b01 	ldrb.w	r1, [r4], #1
    5288:	2900      	cmp	r1, #0
    528a:	f000 82fa 	beq.w	5882 <__vfprintf_long+0x60e>
    528e:	f8df b514 	ldr.w	fp, [pc, #1300]	; 57a4 <__vfprintf_long+0x530>
    5292:	e2e9      	b.n	5868 <__vfprintf_long+0x5f4>
    5294:	2500      	movs	r5, #0
    5296:	e007      	b.n	52a8 <__vfprintf_long+0x34>
    5298:	285e      	cmp	r0, #94	; 0x5e
    529a:	d168      	bne.n	536e <__vfprintf_long+0xfa>
    529c:	f445 5580 	orr.w	r5, r5, #4096	; 0x1000
    52a0:	e001      	b.n	52a6 <__vfprintf_long+0x32>
    52a2:	f045 0540 	orr.w	r5, r5, #64	; 0x40
    52a6:	461c      	mov	r4, r3
    52a8:	4623      	mov	r3, r4
    52aa:	f813 0b01 	ldrb.w	r0, [r3], #1
    52ae:	2830      	cmp	r0, #48	; 0x30
    52b0:	d8f2      	bhi.n	5298 <__vfprintf_long+0x24>
    52b2:	281f      	cmp	r0, #31
    52b4:	d937      	bls.n	5326 <__vfprintf_long+0xb2>
    52b6:	f1a0 0220 	sub.w	r2, r0, #32
    52ba:	2a10      	cmp	r2, #16
    52bc:	d833      	bhi.n	5326 <__vfprintf_long+0xb2>
    52be:	a101      	add	r1, pc, #4	; (adr r1, 52c4 <__vfprintf_long+0x50>)
    52c0:	f851 f022 	ldr.w	pc, [r1, r2, lsl #2]
    52c4:	000052a3 	.word	0x000052a3
    52c8:	00005327 	.word	0x00005327
    52cc:	00005327 	.word	0x00005327
    52d0:	00005309 	.word	0x00005309
    52d4:	00005327 	.word	0x00005327
    52d8:	00005327 	.word	0x00005327
    52dc:	00005327 	.word	0x00005327
    52e0:	0000530f 	.word	0x0000530f
    52e4:	00005327 	.word	0x00005327
    52e8:	00005327 	.word	0x00005327
    52ec:	00005327 	.word	0x00005327
    52f0:	00005315 	.word	0x00005315
    52f4:	00005327 	.word	0x00005327
    52f8:	0000531b 	.word	0x0000531b
    52fc:	00005327 	.word	0x00005327
    5300:	00005327 	.word	0x00005327
    5304:	00005321 	.word	0x00005321
    5308:	f045 0580 	orr.w	r5, r5, #128	; 0x80
    530c:	e7cb      	b.n	52a6 <__vfprintf_long+0x32>
    530e:	f445 4500 	orr.w	r5, r5, #32768	; 0x8000
    5312:	e7c8      	b.n	52a6 <__vfprintf_long+0x32>
    5314:	f045 0520 	orr.w	r5, r5, #32
    5318:	e7c5      	b.n	52a6 <__vfprintf_long+0x32>
    531a:	f045 0510 	orr.w	r5, r5, #16
    531e:	e7c2      	b.n	52a6 <__vfprintf_long+0x32>
    5320:	f445 7500 	orr.w	r5, r5, #512	; 0x200
    5324:	e7bf      	b.n	52a6 <__vfprintf_long+0x32>
    5326:	282a      	cmp	r0, #42	; 0x2a
    5328:	d121      	bne.n	536e <__vfprintf_long+0xfa>
    532a:	9a03      	ldr	r2, [sp, #12]
    532c:	1d11      	adds	r1, r2, #4
    532e:	9103      	str	r1, [sp, #12]
    5330:	f8d2 a000 	ldr.w	sl, [r2]
    5334:	f1ba 0f00 	cmp.w	sl, #0
    5338:	bfbc      	itt	lt
    533a:	f1ca 0a00 	rsblt	sl, sl, #0
    533e:	f045 0510 	orrlt.w	r5, r5, #16
    5342:	7818      	ldrb	r0, [r3, #0]
    5344:	1ca3      	adds	r3, r4, #2
    5346:	ea2a 7aea 	bic.w	sl, sl, sl, asr #31
    534a:	282e      	cmp	r0, #46	; 0x2e
    534c:	d026      	beq.n	539c <__vfprintf_long+0x128>
    534e:	2100      	movs	r1, #0
    5350:	2874      	cmp	r0, #116	; 0x74
    5352:	d047      	beq.n	53e4 <__vfprintf_long+0x170>
    5354:	287a      	cmp	r0, #122	; 0x7a
    5356:	d045      	beq.n	53e4 <__vfprintf_long+0x170>
    5358:	286c      	cmp	r0, #108	; 0x6c
    535a:	f000 80a8 	beq.w	54ae <__vfprintf_long+0x23a>
    535e:	284c      	cmp	r0, #76	; 0x4c
    5360:	f000 80ab 	beq.w	54ba <__vfprintf_long+0x246>
    5364:	2868      	cmp	r0, #104	; 0x68
    5366:	f000 80b8 	beq.w	54da <__vfprintf_long+0x266>
    536a:	461c      	mov	r4, r3
    536c:	e03d      	b.n	53ea <__vfprintf_long+0x176>
    536e:	f1a0 0230 	sub.w	r2, r0, #48	; 0x30
    5372:	b2d2      	uxtb	r2, r2
    5374:	2a09      	cmp	r2, #9
    5376:	bf88      	it	hi
    5378:	f04f 0a00 	movhi.w	sl, #0
    537c:	d8e3      	bhi.n	5346 <__vfprintf_long+0xd2>
    537e:	f04f 0a00 	mov.w	sl, #0
    5382:	eb0a 0a8a 	add.w	sl, sl, sl, lsl #2
    5386:	3830      	subs	r0, #48	; 0x30
    5388:	eb00 0a4a 	add.w	sl, r0, sl, lsl #1
    538c:	f813 0b01 	ldrb.w	r0, [r3], #1
    5390:	f1a0 0230 	sub.w	r2, r0, #48	; 0x30
    5394:	b2d2      	uxtb	r2, r2
    5396:	2a09      	cmp	r2, #9
    5398:	d9f3      	bls.n	5382 <__vfprintf_long+0x10e>
    539a:	e7d4      	b.n	5346 <__vfprintf_long+0xd2>
    539c:	7818      	ldrb	r0, [r3, #0]
    539e:	282a      	cmp	r0, #42	; 0x2a
    53a0:	d10a      	bne.n	53b8 <__vfprintf_long+0x144>
    53a2:	9a03      	ldr	r2, [sp, #12]
    53a4:	1d11      	adds	r1, r2, #4
    53a6:	9103      	str	r1, [sp, #12]
    53a8:	6811      	ldr	r1, [r2, #0]
    53aa:	7858      	ldrb	r0, [r3, #1]
    53ac:	3302      	adds	r3, #2
    53ae:	2900      	cmp	r1, #0
    53b0:	dbce      	blt.n	5350 <__vfprintf_long+0xdc>
    53b2:	f445 7580 	orr.w	r5, r5, #256	; 0x100
    53b6:	e7cb      	b.n	5350 <__vfprintf_long+0xdc>
    53b8:	3301      	adds	r3, #1
    53ba:	f1a0 0230 	sub.w	r2, r0, #48	; 0x30
    53be:	b2d2      	uxtb	r2, r2
    53c0:	2a09      	cmp	r2, #9
    53c2:	bf88      	it	hi
    53c4:	2100      	movhi	r1, #0
    53c6:	d8f4      	bhi.n	53b2 <__vfprintf_long+0x13e>
    53c8:	2100      	movs	r1, #0
    53ca:	eb01 0181 	add.w	r1, r1, r1, lsl #2
    53ce:	3830      	subs	r0, #48	; 0x30
    53d0:	eb00 0141 	add.w	r1, r0, r1, lsl #1
    53d4:	f813 0b01 	ldrb.w	r0, [r3], #1
    53d8:	f1a0 0230 	sub.w	r2, r0, #48	; 0x30
    53dc:	b2d2      	uxtb	r2, r2
    53de:	2a09      	cmp	r2, #9
    53e0:	d9f3      	bls.n	53ca <__vfprintf_long+0x156>
    53e2:	e7e4      	b.n	53ae <__vfprintf_long+0x13a>
    53e4:	461c      	mov	r4, r3
    53e6:	f814 0b01 	ldrb.w	r0, [r4], #1
    53ea:	2800      	cmp	r0, #0
    53ec:	f000 8255 	beq.w	589a <__vfprintf_long+0x626>
    53f0:	f1a0 0325 	sub.w	r3, r0, #37	; 0x25
    53f4:	b2db      	uxtb	r3, r3
    53f6:	2b53      	cmp	r3, #83	; 0x53
    53f8:	d862      	bhi.n	54c0 <__vfprintf_long+0x24c>
    53fa:	f1a0 0325 	sub.w	r3, r0, #37	; 0x25
    53fe:	2b53      	cmp	r3, #83	; 0x53
    5400:	d85e      	bhi.n	54c0 <__vfprintf_long+0x24c>
    5402:	e8df f013 	tbh	[pc, r3, lsl #1]
    5406:	0076      	.short	0x0076
    5408:	005d005d 	.word	0x005d005d
    540c:	005d005d 	.word	0x005d005d
    5410:	005d005d 	.word	0x005d005d
    5414:	005d005d 	.word	0x005d005d
    5418:	005d005d 	.word	0x005d005d
    541c:	005d005d 	.word	0x005d005d
    5420:	005d005d 	.word	0x005d005d
    5424:	005d005d 	.word	0x005d005d
    5428:	005d005d 	.word	0x005d005d
    542c:	005d005d 	.word	0x005d005d
    5430:	005d005d 	.word	0x005d005d
    5434:	005d005d 	.word	0x005d005d
    5438:	005d005d 	.word	0x005d005d
    543c:	005d005d 	.word	0x005d005d
    5440:	005d005d 	.word	0x005d005d
    5444:	005d005d 	.word	0x005d005d
    5448:	005d005d 	.word	0x005d005d
    544c:	005d005d 	.word	0x005d005d
    5450:	005d005d 	.word	0x005d005d
    5454:	005d005d 	.word	0x005d005d
    5458:	005d005d 	.word	0x005d005d
    545c:	005d005d 	.word	0x005d005d
    5460:	005d005d 	.word	0x005d005d
    5464:	005d005d 	.word	0x005d005d
    5468:	005d005d 	.word	0x005d005d
    546c:	005d00eb 	.word	0x005d00eb
    5470:	005d005d 	.word	0x005d005d
    5474:	005d005d 	.word	0x005d005d
    5478:	005d005d 	.word	0x005d005d
    547c:	005d005d 	.word	0x005d005d
    5480:	007b005d 	.word	0x007b005d
    5484:	005d0120 	.word	0x005d0120
    5488:	005d005d 	.word	0x005d005d
    548c:	0120005d 	.word	0x0120005d
    5490:	005d005d 	.word	0x005d005d
    5494:	005d005d 	.word	0x005d005d
    5498:	010e0095 	.word	0x010e0095
    549c:	005d00d1 	.word	0x005d00d1
    54a0:	00a6005d 	.word	0x00a6005d
    54a4:	0119005d 	.word	0x0119005d
    54a8:	005d005d 	.word	0x005d005d
    54ac:	00ed      	.short	0x00ed
    54ae:	461c      	mov	r4, r3
    54b0:	f814 0b01 	ldrb.w	r0, [r4], #1
    54b4:	f045 0501 	orr.w	r5, r5, #1
    54b8:	e797      	b.n	53ea <__vfprintf_long+0x176>
    54ba:	f045 0501 	orr.w	r5, r5, #1
    54be:	461c      	mov	r4, r3
    54c0:	4bb4      	ldr	r3, [pc, #720]	; (5794 <__vfprintf_long+0x520>)
    54c2:	681e      	ldr	r6, [r3, #0]
    54c4:	2e00      	cmp	r6, #0
    54c6:	f000 81cc 	beq.w	5862 <__vfprintf_long+0x5ee>
    54ca:	ab03      	add	r3, sp, #12
    54cc:	9301      	str	r3, [sp, #4]
    54ce:	9100      	str	r1, [sp, #0]
    54d0:	4653      	mov	r3, sl
    54d2:	462a      	mov	r2, r5
    54d4:	4639      	mov	r1, r7
    54d6:	47b0      	blx	r6
    54d8:	e1c3      	b.n	5862 <__vfprintf_long+0x5ee>
    54da:	7818      	ldrb	r0, [r3, #0]
    54dc:	2868      	cmp	r0, #104	; 0x68
    54de:	d003      	beq.n	54e8 <__vfprintf_long+0x274>
    54e0:	1c5c      	adds	r4, r3, #1
    54e2:	f045 0504 	orr.w	r5, r5, #4
    54e6:	e780      	b.n	53ea <__vfprintf_long+0x176>
    54e8:	f045 0508 	orr.w	r5, r5, #8
    54ec:	1c9c      	adds	r4, r3, #2
    54ee:	7858      	ldrb	r0, [r3, #1]
    54f0:	e77b      	b.n	53ea <__vfprintf_long+0x176>
    54f2:	2125      	movs	r1, #37	; 0x25
    54f4:	4638      	mov	r0, r7
    54f6:	f7ff fcb4 	bl	4e62 <__putc>
    54fa:	e1b2      	b.n	5862 <__vfprintf_long+0x5ee>
    54fc:	9b03      	ldr	r3, [sp, #12]
    54fe:	1d1a      	adds	r2, r3, #4
    5500:	9203      	str	r2, [sp, #12]
    5502:	781e      	ldrb	r6, [r3, #0]
    5504:	f10a 3aff 	add.w	sl, sl, #4294967295	; 0xffffffff
    5508:	463a      	mov	r2, r7
    550a:	4651      	mov	r1, sl
    550c:	4628      	mov	r0, r5
    550e:	f7ff fcd0 	bl	4eb2 <__RAL_pre_padding>
    5512:	4631      	mov	r1, r6
    5514:	4638      	mov	r0, r7
    5516:	f7ff fca4 	bl	4e62 <__putc>
    551a:	46a9      	mov	r9, r5
    551c:	f019 0f10 	tst.w	r9, #16
    5520:	f000 819f 	beq.w	5862 <__vfprintf_long+0x5ee>
    5524:	463a      	mov	r2, r7
    5526:	4651      	mov	r1, sl
    5528:	2020      	movs	r0, #32
    552a:	f7ff fcb4 	bl	4e96 <__RAL_print_padding>
    552e:	e198      	b.n	5862 <__vfprintf_long+0x5ee>
    5530:	f015 0f08 	tst.w	r5, #8
    5534:	d006      	beq.n	5544 <__vfprintf_long+0x2d0>
    5536:	683a      	ldr	r2, [r7, #0]
    5538:	9b03      	ldr	r3, [sp, #12]
    553a:	1d19      	adds	r1, r3, #4
    553c:	9103      	str	r1, [sp, #12]
    553e:	681b      	ldr	r3, [r3, #0]
    5540:	701a      	strb	r2, [r3, #0]
    5542:	e18e      	b.n	5862 <__vfprintf_long+0x5ee>
    5544:	9b03      	ldr	r3, [sp, #12]
    5546:	1d1a      	adds	r2, r3, #4
    5548:	9203      	str	r2, [sp, #12]
    554a:	681b      	ldr	r3, [r3, #0]
    554c:	683a      	ldr	r2, [r7, #0]
    554e:	601a      	str	r2, [r3, #0]
    5550:	e187      	b.n	5862 <__vfprintf_long+0x5ee>
    5552:	9b03      	ldr	r3, [sp, #12]
    5554:	1d1a      	adds	r2, r3, #4
    5556:	9203      	str	r2, [sp, #12]
    5558:	f8d3 8000 	ldr.w	r8, [r3]
    555c:	4b8e      	ldr	r3, [pc, #568]	; (5798 <__vfprintf_long+0x524>)
    555e:	f1b8 0f00 	cmp.w	r8, #0
    5562:	bf08      	it	eq
    5564:	4698      	moveq	r8, r3
    5566:	4646      	mov	r6, r8
    5568:	f425 7900 	bic.w	r9, r5, #512	; 0x200
    556c:	f415 7f80 	tst.w	r5, #256	; 0x100
    5570:	d015      	beq.n	559e <__vfprintf_long+0x32a>
    5572:	4640      	mov	r0, r8
    5574:	f7ff fd7e 	bl	5074 <strnlen>
    5578:	4605      	mov	r5, r0
    557a:	ebaa 0a05 	sub.w	sl, sl, r5
    557e:	463a      	mov	r2, r7
    5580:	4651      	mov	r1, sl
    5582:	4648      	mov	r0, r9
    5584:	f7ff fc95 	bl	4eb2 <__RAL_pre_padding>
    5588:	2d00      	cmp	r5, #0
    558a:	d0c7      	beq.n	551c <__vfprintf_long+0x2a8>
    558c:	4445      	add	r5, r8
    558e:	f816 1b01 	ldrb.w	r1, [r6], #1
    5592:	4638      	mov	r0, r7
    5594:	f7ff fc65 	bl	4e62 <__putc>
    5598:	42b5      	cmp	r5, r6
    559a:	d1f8      	bne.n	558e <__vfprintf_long+0x31a>
    559c:	e7be      	b.n	551c <__vfprintf_long+0x2a8>
    559e:	4640      	mov	r0, r8
    55a0:	f7ff fe38 	bl	5214 <strlen>
    55a4:	4605      	mov	r5, r0
    55a6:	e7e8      	b.n	557a <__vfprintf_long+0x306>
    55a8:	9b03      	ldr	r3, [sp, #12]
    55aa:	1d1a      	adds	r2, r3, #4
    55ac:	9203      	str	r2, [sp, #12]
    55ae:	681b      	ldr	r3, [r3, #0]
    55b0:	f015 0f80 	tst.w	r5, #128	; 0x80
    55b4:	bf0c      	ite	eq
    55b6:	2600      	moveq	r6, #0
    55b8:	2623      	movne	r6, #35	; 0x23
    55ba:	f445 7580 	orr.w	r5, r5, #256	; 0x100
    55be:	2108      	movs	r1, #8
    55c0:	461a      	mov	r2, r3
    55c2:	2b00      	cmp	r3, #0
    55c4:	f000 8129 	beq.w	581a <__vfprintf_long+0x5a6>
    55c8:	ab05      	add	r3, sp, #20
    55ca:	f04f 0800 	mov.w	r8, #0
    55ce:	f405 5c00 	and.w	ip, r5, #8192	; 0x2000
    55d2:	46a6      	mov	lr, r4
    55d4:	4660      	mov	r0, ip
    55d6:	468c      	mov	ip, r1
    55d8:	4601      	mov	r1, r0
    55da:	e0d1      	b.n	5780 <__vfprintf_long+0x50c>
    55dc:	f445 5500 	orr.w	r5, r5, #8192	; 0x2000
    55e0:	f015 0f80 	tst.w	r5, #128	; 0x80
    55e4:	d01b      	beq.n	561e <__vfprintf_long+0x3aa>
    55e6:	f243 0678 	movw	r6, #12408	; 0x3078
    55ea:	f243 0358 	movw	r3, #12376	; 0x3058
    55ee:	2878      	cmp	r0, #120	; 0x78
    55f0:	bf18      	it	ne
    55f2:	461e      	movne	r6, r3
    55f4:	f415 7f80 	tst.w	r5, #256	; 0x100
    55f8:	d001      	beq.n	55fe <__vfprintf_long+0x38a>
    55fa:	f425 7500 	bic.w	r5, r5, #512	; 0x200
    55fe:	f415 4f80 	tst.w	r5, #16384	; 0x4000
    5602:	d032      	beq.n	566a <__vfprintf_long+0x3f6>
    5604:	9b03      	ldr	r3, [sp, #12]
    5606:	1d1a      	adds	r2, r3, #4
    5608:	9203      	str	r2, [sp, #12]
    560a:	681b      	ldr	r3, [r3, #0]
    560c:	f015 0f04 	tst.w	r5, #4
    5610:	d01f      	beq.n	5652 <__vfprintf_long+0x3de>
    5612:	b21b      	sxth	r3, r3
    5614:	2b00      	cmp	r3, #0
    5616:	da20      	bge.n	565a <__vfprintf_long+0x3e6>
    5618:	425b      	negs	r3, r3
    561a:	262d      	movs	r6, #45	; 0x2d
    561c:	e02d      	b.n	567a <__vfprintf_long+0x406>
    561e:	2600      	movs	r6, #0
    5620:	e7e8      	b.n	55f4 <__vfprintf_long+0x380>
    5622:	f015 0f80 	tst.w	r5, #128	; 0x80
    5626:	bf0c      	ite	eq
    5628:	2600      	moveq	r6, #0
    562a:	2630      	movne	r6, #48	; 0x30
    562c:	f415 7f80 	tst.w	r5, #256	; 0x100
    5630:	d0e5      	beq.n	55fe <__vfprintf_long+0x38a>
    5632:	f425 7500 	bic.w	r5, r5, #512	; 0x200
    5636:	e7e2      	b.n	55fe <__vfprintf_long+0x38a>
    5638:	f415 7f80 	tst.w	r5, #256	; 0x100
    563c:	d007      	beq.n	564e <__vfprintf_long+0x3da>
    563e:	f425 7500 	bic.w	r5, r5, #512	; 0x200
    5642:	2600      	movs	r6, #0
    5644:	e7db      	b.n	55fe <__vfprintf_long+0x38a>
    5646:	f445 4580 	orr.w	r5, r5, #16384	; 0x4000
    564a:	2600      	movs	r6, #0
    564c:	e7d7      	b.n	55fe <__vfprintf_long+0x38a>
    564e:	2600      	movs	r6, #0
    5650:	e7d5      	b.n	55fe <__vfprintf_long+0x38a>
    5652:	f015 0f08 	tst.w	r5, #8
    5656:	d0dd      	beq.n	5614 <__vfprintf_long+0x3a0>
    5658:	b2db      	uxtb	r3, r3
    565a:	f015 0f20 	tst.w	r5, #32
    565e:	d160      	bne.n	5722 <__vfprintf_long+0x4ae>
    5660:	f015 0f40 	tst.w	r5, #64	; 0x40
    5664:	bf18      	it	ne
    5666:	2620      	movne	r6, #32
    5668:	e007      	b.n	567a <__vfprintf_long+0x406>
    566a:	9b03      	ldr	r3, [sp, #12]
    566c:	1d1a      	adds	r2, r3, #4
    566e:	9203      	str	r2, [sp, #12]
    5670:	681b      	ldr	r3, [r3, #0]
    5672:	f015 0f04 	tst.w	r5, #4
    5676:	d04f      	beq.n	5718 <__vfprintf_long+0x4a4>
    5678:	b29b      	uxth	r3, r3
    567a:	f415 7f80 	tst.w	r5, #256	; 0x100
    567e:	bf14      	ite	ne
    5680:	f425 7500 	bicne.w	r5, r5, #512	; 0x200
    5684:	2101      	moveq	r1, #1
    5686:	3858      	subs	r0, #88	; 0x58
    5688:	2820      	cmp	r0, #32
    568a:	f200 80ae 	bhi.w	57ea <__vfprintf_long+0x576>
    568e:	a201      	add	r2, pc, #4	; (adr r2, 5694 <__vfprintf_long+0x420>)
    5690:	f852 f020 	ldr.w	pc, [r2, r0, lsl #2]
    5694:	000055c1 	.word	0x000055c1
    5698:	000057eb 	.word	0x000057eb
    569c:	000057eb 	.word	0x000057eb
    56a0:	000057eb 	.word	0x000057eb
    56a4:	000057eb 	.word	0x000057eb
    56a8:	000057eb 	.word	0x000057eb
    56ac:	000057eb 	.word	0x000057eb
    56b0:	000057eb 	.word	0x000057eb
    56b4:	000057eb 	.word	0x000057eb
    56b8:	000057eb 	.word	0x000057eb
    56bc:	000057eb 	.word	0x000057eb
    56c0:	000057eb 	.word	0x000057eb
    56c4:	0000574f 	.word	0x0000574f
    56c8:	000057eb 	.word	0x000057eb
    56cc:	000057eb 	.word	0x000057eb
    56d0:	000057eb 	.word	0x000057eb
    56d4:	000057eb 	.word	0x000057eb
    56d8:	0000574f 	.word	0x0000574f
    56dc:	000057eb 	.word	0x000057eb
    56e0:	000057eb 	.word	0x000057eb
    56e4:	000057eb 	.word	0x000057eb
    56e8:	000057eb 	.word	0x000057eb
    56ec:	000057eb 	.word	0x000057eb
    56f0:	00005727 	.word	0x00005727
    56f4:	000055c1 	.word	0x000055c1
    56f8:	000057eb 	.word	0x000057eb
    56fc:	000057eb 	.word	0x000057eb
    5700:	000057eb 	.word	0x000057eb
    5704:	000057eb 	.word	0x000057eb
    5708:	0000574f 	.word	0x0000574f
    570c:	000057eb 	.word	0x000057eb
    5710:	000057eb 	.word	0x000057eb
    5714:	000055c1 	.word	0x000055c1
    5718:	f015 0f08 	tst.w	r5, #8
    571c:	d0ad      	beq.n	567a <__vfprintf_long+0x406>
    571e:	b2db      	uxtb	r3, r3
    5720:	e7ab      	b.n	567a <__vfprintf_long+0x406>
    5722:	262b      	movs	r6, #43	; 0x2b
    5724:	e7a9      	b.n	567a <__vfprintf_long+0x406>
    5726:	461a      	mov	r2, r3
    5728:	f04f 0800 	mov.w	r8, #0
    572c:	2b00      	cmp	r3, #0
    572e:	d05e      	beq.n	57ee <__vfprintf_long+0x57a>
    5730:	a805      	add	r0, sp, #20
    5732:	f04f 0800 	mov.w	r8, #0
    5736:	f003 0307 	and.w	r3, r3, #7
    573a:	3330      	adds	r3, #48	; 0x30
    573c:	f800 3b01 	strb.w	r3, [r0], #1
    5740:	f108 0801 	add.w	r8, r8, #1
    5744:	08d2      	lsrs	r2, r2, #3
    5746:	4613      	mov	r3, r2
    5748:	2a00      	cmp	r2, #0
    574a:	d1f4      	bne.n	5736 <__vfprintf_long+0x4c2>
    574c:	e04f      	b.n	57ee <__vfprintf_long+0x57a>
    574e:	4618      	mov	r0, r3
    5750:	f04f 0800 	mov.w	r8, #0
    5754:	2b00      	cmp	r3, #0
    5756:	d04a      	beq.n	57ee <__vfprintf_long+0x57a>
    5758:	f04f 0800 	mov.w	r8, #0
    575c:	f405 4e00 	and.w	lr, r5, #32768	; 0x8000
    5760:	f04f 092c 	mov.w	r9, #44	; 0x2c
    5764:	4673      	mov	r3, lr
    5766:	468e      	mov	lr, r1
    5768:	4619      	mov	r1, r3
    576a:	e02f      	b.n	57cc <__vfprintf_long+0x558>
    576c:	f002 000f 	and.w	r0, r2, #15
    5770:	4c0a      	ldr	r4, [pc, #40]	; (579c <__vfprintf_long+0x528>)
    5772:	5c20      	ldrb	r0, [r4, r0]
    5774:	f803 0b01 	strb.w	r0, [r3], #1
    5778:	f108 0801 	add.w	r8, r8, #1
    577c:	0912      	lsrs	r2, r2, #4
    577e:	d006      	beq.n	578e <__vfprintf_long+0x51a>
    5780:	2900      	cmp	r1, #0
    5782:	d0f3      	beq.n	576c <__vfprintf_long+0x4f8>
    5784:	f002 000f 	and.w	r0, r2, #15
    5788:	4c05      	ldr	r4, [pc, #20]	; (57a0 <__vfprintf_long+0x52c>)
    578a:	5c20      	ldrb	r0, [r4, r0]
    578c:	e7f2      	b.n	5774 <__vfprintf_long+0x500>
    578e:	4674      	mov	r4, lr
    5790:	4661      	mov	r1, ip
    5792:	e02c      	b.n	57ee <__vfprintf_long+0x57a>
    5794:	20000498 	.word	0x20000498
    5798:	00006970 	.word	0x00006970
    579c:	00006950 	.word	0x00006950
    57a0:	00006960 	.word	0x00006960
    57a4:	cccccccd 	.word	0xcccccccd
    57a8:	ab08      	add	r3, sp, #32
    57aa:	eb03 0c08 	add.w	ip, r3, r8
    57ae:	fbab 3200 	umull	r3, r2, fp, r0
    57b2:	08d2      	lsrs	r2, r2, #3
    57b4:	eb02 0382 	add.w	r3, r2, r2, lsl #2
    57b8:	eba0 0343 	sub.w	r3, r0, r3, lsl #1
    57bc:	3330      	adds	r3, #48	; 0x30
    57be:	f80c 3c0c 	strb.w	r3, [ip, #-12]
    57c2:	f108 0801 	add.w	r8, r8, #1
    57c6:	2809      	cmp	r0, #9
    57c8:	d90d      	bls.n	57e6 <__vfprintf_long+0x572>
    57ca:	4610      	mov	r0, r2
    57cc:	2900      	cmp	r1, #0
    57ce:	d0eb      	beq.n	57a8 <__vfprintf_long+0x534>
    57d0:	f008 0303 	and.w	r3, r8, #3
    57d4:	2b03      	cmp	r3, #3
    57d6:	d1e7      	bne.n	57a8 <__vfprintf_long+0x534>
    57d8:	ab08      	add	r3, sp, #32
    57da:	4443      	add	r3, r8
    57dc:	f803 9c0c 	strb.w	r9, [r3, #-12]
    57e0:	f108 0801 	add.w	r8, r8, #1
    57e4:	e7e0      	b.n	57a8 <__vfprintf_long+0x534>
    57e6:	4671      	mov	r1, lr
    57e8:	e001      	b.n	57ee <__vfprintf_long+0x57a>
    57ea:	f04f 0800 	mov.w	r8, #0
    57ee:	eba1 0108 	sub.w	r1, r1, r8
    57f2:	ea21 79e1 	bic.w	r9, r1, r1, asr #31
    57f6:	ebaa 0a09 	sub.w	sl, sl, r9
    57fa:	ebaa 0a08 	sub.w	sl, sl, r8
    57fe:	2eff      	cmp	r6, #255	; 0xff
    5800:	d90e      	bls.n	5820 <__vfprintf_long+0x5ac>
    5802:	f1aa 0a02 	sub.w	sl, sl, #2
    5806:	f3c6 2107 	ubfx	r1, r6, #8, #8
    580a:	4638      	mov	r0, r7
    580c:	f7ff fb29 	bl	4e62 <__putc>
    5810:	b2f1      	uxtb	r1, r6
    5812:	4638      	mov	r0, r7
    5814:	f7ff fb25 	bl	4e62 <__putc>
    5818:	e004      	b.n	5824 <__vfprintf_long+0x5b0>
    581a:	f04f 0800 	mov.w	r8, #0
    581e:	e7e6      	b.n	57ee <__vfprintf_long+0x57a>
    5820:	2e00      	cmp	r6, #0
    5822:	d13d      	bne.n	58a0 <__vfprintf_long+0x62c>
    5824:	463a      	mov	r2, r7
    5826:	4651      	mov	r1, sl
    5828:	4628      	mov	r0, r5
    582a:	f7ff fb42 	bl	4eb2 <__RAL_pre_padding>
    582e:	463a      	mov	r2, r7
    5830:	4649      	mov	r1, r9
    5832:	2030      	movs	r0, #48	; 0x30
    5834:	f7ff fb2f 	bl	4e96 <__RAL_print_padding>
    5838:	f1b8 0f00 	cmp.w	r8, #0
    583c:	dd0e      	ble.n	585c <__vfprintf_long+0x5e8>
    583e:	f10d 0914 	add.w	r9, sp, #20
    5842:	f108 38ff 	add.w	r8, r8, #4294967295	; 0xffffffff
    5846:	44c8      	add	r8, r9
    5848:	f898 1000 	ldrb.w	r1, [r8]
    584c:	4646      	mov	r6, r8
    584e:	4638      	mov	r0, r7
    5850:	f7ff fb07 	bl	4e62 <__putc>
    5854:	45c1      	cmp	r9, r8
    5856:	f108 38ff 	add.w	r8, r8, #4294967295	; 0xffffffff
    585a:	d1f5      	bne.n	5848 <__vfprintf_long+0x5d4>
    585c:	f015 0f10 	tst.w	r5, #16
    5860:	d109      	bne.n	5876 <__vfprintf_long+0x602>
    5862:	f814 1b01 	ldrb.w	r1, [r4], #1
    5866:	b161      	cbz	r1, 5882 <__vfprintf_long+0x60e>
    5868:	2925      	cmp	r1, #37	; 0x25
    586a:	f43f ad13 	beq.w	5294 <__vfprintf_long+0x20>
    586e:	4638      	mov	r0, r7
    5870:	f7ff faf7 	bl	4e62 <__putc>
    5874:	e7f5      	b.n	5862 <__vfprintf_long+0x5ee>
    5876:	463a      	mov	r2, r7
    5878:	4651      	mov	r1, sl
    587a:	2020      	movs	r0, #32
    587c:	f7ff fb0b 	bl	4e96 <__RAL_print_padding>
    5880:	e7ef      	b.n	5862 <__vfprintf_long+0x5ee>
    5882:	68bb      	ldr	r3, [r7, #8]
    5884:	b12b      	cbz	r3, 5892 <__vfprintf_long+0x61e>
    5886:	683a      	ldr	r2, [r7, #0]
    5888:	6879      	ldr	r1, [r7, #4]
    588a:	428a      	cmp	r2, r1
    588c:	bf3c      	itt	cc
    588e:	2100      	movcc	r1, #0
    5890:	5499      	strbcc	r1, [r3, r2]
    5892:	6838      	ldr	r0, [r7, #0]
    5894:	b009      	add	sp, #36	; 0x24
    5896:	e8bd 8ff0 	ldmia.w	sp!, {r4, r5, r6, r7, r8, r9, sl, fp, pc}
    589a:	f04f 30ff 	mov.w	r0, #4294967295	; 0xffffffff
    589e:	e7f9      	b.n	5894 <__vfprintf_long+0x620>
    58a0:	f10a 3aff 	add.w	sl, sl, #4294967295	; 0xffffffff
    58a4:	e7b4      	b.n	5810 <__vfprintf_long+0x59c>
    58a6:	bf00      	nop

000058a8 <__printf_lock>:
    58a8:	4770      	bx	lr

000058aa <__printf_unlock>:
    58aa:	4770      	bx	lr
    58ac:	0000      	movs	r0, r0
	...

000058b0 <__memxor_block_core_veneer>:
    58b0:	f85f f000 	ldr.w	pc, [pc]	; 58b4 <__memxor_block_core_veneer+0x4>
    58b4:	2000002b 	.word	0x2000002b

Output/Debug/Exe/mixer_predictive_triggering.elf:     file format elf32-littlearm

Contents of section .rodata:
 58b8 426f6c74 2063616e 6e6f7420 62652069  Bolt cannot be i
 58c8 6e697469 616c697a 6564210a 00000000  nitialized!.....
 58d8 48617264 77617265 20696e69 7469616c  Hardware initial
 58e8 697a6564 2e20436f 6d70696c 65642061  ized. Compiled a
 58f8 74205f5f 44415445 5f5f205f 5f54494d  t __DATE__ __TIM
 5908 455f5f20 3d204d61 72202034 20323032  E__ = Mar  4 202
 5918 36203031 3a34373a 35350a00 30313a34  6 01:47:55..01:4
 5928 373a3535 00000000 76657273 696f6e20  7:55....version 
 5938 68617368 203d2025 750a0000 544f535f  hash = %u...TOS_
 5948 4e4f4445 5f494420 6e6f7420 7365742e  NODE_ID not set.
 5958 20656e74 65722076 616c7565 3a200000   enter value: ..
 5968 0a544f53 5f4e4f44 455f4944 20736574  .TOS_NODE_ID set
 5978 20746f20 25750a00 52657374 61727469   to %u..Restarti
 5988 6e672073 79737465 6d2e2e2e 0a000000  ng system.......
 5998 73746172 74696e67 206e6f64 65202575  starting node %u
 59a8 202e2e2e 0a000000 72616e64 6f6d2073   .......random s
 59b8 65656420 666f7220 4d697865 72206973  eed for Mixer is
 59c8 2025750a 00000000 21212120 50414e49   %u.....!!! PANI
 59d8 433a206e 6f646520 6d617070 696e6720  C: node mapping 
 59e8 6e6f7420 666f756e 6420666f 72206e6f  not found for no
 59f8 64652025 75202121 210a0000 6d617070  de %u !!!...mapp
 5a08 65642070 68797369 63616c20 6e6f6465  ed physical node
 5a18 20257520 746f206c 6f676963 616c2069   %u to logical i
 5a28 64202575 0a000000 41502068 61732061  d %u....AP has a
 5a38 2074696d 65207769 6e646f77 206f6620   time window of 
 5a48 25752075 7320666f 72206361 6c63756c  %u us for calcul
 5a58 6174696f 6e20616e 64207772 6974696e  ation and writin
 5a68 6720746f 20426f6c 742e0a00 23204944  g to Bolt...# ID
 5a78 3a257520 00000000 726f756e 643d2575  :%u ....round=%u
 5a88 2072616e 6b3d2575 20696e69 74446563   rank=%u initDec
 5a98 3d257520 6374726c 4465633d 25752070  =%u ctrlDec=%u p
 5aa8 72694465 633d2575 206e6f74 4465633d  riDec=%u notDec=
 5ab8 25752077 65616b3d 25752077 65616b46  %u weak=%u weakF
 5ac8 3d25750a 00000000 61676772 65676174  =%u.....aggregat
 5ad8 653a2025 30327820 25303278 20253032  e: %02x %02x %02
 5ae8 78202530 32782025 30327820 25303278  x %02x %02x %02x
 5af8 20286e31 3d257520 70313d25 75206e32   (n1=%u p1=%u n2
 5b08 3d257520 70323d25 75206e33 3d257520  =%u p2=%u n3=%u 
 5b18 70333d25 75290a00 7072696f 733d5b00  p3=%u)..prios=[.
 5b28 25753b00 5d0a0000 63757254 72696767  %u;.]...curTrigg
 5b38 65723d5b 00000000 72616e6b 3d5b0000  er=[....rank=[..
 5b48 66756c6c 5f72616e 6b3d5b00 72616469  full_rank=[.radi
 5b58 6f3d5b00 76657273 696f6e20 6d69736d  o=[.version mism
 5b68 61746368 2028693d 2575290a 00000000  atch (i=%u).....
 5b78 fbaf77d7 510e4fbf 6731b58f ba9d00e8  ..w.Q.O.g1......
 5b88 1f20373c 983a11ed ae46a090 dc5a39df  . 7<.:...F...Z9.
 5b98 3b03128c 6fa6cbc4 86f37c5f deb3c541  ;...o.....|_...A
 5ba8 b430240f 6b2ee982 a51e7ba1 d1176110  .0$.k.....{...a.
 5bb8 285bdb3d 640ad26d fa7f168a 1d6cf443  ([.=d..m.....l.C
 5bc8 cf09b2cc 4a627ef9 a774224d c1c87905  ....Jb~..t"M..y.
 5bd8 14714723 800db65e 19e2e3c7 4b1b29f5  .qG#...^....K.).
 5be8 e6e02be1 b11a9b96 d48eda73 f1495869  ..+........s.IXi
 5bf8 27723eff c0c991d6 a89edd94 9a7a0c54  'r>..........z.T
 5c08 52a32c8b e4eccdf2 d90bbb92 9f4056ef  R.,..........@V.
 5c18 c32a6ac6 7670b8ac 5702ad75 b0e5f7fd  .*j.vp..W..u....
 5c28 89b963a4 66932d42 e7348dd3 c2cef6ee  ..c.f.-B.4......
 5c38 386e4ef8 3ff0bd5d 5c3335b7 13ab4832  8nN.?..]\35...H2
 5c48 21686545 08fc5378 4c875536 ca7dbcd5  !heE..SxL.U6.}..
 5c58 60eb88d0 a281be84 9c262f01 07fe1804  `........&/.....
 5c68 d8835915 1c852599 9550aa44 06a9ea97  ..Y...%..P.D....
 5c78 426f6c74 20696e69 7469616c 697a6564  Bolt initialized
 5c88 20776974 68206d65 73736167 65207369   with message si
 5c98 7a652025 75000000 2f686f6d 652f636c  ze %u.../home/cl
 5ca8 7a686f75 2f50726f 6a656374 20776f72  zhou/Project wor
 5cb8 6b2f454c 45432d45 38303034 2d4d6978  k/ELEC-E8004-Mix
 5cc8 65722d50 726f6a65 63742d57 6f726b2f  er-Project-Work/
 5cd8 6d697865 722f6770 692f6172 6d2f6e6f  mixer/gpi/arm/no
 5ce8 72646963 2f647070 32636f6d 2f2e2e2f  rdic/dpp2com/../
 5cf8 6e726635 32383430 2f726164 696f2e63  nrf52840/radio.c
 5d08 00000000 6368616e 6e656c20 3e3d2031  ....channel >= 1
 5d18 31000000 6368616e 6e656c20 3c3d2032  1...channel <= 2
 5d28 36000000 6368616e 6e656c20 3c3d2033  6...channel <= 3
 5d38 39000000 30000000 2f686f6d 652f636c  9...0.../home/cl
 5d48 7a686f75 2f50726f 6a656374 20776f72  zhou/Project wor
 5d58 6b2f454c 45432d45 38303034 2d4d6978  k/ELEC-E8004-Mix
 5d68 65722d50 726f6a65 63742d57 6f726b2f  er-Project-Work/
 5d78 6d697865 722f6770 692f7374 64696f5f  mixer/gpi/stdio_
 5d88 67657473 6e2e6300 73697a65 203e2030  getsn.c.size > 0
 5d98 00000000 00010102 01020203 01020203  ................
 5da8 02030304 01020203 02030304 02030304  ................
 5db8 03040405 01020203 02030304 02030304  ................
 5dc8 03040405 02030304 03040405 03040405  ................
 5dd8 04050506 01020203 02030304 02030304  ................
 5de8 03040405 02030304 03040405 03040405  ................
 5df8 04050506 02030304 03040405 03040405  ................
 5e08 04050506 03040405 04050506 04050506  ................
 5e18 05060607 01020203 02030304 02030304  ................
 5e28 03040405 02030304 03040405 03040405  ................
 5e38 04050506 02030304 03040405 03040405  ................
 5e48 04050506 03040405 04050506 04050506  ................
 5e58 05060607 02030304 03040405 03040405  ................
 5e68 04050506 03040405 04050506 04050506  ................
 5e78 05060607 03040405 04050506 04050506  ................
 5e88 05060607 04050506 05060607 05060607  ................
 5e98 06070708 2f686f6d 652f636c 7a686f75  ..../home/clzhou
 5ea8 2f50726f 6a656374 20776f72 6b2f454c  /Project work/EL
 5eb8 45432d45 38303034 2d4d6978 65722d50  EC-E8004-Mixer-P
 5ec8 726f6a65 63742d57 6f726b2f 6d697865  roject-Work/mixe
 5ed8 722f6d69 7865722f 6d697865 722e6300  r/mixer/mixer.c.
 5ee8 6e6f6465 5f696420 3c202820 2873697a  node_id < ( (siz
 5ef8 656f6628 6e6f6465 7329202f 2073697a  eof(nodes) / siz
 5f08 656f6628 286e6f64 6573295b 305d2929  eof((nodes)[0]))
 5f18 202b2028 2173697a 656f6628 73747275   + (!sizeof(stru
 5f28 6374205f 5f617474 72696275 74655f5f  ct __attribute__
 5f38 28287061 636b6564 2929207b 20696e74  ((packed)) { int
 5f48 385f7420 61737365 7274696f 6e5f6661  8_t assertion_fa
 5f58 696c6564 5f5f696e 76616c69 645f4152  iled__invalid_AR
 5f68 5241595f 53495a45 5f757361 6765203a  RAY_SIZE_usage :
 5f78 2038202d 2039202a 20212821 5f5f6275   8 - 9 * !(!__bu
 5f88 696c7469 6e5f7479 7065735f 636f6d70  iltin_types_comp
 5f98 61746962 6c655f70 28747970 656f6628  atible_p(typeof(
 5fa8 6e6f6465 73292c20 74797065 6f662826  nodes), typeof(&
 5fb8 286e6f64 6573295b 305d2929 293b207d  (nodes)[0]))); }
 5fc8 29292029 00000000 6f666673 65746f66  )) )....offsetof
 5fd8 28506163 6b65742c 20636f64 696e675f  (Packet, coding_
 5fe8 76656374 6f722900 252d3235 73203d20  vector).%-25s = 
 5ff8 25640a00 6f666673 65746f66 28506163  %d..offsetof(Pac
 6008 6b65742c 20706179 6c6f6164 29000000  ket, payload)...
 6018 6f666673 65746f66 28506163 6b65742c  offsetof(Packet,
 6028 20696e66 6f5f7665 63746f72 29000000   info_vector)...
 6038 4d585f4e 554d5f4e 4f444553 00000000  MX_NUM_NODES....
 6048 4d585f47 454e4552 4154494f 4e5f5349  MX_GENERATION_SI
 6058 5a450000 4d585f50 41594c4f 41445f53  ZE..MX_PAYLOAD_S
 6068 495a4500 4d585f53 4c4f545f 4c454e47  IZE.MX_SLOT_LENG
 6078 54480000 4750495f 46415354 5f434c4f  TH..GPI_FAST_CLO
 6088 434b5f52 41544500 4d585f52 4f554e44  CK_RATE.MX_ROUND
 6098 5f4c454e 47544800 4d585f49 4e495449  _LENGTH.MX_INITI
 60a8 41544f52 5f494400 4d585f41 47455f54  ATOR_ID.MX_AGE_T
 60b8 4f5f494e 434c5544 455f5052 4f424142  O_INCLUDE_PROBAB
 60c8 494c4954 59000000 4d585f41 47455f54  ILITY...MX_AGE_T
 60d8 4f5f5458 5f50524f 42414249 4c495459  O_TX_PROBABILITY
 60e8 00000000 4750495f 5449434b 5f4d535f  ....GPI_TICK_MS_
 60f8 544f5f48 59425249 44322831 29000000  TO_HYBRID2(1)...
 6108 4750495f 5449434b 5f55535f 544f5f48  GPI_TICK_US_TO_H
 6118 59425249 44322831 29000000 4d585f43  YBRID2(1)...MX_C
 6128 4f4f5244 494e4154 45445f54 58000000  OORDINATED_TX...
 6138 4d585f48 4953544f 52595f44 4953434f  MX_HISTORY_DISCO
 6148 56455259 5f424548 4156494f 52000000  VERY_BEHAVIOR...
 6158 4d585f52 45515545 53540000 4d585f52  MX_REQUEST..MX_R
 6168 45515545 53545f48 45555249 53544943  EQUEST_HEURISTIC
 6178 00000000 4d585f53 4d415254 5f534855  ....MX_SMART_SHU
 6188 54444f57 4e000000 4d585f53 4d415254  TDOWN...MX_SMART
 6198 5f534855 54444f57 4e5f4d4f 44450000  _SHUTDOWN_MODE..
 61a8 4d585f57 45414b5f 5a45524f 53000000  MX_WEAK_ZEROS...
 61b8 4d585f56 4552424f 53455f53 54415449  MX_VERBOSE_STATI
 61c8 53544943 53000000 4d585f50 48595f4d  STICS...MX_PHY_M
 61d8 4f444500 69203c20 28282028 73697a65  ODE.i < (( (size
 61e8 6f662870 6c616e74 7329202f 2073697a  of(plants) / siz
 61f8 656f6628 28706c61 6e747329 5b305d29  eof((plants)[0])
 6208 29202b20 28217369 7a656f66 28737472  ) + (!sizeof(str
 6218 75637420 5f5f6174 74726962 7574655f  uct __attribute_
 6228 5f282870 61636b65 64292920 7b20696e  _((packed)) { in
 6238 74385f74 20617373 65727469 6f6e5f66  t8_t assertion_f
 6248 61696c65 645f5f69 6e76616c 69645f41  ailed__invalid_A
 6258 52524159 5f53495a 455f7573 61676520  RRAY_SIZE_usage 
 6268 3a203820 2d203920 2a202128 215f5f62  : 8 - 9 * !(!__b
 6278 75696c74 696e5f74 79706573 5f636f6d  uiltin_types_com
 6288 70617469 626c655f 70287479 70656f66  patible_p(typeof
 6298 28706c61 6e747329 2c207479 70656f66  (plants), typeof
 62a8 28262870 6c616e74 73295b30 5d292929  (&(plants)[0])))
 62b8 3b207d29 29202920 2b203129 00000000  ; })) ) + 1)....
 62c8 36353533 35203d3d 206d782e 6d617472  65535 == mx.matr
 62d8 69785b69 5d2e6269 7274685f 736c6f74  ix[i].birth_slot
 62e8 00000000 4e554c4c 20213d20 6d782e74  ....NULL != mx.t
 62f8 785f7265 73657276 65000000 09000b00  x_reserve.......
 6308 2f686f6d 652f636c 7a686f75 2f50726f  /home/clzhou/Pro
 6318 6a656374 20776f72 6b2f454c 45432d45  ject work/ELEC-E
 6328 38303034 2d4d6978 65722d50 726f6a65  8004-Mixer-Proje
 6338 63742d57 6f726b2f 6d697865 722f6d69  ct-Work/mixer/mi
 6348 7865722f 6d697865 725f6869 73746f72  xer/mixer_histor
 6358 792e6300 6e6f6465 5f696420 3c204d58  y.c.node_id < MX
 6368 5f4e554d 5f4e4f44 45530000 6c697374  _NUM_NODES..list
 6378 5f686561 642d3e6e 756d5f6e 6f646573  _head->num_nodes
 6388 203e2030 00000000 2f686f6d 652f636c   > 0..../home/cl
 6398 7a686f75 2f50726f 6a656374 20776f72  zhou/Project wor
 63a8 6b2f454c 45432d45 38303034 2d4d6978  k/ELEC-E8004-Mix
 63b8 65722d50 726f6a65 63742d57 6f726b2f  er-Project-Work/
 63c8 6d697865 722f6d69 7865722f 6d697865  mixer/mixer/mixe
 63d8 725f7072 6f636573 73696e67 2e630000  r_processing.c..
 63e8 64656e73 69747920 3c203235 36000000  density < 256...
 63f8 54782077 6974686f 75742064 61746120  Tx without data 
 6408 2d3e206d 75737420 6e6f7420 68617070  -> must not happ
 6418 656e0000 2f686f6d 652f636c 7a686f75  en../home/clzhou
 6428 2f50726f 6a656374 20776f72 6b2f454c  /Project work/EL
 6438 45432d45 38303034 2d4d6978 65722d50  EC-E8004-Mixer-P
 6448 726f6a65 63742d57 6f726b2f 6d697865  roject-Work/mixe
 6458 722f6d69 7865722f 61726d76 372d6d2f  r/mixer/armv7-m/
 6468 6d656d78 6f722e68 00000000 6e756d5f  memxor.h....num_
 6478 73726320 3c3d204d 454d584f 525f424c  src <= MEMXOR_BL
 6488 4f434b53 495a4500 41425328 6d782e72  OCKSIZE.ABS(mx.r
 6498 65717565 73742e68 656c705f 696e6465  equest.help_inde
 64a8 7829202d 20312021 3d206900 6d782e65  x) - 1 != i.mx.e
 64b8 6d707479 5f726f77 203e3d20 266d782e  mpty_row >= &mx.
 64c8 6d617472 69785b30 5d000000 00800000  matrix[0].......
 64d8 0040da4b 0051e353 bc550557 f757b058  .@.K.Q.S.U.W.W.X
 64e8 4359ba59 1c5a6f5a b65af35a 2f686f6d  CY.Y.ZoZ.Z.Z/hom
 64f8 652f636c 7a686f75 2f50726f 6a656374  e/clzhou/Project
 6508 20776f72 6b2f454c 45432d45 38303034   work/ELEC-E8004
 6518 2d4d6978 65722d50 726f6a65 63742d57  -Mixer-Project-W
 6528 6f726b2f 6d697865 722f6d69 7865722f  ork/mixer/mixer/
 6538 6e726635 32383430 2f6d6978 65725f74  nrf52840/mixer_t
 6548 72616e73 706f7274 5f626c65 2e630000  ransport_ble.c..
 6558 4e554c4c 20213d20 70730000 4d585f50  NULL != ps..MX_P
 6568 48595f4d 4f444520 3d3d2067 70695f72  HY_MODE == gpi_r
 6578 6164696f 5f676574 5f6d6f64 65282900  adio_get_mode().
 6588 4d41585f 50524f50 41474154 494f4e5f  MAX_PROPAGATION_
 6598 44454c41 59000000 52585f57 494e444f  DELAY...RX_WINDO
 65a8 575f494e 4352454d 454e5400 52585f57  W_INCREMENT.RX_W
 65b8 494e444f 575f4d49 4e000000 52585f57  INDOW_MIN...RX_W
 65c8 494e444f 575f4d41 58000000 47524944  INDOW_MAX...GRID
 65d8 5f445249 46545f46 494c5445 525f4449  _DRIFT_FILTER_DI
 65e8 56000000 47524944 5f544943 4b5f5550  V...GRID_TICK_UP
 65f8 44415445 5f444956 00000000 47524944  DATE_DIV....GRID
 6608 5f445249 46545f4d 41580000 54585f4f  _DRIFT_MAX..TX_O
 6618 46465345 545f4649 4c544552 5f444956  FFSET_FILTER_DIV
 6628 00000000 54585f4f 46465345 545f4d41  ....TX_OFFSET_MA
 6638 58000000 44524946 545f544f 4c455241  X...DRIFT_TOLERA
 6648 4e434500 52585f44 4d415f54 494d454f  NCE.RX_DMA_TIMEO
 6658 55540000 47524944 5f544f5f 4556454e  UT..GRID_TO_EVEN
 6668 545f4f46 46534554 00000000 4a495454  T_OFFSET....JITT
 6678 45525f54 4f4c4552 414e4345 00000000  ER_TOLERANCE....
 6688 5041434b 45545f41 49525f54 494d4500  PACKET_AIR_TIME.
 6698 52585f57 494e444f 57202f20 494e4352  RX_WINDOW / INCR
 66a8 454d454e 54000000 252d3235 73203d20  EMENT...%-25s = 
 66b8 25750a00 61697220 62797465 73202865  %u..air bytes (e
 66c8 78636c2e 20707265 202b2061 64722900  xcl. pre + adr).
 66d8 6d696e2e 20736c6f 74206c65 6e677468  min. slot length
 66e8 00000000 00010203 03040405 05060606  ................
 66f8 06060707 07070707 07070707 07070800  ................
 6708 3f201008 04020100 43000000 504f5349  ? ......C...POSI
 6718 58000000 20202020 20202020 20682828  X...         h((
 6728 28282020 20202020 20202020 20202020  ((              
 6738 20202020 48101010 10101010 10101010      H...........
 6748 10101010 84848484 84848484 84841010  ................
 6758 10101010 10818181 81818101 01010101  ................
 6768 01010101 01010101 01010101 01010110  ................
 6778 10101010 10828282 82828202 02020202  ................
 6788 02020202 02020202 02020202 02020210  ................
 6798 10101020 00070320 04170201 08571040  ... ... .....W.@
 67a8 80000000 10670000 14680000 28690000  .....g...h..(i..
 67b8 53756e00 4d6f6e00 54756500 57656400  Sun.Mon.Tue.Wed.
 67c8 54687500 46726900 53617400 00000000  Thu.Fri.Sat.....
 67d8 4a616e00 46656200 4d617200 41707200  Jan.Feb.Mar.Apr.
 67e8 4d617900 4a756e00 4a756c00 41756700  May.Jun.Jul.Aug.
 67f8 53657000 4f637400 4e6f7600 44656300  Sep.Oct.Nov.Dec.
 6808 00000000 414d0050 4d000000 4c690000  ....AM.PM...Li..
 6818 48690000 48690000 48690000 48690000  Hi..Hi..Hi..Hi..
 6828 48690000 48690000 48690000 48690000  Hi..Hi..Hi..Hi..
 6838 48690000 ffffffff ffffffff ffffffff  Hi..............
 6848 ffff0000 88680000 b8670000 c4680000  .....h...g...h..
 6858 d8670000 0c680000 6c680000 1c690000  .g...h..lh...i..
 6868 78680000 256d2f25 642f2579 00000000  xh..%m/%d/%y....
 6878 25612025 62202565 20255420 25590000  %a %b %e %T %Y..
 6888 53756e64 6179004d 6f6e6461 79005475  Sunday.Monday.Tu
 6898 65736461 79005765 646e6573 64617900  esday.Wednesday.
 68a8 54687572 73646179 00467269 64617900  Thursday.Friday.
 68b8 53617475 72646179 00000000 4a616e75  Saturday....Janu
 68c8 61727900 46656272 75617279 004d6172  ary.February.Mar
 68d8 63680041 7072696c 004d6179 004a756e  ch.April.May.Jun
 68e8 65004a75 6c790041 75677573 74005365  e.July.August.Se
 68f8 7074656d 62657200 4f63746f 62657200  ptember.October.
 6908 4e6f7665 6d626572 00446563 656d6265  November.Decembe
 6918 72000000 25483a25 4d3a2553 00000000  r...%H:%M:%S....
 6928 c94d0000 e54d0000 f14d0000 fd4d0000  .M...M...M...M..
 6938 194e0000 254e0000 314e0000 3f4e0000  .N..%N..1N..?N..
 6948 00000000 2e000000 30313233 34353637  ........01234567
 6958 38396162 63646566 30313233 34353637  89abcdef01234567
 6968 38394142 43444546 286e756c 6c2900    89ABCDEF(null). 
Contents of section .data:
 20000000 0090d003 00000000 06000000 00000000  ................
 20000010 00000000 00000000 00000000 00000000  ................
 20000020 00000000 00000000 00032de9 f01f91e8  ..........-.....
 20000030 e01fd0f8 00105cf8 044b5bf8 043b81ea  ......\..K[..;..
 20000040 040181ea 03015af8 044b59f8 043b81ea  ......Z..KY..;..
 20000050 040181ea 030158f8 044b57f8 043b81ea  ......X..KW..;..
 20000060 040181ea 030156f8 044b55f8 043b81ea  ......V..KU..;..
 20000070 040181ea 030140f8 041bb2f1 04023ff7  ......@.......?.
 20000080 d8afbde8 f01f7047 01000000 ac670000  ......pG.....g..
 20000090 ac670000 ac670000 ac670000 ac670000  .g...g...g...g..

Disassembly of section .rodata:

000058b8 <__ctors_end__>:
    58b8:	746c6f42 	.word	0x746c6f42
    58bc:	6e616320 	.word	0x6e616320
    58c0:	20746f6e 	.word	0x20746f6e
    58c4:	69206562 	.word	0x69206562
    58c8:	6974696e 	.word	0x6974696e
    58cc:	7a696c61 	.word	0x7a696c61
    58d0:	0a216465 	.word	0x0a216465
    58d4:	00000000 	.word	0x00000000
    58d8:	64726148 	.word	0x64726148
    58dc:	65726177 	.word	0x65726177
    58e0:	696e6920 	.word	0x696e6920
    58e4:	6c616974 	.word	0x6c616974
    58e8:	64657a69 	.word	0x64657a69
    58ec:	6f43202e 	.word	0x6f43202e
    58f0:	6c69706d 	.word	0x6c69706d
    58f4:	61206465 	.word	0x61206465
    58f8:	5f5f2074 	.word	0x5f5f2074
    58fc:	45544144 	.word	0x45544144
    5900:	5f205f5f 	.word	0x5f205f5f
    5904:	4d49545f 	.word	0x4d49545f
    5908:	205f5f45 	.word	0x205f5f45
    590c:	614d203d 	.word	0x614d203d
    5910:	34202072 	.word	0x34202072
    5914:	32303220 	.word	0x32303220
    5918:	31302036 	.word	0x31302036
    591c:	3a37343a 	.word	0x3a37343a
    5920:	000a3535 	.word	0x000a3535

00005924 <.LC3>:
    5924:	343a3130 	.word	0x343a3130
    5928:	35353a37 	.word	0x35353a37
    592c:	00000000 	.word	0x00000000
    5930:	73726576 	.word	0x73726576
    5934:	206e6f69 	.word	0x206e6f69
    5938:	68736168 	.word	0x68736168
    593c:	25203d20 	.word	0x25203d20
    5940:	00000a75 	.word	0x00000a75
    5944:	5f534f54 	.word	0x5f534f54
    5948:	45444f4e 	.word	0x45444f4e
    594c:	2044495f 	.word	0x2044495f
    5950:	20746f6e 	.word	0x20746f6e
    5954:	2e746573 	.word	0x2e746573
    5958:	746e6520 	.word	0x746e6520
    595c:	76207265 	.word	0x76207265
    5960:	65756c61 	.word	0x65756c61
    5964:	0000203a 	.word	0x0000203a
    5968:	534f540a 	.word	0x534f540a
    596c:	444f4e5f 	.word	0x444f4e5f
    5970:	44495f45 	.word	0x44495f45
    5974:	74657320 	.word	0x74657320
    5978:	206f7420 	.word	0x206f7420
    597c:	000a7525 	.word	0x000a7525
    5980:	74736552 	.word	0x74736552
    5984:	69747261 	.word	0x69747261
    5988:	7320676e 	.word	0x7320676e
    598c:	65747379 	.word	0x65747379
    5990:	2e2e2e6d 	.word	0x2e2e2e6d
    5994:	0000000a 	.word	0x0000000a
    5998:	72617473 	.word	0x72617473
    599c:	676e6974 	.word	0x676e6974
    59a0:	646f6e20 	.word	0x646f6e20
    59a4:	75252065 	.word	0x75252065
    59a8:	2e2e2e20 	.word	0x2e2e2e20
    59ac:	0000000a 	.word	0x0000000a
    59b0:	646e6172 	.word	0x646e6172
    59b4:	73206d6f 	.word	0x73206d6f
    59b8:	20646565 	.word	0x20646565
    59bc:	20726f66 	.word	0x20726f66
    59c0:	6578694d 	.word	0x6578694d
    59c4:	73692072 	.word	0x73692072
    59c8:	0a752520 	.word	0x0a752520
    59cc:	00000000 	.word	0x00000000
    59d0:	20212121 	.word	0x20212121
    59d4:	494e4150 	.word	0x494e4150
    59d8:	6e203a43 	.word	0x6e203a43
    59dc:	2065646f 	.word	0x2065646f
    59e0:	7070616d 	.word	0x7070616d
    59e4:	20676e69 	.word	0x20676e69
    59e8:	20746f6e 	.word	0x20746f6e
    59ec:	6e756f66 	.word	0x6e756f66
    59f0:	6f662064 	.word	0x6f662064
    59f4:	6f6e2072 	.word	0x6f6e2072
    59f8:	25206564 	.word	0x25206564
    59fc:	21212075 	.word	0x21212075
    5a00:	00000a21 	.word	0x00000a21
    5a04:	7070616d 	.word	0x7070616d
    5a08:	70206465 	.word	0x70206465
    5a0c:	69737968 	.word	0x69737968
    5a10:	206c6163 	.word	0x206c6163
    5a14:	65646f6e 	.word	0x65646f6e
    5a18:	20752520 	.word	0x20752520
    5a1c:	6c206f74 	.word	0x6c206f74
    5a20:	6369676f 	.word	0x6369676f
    5a24:	69206c61 	.word	0x69206c61
    5a28:	75252064 	.word	0x75252064
    5a2c:	0000000a 	.word	0x0000000a
    5a30:	68205041 	.word	0x68205041
    5a34:	61207361 	.word	0x61207361
    5a38:	6d697420 	.word	0x6d697420
    5a3c:	69772065 	.word	0x69772065
    5a40:	776f646e 	.word	0x776f646e
    5a44:	20666f20 	.word	0x20666f20
    5a48:	75207525 	.word	0x75207525
    5a4c:	6f662073 	.word	0x6f662073
    5a50:	61632072 	.word	0x61632072
    5a54:	6c75636c 	.word	0x6c75636c
    5a58:	6f697461 	.word	0x6f697461
    5a5c:	6e61206e 	.word	0x6e61206e
    5a60:	72772064 	.word	0x72772064
    5a64:	6e697469 	.word	0x6e697469
    5a68:	6f742067 	.word	0x6f742067
    5a6c:	6c6f4220 	.word	0x6c6f4220
    5a70:	000a2e74 	.word	0x000a2e74
    5a74:	44492023 	.word	0x44492023
    5a78:	2075253a 	.word	0x2075253a
    5a7c:	00000000 	.word	0x00000000
    5a80:	6e756f72 	.word	0x6e756f72
    5a84:	75253d64 	.word	0x75253d64
    5a88:	6e617220 	.word	0x6e617220
    5a8c:	75253d6b 	.word	0x75253d6b
    5a90:	696e6920 	.word	0x696e6920
    5a94:	63654474 	.word	0x63654474
    5a98:	2075253d 	.word	0x2075253d
    5a9c:	6c727463 	.word	0x6c727463
    5aa0:	3d636544 	.word	0x3d636544
    5aa4:	70207525 	.word	0x70207525
    5aa8:	65446972 	.word	0x65446972
    5aac:	75253d63 	.word	0x75253d63
    5ab0:	746f6e20 	.word	0x746f6e20
    5ab4:	3d636544 	.word	0x3d636544
    5ab8:	77207525 	.word	0x77207525
    5abc:	3d6b6165 	.word	0x3d6b6165
    5ac0:	77207525 	.word	0x77207525
    5ac4:	466b6165 	.word	0x466b6165
    5ac8:	0a75253d 	.word	0x0a75253d
    5acc:	00000000 	.word	0x00000000
    5ad0:	72676761 	.word	0x72676761
    5ad4:	74616765 	.word	0x74616765
    5ad8:	25203a65 	.word	0x25203a65
    5adc:	20783230 	.word	0x20783230
    5ae0:	78323025 	.word	0x78323025
    5ae4:	32302520 	.word	0x32302520
    5ae8:	30252078 	.word	0x30252078
    5aec:	25207832 	.word	0x25207832
    5af0:	20783230 	.word	0x20783230
    5af4:	78323025 	.word	0x78323025
    5af8:	316e2820 	.word	0x316e2820
    5afc:	2075253d 	.word	0x2075253d
    5b00:	253d3170 	.word	0x253d3170
    5b04:	326e2075 	.word	0x326e2075
    5b08:	2075253d 	.word	0x2075253d
    5b0c:	253d3270 	.word	0x253d3270
    5b10:	336e2075 	.word	0x336e2075
    5b14:	2075253d 	.word	0x2075253d
    5b18:	253d3370 	.word	0x253d3370
    5b1c:	000a2975 	.word	0x000a2975
    5b20:	6f697270 	.word	0x6f697270
    5b24:	005b3d73 	.word	0x005b3d73
    5b28:	003b7525 	.word	0x003b7525
    5b2c:	00000a5d 	.word	0x00000a5d
    5b30:	54727563 	.word	0x54727563
    5b34:	67676972 	.word	0x67676972
    5b38:	5b3d7265 	.word	0x5b3d7265
    5b3c:	00000000 	.word	0x00000000
    5b40:	6b6e6172 	.word	0x6b6e6172
    5b44:	00005b3d 	.word	0x00005b3d
    5b48:	6c6c7566 	.word	0x6c6c7566
    5b4c:	6e61725f 	.word	0x6e61725f
    5b50:	005b3d6b 	.word	0x005b3d6b
    5b54:	69646172 	.word	0x69646172
    5b58:	005b3d6f 	.word	0x005b3d6f
    5b5c:	73726576 	.word	0x73726576
    5b60:	206e6f69 	.word	0x206e6f69
    5b64:	6d73696d 	.word	0x6d73696d
    5b68:	68637461 	.word	0x68637461
    5b6c:	3d692820 	.word	0x3d692820
    5b70:	0a297525 	.word	0x0a297525
    5b74:	00000000 	.word	0x00000000
    5b78:	d777affb 	.word	0xd777affb
    5b7c:	bf4f0e51 	.word	0xbf4f0e51
    5b80:	8fb53167 	.word	0x8fb53167
    5b84:	e8009dba 	.word	0xe8009dba
    5b88:	3c37201f 	.word	0x3c37201f
    5b8c:	ed113a98 	.word	0xed113a98
    5b90:	90a046ae 	.word	0x90a046ae
    5b94:	df395adc 	.word	0xdf395adc
    5b98:	8c12033b 	.word	0x8c12033b
    5b9c:	c4cba66f 	.word	0xc4cba66f
    5ba0:	5f7cf386 	.word	0x5f7cf386
    5ba4:	41c5b3de 	.word	0x41c5b3de
    5ba8:	0f2430b4 	.word	0x0f2430b4
    5bac:	82e92e6b 	.word	0x82e92e6b
    5bb0:	a17b1ea5 	.word	0xa17b1ea5
    5bb4:	106117d1 	.word	0x106117d1
    5bb8:	3ddb5b28 	.word	0x3ddb5b28
    5bbc:	6dd20a64 	.word	0x6dd20a64
    5bc0:	8a167ffa 	.word	0x8a167ffa
    5bc4:	43f46c1d 	.word	0x43f46c1d
    5bc8:	ccb209cf 	.word	0xccb209cf
    5bcc:	f97e624a 	.word	0xf97e624a
    5bd0:	4d2274a7 	.word	0x4d2274a7
    5bd4:	0579c8c1 	.word	0x0579c8c1
    5bd8:	23477114 	.word	0x23477114
    5bdc:	5eb60d80 	.word	0x5eb60d80
    5be0:	c7e3e219 	.word	0xc7e3e219
    5be4:	f5291b4b 	.word	0xf5291b4b
    5be8:	e12be0e6 	.word	0xe12be0e6
    5bec:	969b1ab1 	.word	0x969b1ab1
    5bf0:	73da8ed4 	.word	0x73da8ed4
    5bf4:	695849f1 	.word	0x695849f1
    5bf8:	ff3e7227 	.word	0xff3e7227
    5bfc:	d691c9c0 	.word	0xd691c9c0
    5c00:	94dd9ea8 	.word	0x94dd9ea8
    5c04:	540c7a9a 	.word	0x540c7a9a
    5c08:	8b2ca352 	.word	0x8b2ca352
    5c0c:	f2cdece4 	.word	0xf2cdece4
    5c10:	92bb0bd9 	.word	0x92bb0bd9
    5c14:	ef56409f 	.word	0xef56409f
    5c18:	c66a2ac3 	.word	0xc66a2ac3
    5c1c:	acb87076 	.word	0xacb87076
    5c20:	75ad0257 	.word	0x75ad0257
    5c24:	fdf7e5b0 	.word	0xfdf7e5b0
    5c28:	a463b989 	.word	0xa463b989
    5c2c:	422d9366 	.word	0x422d9366
    5c30:	d38d34e7 	.word	0xd38d34e7
    5c34:	eef6cec2 	.word	0xeef6cec2
    5c38:	f84e6e38 	.word	0xf84e6e38
    5c3c:	5dbdf03f 	.word	0x5dbdf03f
    5c40:	b735335c 	.word	0xb735335c
    5c44:	3248ab13 	.word	0x3248ab13
    5c48:	45656821 	.word	0x45656821
    5c4c:	7853fc08 	.word	0x7853fc08
    5c50:	3655874c 	.word	0x3655874c
    5c54:	d5bc7dca 	.word	0xd5bc7dca
    5c58:	d088eb60 	.word	0xd088eb60
    5c5c:	84be81a2 	.word	0x84be81a2
    5c60:	012f269c 	.word	0x012f269c
    5c64:	0418fe07 	.word	0x0418fe07
    5c68:	155983d8 	.word	0x155983d8
    5c6c:	9925851c 	.word	0x9925851c
    5c70:	44aa5095 	.word	0x44aa5095
    5c74:	97eaa906 	.word	0x97eaa906
    5c78:	746c6f42 	.word	0x746c6f42
    5c7c:	696e6920 	.word	0x696e6920
    5c80:	6c616974 	.word	0x6c616974
    5c84:	64657a69 	.word	0x64657a69
    5c88:	74697720 	.word	0x74697720
    5c8c:	656d2068 	.word	0x656d2068
    5c90:	67617373 	.word	0x67617373
    5c94:	69732065 	.word	0x69732065
    5c98:	2520657a 	.word	0x2520657a
    5c9c:	00000075 	.word	0x00000075
    5ca0:	6d6f682f 	.word	0x6d6f682f
    5ca4:	6c632f65 	.word	0x6c632f65
    5ca8:	756f687a 	.word	0x756f687a
    5cac:	6f72502f 	.word	0x6f72502f
    5cb0:	7463656a 	.word	0x7463656a
    5cb4:	726f7720 	.word	0x726f7720
    5cb8:	4c452f6b 	.word	0x4c452f6b
    5cbc:	452d4345 	.word	0x452d4345
    5cc0:	34303038 	.word	0x34303038
    5cc4:	78694d2d 	.word	0x78694d2d
    5cc8:	502d7265 	.word	0x502d7265
    5ccc:	656a6f72 	.word	0x656a6f72
    5cd0:	572d7463 	.word	0x572d7463
    5cd4:	2f6b726f 	.word	0x2f6b726f
    5cd8:	6578696d 	.word	0x6578696d
    5cdc:	70672f72 	.word	0x70672f72
    5ce0:	72612f69 	.word	0x72612f69
    5ce4:	6f6e2f6d 	.word	0x6f6e2f6d
    5ce8:	63696472 	.word	0x63696472
    5cec:	7070642f 	.word	0x7070642f
    5cf0:	6d6f6332 	.word	0x6d6f6332
    5cf4:	2f2e2e2f 	.word	0x2f2e2e2f
    5cf8:	3566726e 	.word	0x3566726e
    5cfc:	30343832 	.word	0x30343832
    5d00:	6461722f 	.word	0x6461722f
    5d04:	632e6f69 	.word	0x632e6f69
    5d08:	00000000 	.word	0x00000000
    5d0c:	6e616863 	.word	0x6e616863
    5d10:	206c656e 	.word	0x206c656e
    5d14:	31203d3e 	.word	0x31203d3e
    5d18:	00000031 	.word	0x00000031
    5d1c:	6e616863 	.word	0x6e616863
    5d20:	206c656e 	.word	0x206c656e
    5d24:	32203d3c 	.word	0x32203d3c
    5d28:	00000036 	.word	0x00000036
    5d2c:	6e616863 	.word	0x6e616863
    5d30:	206c656e 	.word	0x206c656e
    5d34:	33203d3c 	.word	0x33203d3c
    5d38:	00000039 	.word	0x00000039
    5d3c:	00000030 	.word	0x00000030
    5d40:	6d6f682f 	.word	0x6d6f682f
    5d44:	6c632f65 	.word	0x6c632f65
    5d48:	756f687a 	.word	0x756f687a
    5d4c:	6f72502f 	.word	0x6f72502f
    5d50:	7463656a 	.word	0x7463656a
    5d54:	726f7720 	.word	0x726f7720
    5d58:	4c452f6b 	.word	0x4c452f6b
    5d5c:	452d4345 	.word	0x452d4345
    5d60:	34303038 	.word	0x34303038
    5d64:	78694d2d 	.word	0x78694d2d
    5d68:	502d7265 	.word	0x502d7265
    5d6c:	656a6f72 	.word	0x656a6f72
    5d70:	572d7463 	.word	0x572d7463
    5d74:	2f6b726f 	.word	0x2f6b726f
    5d78:	6578696d 	.word	0x6578696d
    5d7c:	70672f72 	.word	0x70672f72
    5d80:	74732f69 	.word	0x74732f69
    5d84:	5f6f6964 	.word	0x5f6f6964
    5d88:	73746567 	.word	0x73746567
    5d8c:	00632e6e 	.word	0x00632e6e
    5d90:	657a6973 	.word	0x657a6973
    5d94:	30203e20 	.word	0x30203e20
    5d98:	00000000 	.word	0x00000000

00005d9c <gpi_popcnt_lut>:
    5d9c:	02010100 03020201 03020201 04030302     ................
    5dac:	03020201 04030302 04030302 05040403     ................
    5dbc:	03020201 04030302 04030302 05040403     ................
    5dcc:	04030302 05040403 05040403 06050504     ................
    5ddc:	03020201 04030302 04030302 05040403     ................
    5dec:	04030302 05040403 05040403 06050504     ................
    5dfc:	04030302 05040403 05040403 06050504     ................
    5e0c:	05040403 06050504 06050504 07060605     ................
    5e1c:	03020201 04030302 04030302 05040403     ................
    5e2c:	04030302 05040403 05040403 06050504     ................
    5e3c:	04030302 05040403 05040403 06050504     ................
    5e4c:	05040403 06050504 06050504 07060605     ................
    5e5c:	04030302 05040403 05040403 06050504     ................
    5e6c:	05040403 06050504 06050504 07060605     ................
    5e7c:	05040403 06050504 06050504 07060605     ................
    5e8c:	06050504 07060605 07060605 08070706     ................
    5e9c:	6d6f682f 6c632f65 756f687a 6f72502f     /home/clzhou/Pro
    5eac:	7463656a 726f7720 4c452f6b 452d4345     ject work/ELEC-E
    5ebc:	34303038 78694d2d 502d7265 656a6f72     8004-Mixer-Proje
    5ecc:	572d7463 2f6b726f 6578696d 696d2f72     ct-Work/mixer/mi
    5edc:	2f726578 6578696d 00632e72 65646f6e     xer/mixer.c.node
    5eec:	2064695f 2028203c 7a697328 28666f65     _id < ( (sizeof(
    5efc:	65646f6e 2f202973 7a697320 28666f65     nodes) / sizeof(
    5f0c:	646f6e28 5b297365 29295d30 28202b20     (nodes)[0])) + (
    5f1c:	7a697321 28666f65 75727473 5f207463     !sizeof(struct _
    5f2c:	7474615f 75626972 5f5f6574 61702828     _attribute__((pa
    5f3c:	64656b63 7b202929 746e6920 20745f38     cked)) { int8_t 
    5f4c:	65737361 6f697472 61665f6e 64656c69     assertion_failed
    5f5c:	6e695f5f 696c6176 52415f64 5f594152     __invalid_ARRAY_
    5f6c:	455a4953 6173755f 3a206567 2d203820     SIZE_usage : 8 -
    5f7c:	2a203920 21282120 75625f5f 69746c69      9 * !(!__builti
    5f8c:	79745f6e 5f736570 706d6f63 62697461     n_types_compatib
    5f9c:	705f656c 70797428 28666f65 65646f6e     le_p(typeof(node
    5fac:	202c2973 65707974 2628666f 646f6e28     s), typeof(&(nod
    5fbc:	5b297365 29295d30 7d203b29 29202929     es)[0]))); })) )
    5fcc:	00000000 7366666f 666f7465 63615028     ....offsetof(Pac
    5fdc:	2c74656b 646f6320 5f676e69 74636576     ket, coding_vect
    5fec:	0029726f 35322d25 203d2073 000a6425     or).%-25s = %d..
    5ffc:	7366666f 666f7465 63615028 2c74656b     offsetof(Packet,
    600c:	79617020 64616f6c 00000029 7366666f      payload)...offs
    601c:	666f7465 63615028 2c74656b 666e6920     etof(Packet, inf
    602c:	65765f6f 726f7463 00000029 4e5f584d     o_vector)...MX_N
    603c:	4e5f4d55 5345444f 00000000 475f584d     UM_NODES....MX_G
    604c:	52454e45 4f495441 49535f4e 0000455a     ENERATION_SIZE..
    605c:	505f584d 4f4c5941 535f4441 00455a49     MX_PAYLOAD_SIZE.
    606c:	535f584d 5f544f4c 474e454c 00004854     MX_SLOT_LENGTH..
    607c:	5f495047 54534146 4f4c435f 525f4b43     GPI_FAST_CLOCK_R
    608c:	00455441 525f584d 444e554f 4e454c5f     ATE.MX_ROUND_LEN
    609c:	00485447 495f584d 4954494e 524f5441     GTH.MX_INITIATOR
    60ac:	0044495f 415f584d 545f4547 4e495f4f     _ID.MX_AGE_TO_IN
    60bc:	44554c43 52505f45 4241424f 54494c49     CLUDE_PROBABILIT
    60cc:	00000059 415f584d 545f4547 58545f4f     Y...MX_AGE_TO_TX
    60dc:	4f52505f 49424142 5954494c 00000000     _PROBABILITY....
    60ec:	5f495047 4b434954 5f534d5f 485f4f54     GPI_TICK_MS_TO_H
    60fc:	49524259 31283244 00000029 5f495047     YBRID2(1)...GPI_
    610c:	4b434954 5f53555f 485f4f54 49524259     TICK_US_TO_HYBRI
    611c:	31283244 00000029 435f584d 44524f4f     D2(1)...MX_COORD
    612c:	54414e49 545f4445 00000058 485f584d     INATED_TX...MX_H
    613c:	4f545349 445f5952 4f435349 59524556     ISTORY_DISCOVERY
    614c:	4845425f 4f495641 00000052 525f584d     _BEHAVIOR...MX_R
    615c:	45555145 00005453 525f584d 45555145     EQUEST..MX_REQUE
    616c:	485f5453 49525545 43495453 00000000     ST_HEURISTIC....
    617c:	535f584d 5452414d 5548535f 574f4454     MX_SMART_SHUTDOW
    618c:	0000004e 535f584d 5452414d 5548535f     N...MX_SMART_SHU
    619c:	574f4454 4f4d5f4e 00004544 575f584d     TDOWN_MODE..MX_W
    61ac:	5f4b4145 4f52455a 00000053 565f584d     EAK_ZEROS...MX_V
    61bc:	4f425245 535f4553 49544154 43495453     ERBOSE_STATISTIC
    61cc:	00000053 505f584d 4d5f5948 0045444f     S...MX_PHY_MODE.
    61dc:	203c2069 28202828 657a6973 7028666f     i < (( (sizeof(p
    61ec:	746e616c 2f202973 7a697320 28666f65     lants) / sizeof(
    61fc:	616c7028 2973746e 295d305b 202b2029     (plants)[0])) + 
    620c:	69732128 666f657a 72747328 20746375     (!sizeof(struct 
    621c:	74615f5f 62697274 5f657475 7028285f     __attribute__((p
    622c:	656b6361 20292964 6e69207b 745f3874     acked)) { int8_t
    623c:	73736120 69747265 665f6e6f 656c6961      assertion_faile
    624c:	695f5f64 6c61766e 415f6469 59415252     d__invalid_ARRAY
    625c:	5a49535f 73755f45 20656761 2038203a     _SIZE_usage : 8 
    626c:	2039202d 2821202a 625f5f21 746c6975     - 9 * !(!__built
    627c:	745f6e69 73657079 6d6f635f 69746170     in_types_compati
    628c:	5f656c62 79742870 666f6570 616c7028     ble_p(typeof(pla
    629c:	2973746e 7974202c 666f6570 70282628     nts), typeof(&(p
    62ac:	746e616c 305b2973 2929295d 297d203b     lants)[0]))); })
    62bc:	20292029 2931202b 00000000 33353536     ) ) + 1)....6553
    62cc:	3d3d2035 2e786d20 7274616d 695b7869     5 == mx.matrix[i
    62dc:	69622e5d 5f687472 746f6c73 00000000     ].birth_slot....
    62ec:	4c4c554e 203d2120 742e786d 65725f78     NULL != mx.tx_re
    62fc:	76726573 00000065                       serve...

00006304 <MX_DISCOVERY_EXIT_SLOT_LUT_3>:
    6304:	000b0009 6d6f682f 6c632f65 756f687a     ..../home/clzhou
    6314:	6f72502f 7463656a 726f7720 4c452f6b     /Project work/EL
    6324:	452d4345 34303038 78694d2d 502d7265     EC-E8004-Mixer-P
    6334:	656a6f72 572d7463 2f6b726f 6578696d     roject-Work/mixe
    6344:	696d2f72 2f726578 6578696d 69685f72     r/mixer/mixer_hi
    6354:	726f7473 00632e79 65646f6e 2064695f     story.c.node_id 
    6364:	584d203c 4d554e5f 444f4e5f 00005345     < MX_NUM_NODES..
    6374:	7473696c 6165685f 6e3e2d64 6e5f6d75     list_head->num_n
    6384:	7365646f 30203e20 00000000 6d6f682f     odes > 0..../hom
    6394:	6c632f65 756f687a 6f72502f 7463656a     e/clzhou/Project
    63a4:	726f7720 4c452f6b 452d4345 34303038      work/ELEC-E8004
    63b4:	78694d2d 502d7265 656a6f72 572d7463     -Mixer-Project-W
    63c4:	2f6b726f 6578696d 696d2f72 2f726578     ork/mixer/mixer/
    63d4:	6578696d 72705f72 7365636f 676e6973     mixer_processing
    63e4:	0000632e 736e6564 20797469 3532203c     .c..density < 25
    63f4:	00000036 77207854 6f687469 64207475     6...Tx without d
    6404:	20617461 6d203e2d 20747375 20746f6e     ata -> must not 
    6414:	70706168 00006e65 6d6f682f 6c632f65     happen../home/cl
    6424:	756f687a 6f72502f 7463656a 726f7720     zhou/Project wor
    6434:	4c452f6b 452d4345 34303038 78694d2d     k/ELEC-E8004-Mix
    6444:	502d7265 656a6f72 572d7463 2f6b726f     er-Project-Work/
    6454:	6578696d 696d2f72 2f726578 766d7261     mixer/mixer/armv
    6464:	2f6d2d37 786d656d 682e726f 00000000     7-m/memxor.h....
    6474:	5f6d756e 20637273 4d203d3c 4f584d45     num_src <= MEMXO
    6484:	4c425f52 534b434f 00455a49 28534241     R_BLOCKSIZE.ABS(
    6494:	722e786d 65757165 682e7473 5f706c65     mx.request.help_
    64a4:	65646e69 2d202978 21203120 0069203d     index) - 1 != i.
    64b4:	652e786d 7974706d 776f725f 203d3e20     mx.empty_row >= 
    64c4:	2e786d26 7274616d 305b7869 0000005d     &mx.matrix[0]...

000064d4 <LUT.12008>:
    64d4:	00008000 4bda4000 53e35100 570555bc     .....@.K.Q.S.U.W
    64e4:	58b057f7 59ba5943 5a6f5a1c 5af35ab6     .W.XCY.Y.ZoZ.Z.Z
    64f4:	6d6f682f 6c632f65 756f687a 6f72502f     /home/clzhou/Pro
    6504:	7463656a 726f7720 4c452f6b 452d4345     ject work/ELEC-E
    6514:	34303038 78694d2d 502d7265 656a6f72     8004-Mixer-Proje
    6524:	572d7463 2f6b726f 6578696d 696d2f72     ct-Work/mixer/mi
    6534:	2f726578 3566726e 30343832 78696d2f     xer/nrf52840/mix
    6544:	745f7265 736e6172 74726f70 656c625f     er_transport_ble
    6554:	0000632e 4c4c554e 203d2120 00007370     .c..NULL != ps..
    6564:	505f584d 4d5f5948 2045444f 67203d3d     MX_PHY_MODE == g
    6574:	725f6970 6f696461 7465675f 646f6d5f     pi_radio_get_mod
    6584:	00292865 5f58414d 504f5250 54414741     e().MAX_PROPAGAT
    6594:	5f4e4f49 414c4544 00000059 575f5852     ION_DELAY...RX_W
    65a4:	4f444e49 4e495f57 4d455243 00544e45     INDOW_INCREMENT.
    65b4:	575f5852 4f444e49 494d5f57 0000004e     RX_WINDOW_MIN...
    65c4:	575f5852 4f444e49 414d5f57 00000058     RX_WINDOW_MAX...
    65d4:	44495247 4952445f 465f5446 45544c49     GRID_DRIFT_FILTE
    65e4:	49445f52 00000056 44495247 4349545f     R_DIV...GRID_TIC
    65f4:	50555f4b 45544144 5649445f 00000000     K_UPDATE_DIV....
    6604:	44495247 4952445f 4d5f5446 00005841     GRID_DRIFT_MAX..
    6614:	4f5f5854 45534646 49465f54 5245544c     TX_OFFSET_FILTER
    6624:	5649445f 00000000 4f5f5854 45534646     _DIV....TX_OFFSE
    6634:	414d5f54 00000058 46495244 4f545f54     T_MAX...DRIFT_TO
    6644:	4152454c 0045434e 445f5852 545f414d     LERANCE.RX_DMA_T
    6654:	4f454d49 00005455 44495247 5f4f545f     IMEOUT..GRID_TO_
    6664:	4e455645 464f5f54 54455346 00000000     EVENT_OFFSET....
    6674:	5454494a 545f5245 52454c4f 45434e41     JITTER_TOLERANCE
    6684:	00000000 4b434150 415f5445 545f5249     ....PACKET_AIR_T
    6694:	00454d49 575f5852 4f444e49 202f2057     IME.RX_WINDOW / 
    66a4:	52434e49 4e454d45 00000054 35322d25     INCREMENT...%-25
    66b4:	203d2073 000a7525 20726961 65747962     s = %u..air byte
    66c4:	65282073 2e6c6378 65727020 61202b20     s (excl. pre + a
    66d4:	00297264 2e6e696d 6f6c7320 656c2074     dr).min. slot le
    66e4:	6874676e 00000000                       ngth....

000066ec <LUT1.11235>:
    66ec:	03020100 05040403 06060605 07070606     ................
    66fc:	07070707 07070707 00080707              ............

00006708 <LUT2.11236>:
    6708:	0810203f 00010204 00000043 49534f50     ? ......C...POSI
    6718:	00000058                                X...

0000671c <__RAL_ascii_ctype_map>:
    671c:	20202020 20202020 28286820 20202828              h((((  
    672c:	20202020 20202020 20202020 20202020                     
    673c:	10101048 10101010 10101010 10101010     H...............
    674c:	84848484 84848484 10108484 10101010     ................
    675c:	81818110 01818181 01010101 01010101     ................
    676c:	01010101 01010101 10010101 10101010     ................
    677c:	82828210 02828282 02020202 02020202     ................
    678c:	02020202 02020202 10020202 20101010     ............... 

0000679c <__RAL_ascii_ctype_mask>:
    679c:	20030700 01021704 40105708 00000080     ... .....W.@....

000067ac <__RAL_c_locale>:
    67ac:	00006710 00006814 00006928              .g...h..(i..

000067b8 <__RAL_c_locale_abbrev_day_names>:
    67b8:	006e7553 006e6f4d 00657554 00646557     Sun.Mon.Tue.Wed.
    67c8:	00756854 00697246 00746153 00000000     Thu.Fri.Sat.....

000067d8 <__RAL_c_locale_abbrev_month_names>:
    67d8:	006e614a 00626546 0072614d 00727041     Jan.Feb.Mar.Apr.
    67e8:	0079614d 006e754a 006c754a 00677541     May.Jun.Jul.Aug.
    67f8:	00706553 0074634f 00766f4e 00636544     Sep.Oct.Nov.Dec.
    6808:	00000000                                ....

0000680c <__RAL_c_locale_am_pm_indicator>:
    680c:	50004d41 0000004d                       AM.PM...

00006814 <__RAL_c_locale_data>:
    6814:	0000694c 00006948 00006948 00006948     Li..Hi..Hi..Hi..
    6824:	00006948 00006948 00006948 00006948     Hi..Hi..Hi..Hi..
    6834:	00006948 00006948 ffffffff ffffffff     Hi..Hi..........
    6844:	ffffffff 0000ffff 00006888 000067b8     .........h...g..
    6854:	000068c4 000067d8 0000680c 0000686c     .h...g...h..lh..
    6864:	0000691c 00006878                       .i..xh..

0000686c <__RAL_c_locale_date_format>:
    686c:	252f6d25 79252f64 00000000              %m/%d/%y....

00006878 <__RAL_c_locale_date_time_format>:
    6878:	25206125 65252062 20542520 00005925     %a %b %e %T %Y..

00006888 <__RAL_c_locale_day_names>:
    6888:	646e7553 4d007961 61646e6f 75540079     Sunday.Monday.Tu
    6898:	61647365 65570079 73656e64 00796164     esday.Wednesday.
    68a8:	72756854 79616473 69724600 00796164     Thursday.Friday.
    68b8:	75746153 79616472 00000000              Saturday....

000068c4 <__RAL_c_locale_month_names>:
    68c4:	756e614a 00797261 72626546 79726175     January.February
    68d4:	72614d00 41006863 6c697270 79614d00     .March.April.May
    68e4:	6e754a00 754a0065 4100796c 73756775     .June.July.Augus
    68f4:	65530074 6d657470 00726562 6f74634f     t.September.Octo
    6904:	00726562 65766f4e 7265626d 63654400     ber.November.Dec
    6914:	65626d65 00000072                       ember...

0000691c <__RAL_c_locale_time_format>:
    691c:	253a4825 53253a4d 00000000              %H:%M:%S....

00006928 <__RAL_codeset_ascii>:
    6928:	00004dc9 00004de5 00004df1 00004dfd     .M...M...M...M..
    6938:	00004e19 00004e25 00004e31 00004e3f     .N..%N..1N..?N..

00006948 <__RAL_data_empty_string>:
    6948:	00000000                                ....

0000694c <__RAL_data_utf8_period>:
    694c:	0000002e                                ....

00006950 <__RAL_hex_lc>:
    6950:	33323130 37363534 62613938 66656463     0123456789abcdef

00006960 <__RAL_hex_uc>:
    6960:	33323130 37363534 42413938 46454443     0123456789ABCDEF
    6970:	6c756e28                                 (null).

Disassembly of section .data:

20000000 <SystemCoreClock>:
20000000:	03d09000                                ....

20000004 <TOS_NODE_ID>:
// TOS_NODE_ID is a variable with very special handling: on FLOCKLAB and INDRIYA, its init value
// gets overridden with the id of the node in the testbed during device programming (by calling
// tos-set-symbol (a script) on the elf file). Thus, it is well suited as a node id variable.
// ATTENTION: it is important to have TOS_NODE_ID in .data (not in .bss), otherwise tos-set-symbol
// will not work
uint16_t __attribute__((section(".data")))	TOS_NODE_ID = 0;
20000004:	00000000                                ....

20000008 <bolt_agg_pkt>:
static bolt_pkt_t		bolt_agg_pkt = {.type = BOLT_AGG_DATA};
20000008:	00000006 00000000 00000000 00000000     ................
	...

20000029 <bolt_state>:
20000029:	                                         .

2000002a <memxor_block_core>:
// self-modifying code), so it is important to have it in data section
// NOTE: __attribute__((section("<name>"))) gets translated to .section <name>,<attributes>.
// With <name> = .data this causes a warning message because changing .data's attributes is
// not allowed. Since we don't want to do that anyway, we absorb the attribute specification
// into a comment by including a comment marker into <name>.
void __attribute__((naked, section(".data @"))) memxor_block_core(void *dest, /*const*/ void *src[], unsigned int size)
2000002a:	e92d 1ff0 	stmdb	sp!, {r4, r5, r6, r7, r8, r9, sl, fp, ip}
	//  6			1x4 + 1x2		30		((1*9 + 1*5 + 6) * 9/6)
	//  6			2x3				30		((2*7 + 6) * 9/6)
	//	5			1x5				30,6	((1*11 + 6) * 9/5)
	// => Using 8 pointers with pairwise interleaving appears as the fastest variant.

	__asm__ volatile
2000002e:	e891 1fe0 	ldmia.w	r1, {r5, r6, r7, r8, r9, sl, fp, ip}
20000032:	f8d0 1000 	ldr.w	r1, [r0]
20000036:	f85c 4b04 	ldr.w	r4, [ip], #4
2000003a:	f85b 3b04 	ldr.w	r3, [fp], #4
2000003e:	ea81 0104 	eor.w	r1, r1, r4
20000042:	ea81 0103 	eor.w	r1, r1, r3
20000046:	f85a 4b04 	ldr.w	r4, [sl], #4
2000004a:	f859 3b04 	ldr.w	r3, [r9], #4
2000004e:	ea81 0104 	eor.w	r1, r1, r4
20000052:	ea81 0103 	eor.w	r1, r1, r3
20000056:	f858 4b04 	ldr.w	r4, [r8], #4
2000005a:	f857 3b04 	ldr.w	r3, [r7], #4
2000005e:	ea81 0104 	eor.w	r1, r1, r4
20000062:	ea81 0103 	eor.w	r1, r1, r3
20000066:	f856 4b04 	ldr.w	r4, [r6], #4
2000006a:	f855 3b04 	ldr.w	r3, [r5], #4
2000006e:	ea81 0104 	eor.w	r1, r1, r4
20000072:	ea81 0103 	eor.w	r1, r1, r3
20000076:	f840 1b04 	str.w	r1, [r0], #4
2000007a:	f1b2 0204 	subs.w	r2, r2, #4
2000007e:	f73f afd8 	bgt.w	20000032 <memxor_block_core+0x8>
20000082:	e8bd 1ff0 	ldmia.w	sp!, {r4, r5, r6, r7, r8, r9, sl, fp, ip}
20000086:	4770      	bx	lr

20000088 <rand_state>:


//**************************************************************************************************
//***** Local (Static) Variables *******************************************************************

static uint32_t		rand_state = 1;
20000088:	0001 0000                                   ....

2000008c <__RAL_global_locale>:
2000008c:	67ac 0000 67ac 0000 67ac 0000 67ac 0000     .g...g...g...g..
2000009c:	67ac 0000                                   .g..
